response_id,submission_date,age,gender,department,region,tenure_months,engagement_score,nps_score,satisfaction_rating,effort_score,open_feedback
RESP-10000,2026-09-07 16:02:07.906048,36.0,Male,Sales,EMEA,31,4.8,3,2.0,7,Billing is a nightmare. I was overcharged twice and customer support was completely unresponsive. More details at https://internal-feedback-100.org/details.
RESP-10001,2026-08-23 08:13:07.906048,44.0,Female,Product,APAC,23,6.9,6,3.0,3,The UI update makes navigation horrible. Features crash constantly on Chrome.
RESP-10002,2026-08-21 19:34:07.906048,31.0,Male,Marketing,North America,5,7.0,7,4.0,4,"The application works fine, but performance slows down occasionally during peak hours."
RESP-10003,2026-06-26 01:00:07.906048,,Male,Customer Support,EMEA,12,5.2,8,4.0,3,The interface is standard. A few bugs here and there.
RESP-10004,2026-06-30 19:42:07.906048,21.0,Female,Engineering,EMEA,16,8.0,8,4.0,2,"The application works fine, but performance slows down occasionally during peak hours. You can reach my direct desk at +1-555-01104 to discuss."
RESP-10005,2026-09-02 01:43:07.906048,47.0,Non-Binary,Engineering,APAC,14,8.7,10,5.0,2,Customer support was very responsive and resolved my billing issue in 10 minutes.
RESP-10006,2026-07-11 21:45:07.906048,42.0,Male,Engineering,LATAM,5,8.1,8,2.0,6,"The application works fine, but performance slows down occasionally during peak hours."
RESP-10007,2026-07-22 22:36:07.906048,18.0,Female,Product,North America,62,6.3,6,4.0,3,Constant downtime and sync errors. Frustrating and unhelpful.
RESP-10008,2026-07-04 00:25:07.906048,63.0,Male,Customer Support,EMEA,35,4.6,7,3.0,4,"Support is fine, but response times could be improved."
RESP-10009,2026-07-08 12:06:07.906048,35.0,Female,Marketing,North America,16,4.3,5,3.0,3,Billing is a nightmare. I was overcharged twice and customer support was completely unresponsive.
RESP-10010,2026-08-29 17:29:07.906048,27.0,Male,Engineering,EMEA,28,6.4,5,2.0,4,The UI update makes navigation horrible. Features crash constantly on Chrome.
RESP-10011,2026-07-14 12:12:07.906048,21.0,Male,Product,North America,55,10.0,10,5.0,2,Great UI and clean design. Very satisfied with recent feature releases.
RESP-10012,2026-07-31 08:29:07.906048,33.0,Non-Binary,Marketing,North America,4,5.3,5,4.0,2,The UI update makes navigation horrible. Features crash constantly on Chrome.
RESP-10013,2026-07-04 14:11:07.906048,34.0,Male,Engineering,North America,7,5.9,3,3.0,5,Terrible experience. Pricing increased without notice and the software is laggy.
RESP-10014,2026-08-20 22:54:07.906048,37.0,Female,Engineering,EMEA,19,8.2,10,5.0,2,"Fast performance, excellent reliability, and helpful documentation. More details at https://internal-feedback-114.org/details."
RESP-10015,2026-08-25 11:38:07.906048,33.0,Male,Engineering,North America,39,7.5,9,4.0,3,Our account manager is fantastic. Keep up the great work!
RESP-10016,2026-07-23 11:50:07.906048,42.0,Female,Sales,APAC,1,5.7,8,4.0,4,"The application works fine, but performance slows down occasionally during peak hours."
RESP-10017,2026-08-30 13:38:07.906048,32.0,Male,Customer Support,EMEA,100,7.6,8,5.0,1,The interface is standard. A few bugs here and there.
RESP-10018,2026-07-12 12:46:07.906048,18.0,Male,Sales,North America,15,6.8,6,3.0,4,Customer service takes 4 days to reply. We are considering switching providers. More details at https://internal-feedback-118.org/details.
RESP-10019,2026-08-22 05:05:07.906048,34.0,Female,Sales,APAC,11,5.2,6,4.0,3,Constant downtime and sync errors. Frustrating and unhelpful.
RESP-10020,2026-08-25 15:18:07.906048,18.0,Female,Customer Support,North America,9,4.9,6,3.0,4,Terrible experience. Pricing increased without notice and the software is laggy.
RESP-10021,2026-09-16 02:52:07.906048,39.0,Male,Engineering,EMEA,5,6.9,9,,3,The software platform is exceptionally intuitive and saves our team hours. You can reach my direct desk at +1-555-01121 to discuss.
RESP-10022,2026-07-11 20:23:07.906048,26.0,Male,Sales,EMEA,38,7.3,7,5.0,3,"Features are acceptable, but pricing seems a bit high for small teams."
RESP-10023,2026-06-29 08:59:07.906048,37.0,Female,Sales,North America,75,5.5,5,3.0,4,The UI update makes navigation horrible. Features crash constantly on Chrome.
RESP-10024,2026-07-14 14:44:07.906048,49.0,Female,Sales,North America,13,3.3,2,2.0,6,Customer service takes 4 days to reply. We are considering switching providers.
RESP-10025,2026-07-01 23:57:07.906048,26.0,Female,Marketing,North America,74,6.4,7,5.0,2,"Features are acceptable, but pricing seems a bit high for small teams."
RESP-10026,2026-07-06 05:07:07.906048,46.0,Male,Engineering,LATAM,42,5.4,3,3.0,4,Terrible experience. Pricing increased without notice and the software is laggy.
RESP-10027,2026-07-21 00:16:07.906048,31.0,Female,Customer Support,EMEA,16,8.8,10,5.0,3,Great UI and clean design. Very satisfied with recent feature releases.
RESP-10028,2026-07-28 04:48:07.906048,,Male,Customer Support,EMEA,27,4.1,5,3.0,5,Billing is a nightmare. I was overcharged twice and customer support was completely unresponsive.
RESP-10029,2026-09-10 06:37:07.906048,32.0,Female,Engineering,EMEA,14,7.5,8,4.0,4,"Average experience overall. Does what it promises, nothing more, nothing less."
RESP-10030,2026-07-08 13:06:07.906048,27.0,Male,Customer Support,North America,20,5.9,6,4.0,3,The UI update makes navigation horrible. Features crash constantly on Chrome.
RESP-10031,2026-09-16 09:34:07.906048,42.0,Female,Engineering,EMEA,2,7.3,10,5.0,2,"Fast performance, excellent reliability, and helpful documentation."
RESP-10032,2026-09-01 20:30:07.906048,31.0,Male,Engineering,APAC,29,7.3,9,5.0,3,Our account manager is fantastic. Keep up the great work!
RESP-10033,2026-09-08 06:33:07.906048,27.0,Female,Product,North America,2,7.9,7,4.0,3,"Features are acceptable, but pricing seems a bit high for small teams."
RESP-10034,2026-09-12 14:10:07.906048,31.0,Male,Product,North America,41,9.6,9,5.0,2,The software platform is exceptionally intuitive and saves our team hours.
RESP-10035,2026-08-27 17:35:07.906048,35.0,Female,Marketing,North America,42,7.7,6,4.0,4,Billing is a nightmare. I was overcharged twice and customer support was completely unresponsive.
RESP-10036,2026-08-30 22:20:07.906048,49.0,Male,Sales,EMEA,7,8.2,9,4.0,2,"Fast performance, excellent reliability, and helpful documentation."
RESP-10037,2026-07-30 08:16:07.906048,18.0,Male,Engineering,LATAM,10,6.1,5,2.0,6,The UI update makes navigation horrible. Features crash constantly on Chrome.
RESP-10038,2026-08-05 21:09:07.906048,36.0,Female,Customer Support,North America,16,6.0,8,3.0,4,The interface is standard. A few bugs here and there.
RESP-10039,2026-09-12 20:45:07.906048,42.0,Male,Sales,EMEA,22,6.2,8,4.0,3,"Features are acceptable, but pricing seems a bit high for small teams."
RESP-10040,2026-07-24 23:36:07.906048,37.0,Male,Engineering,North America,9,8.2,7,4.0,5,"Support is fine, but response times could be improved."
RESP-10041,2026-06-24 17:11:07.906048,,Female,Sales,LATAM,22,8.1,8,5.0,1,"Support is fine, but response times could be improved."
RESP-10042,2026-08-28 14:07:07.906048,35.0,Female,Engineering,North America,9,7.4,7,4.0,4,"Average experience overall. Does what it promises, nothing more, nothing less."
RESP-10043,2026-08-11 12:36:07.906048,34.0,Female,Product,EMEA,2,6.7,8,5.0,2,The interface is standard. A few bugs here and there.
RESP-10044,2026-09-02 06:42:07.906048,41.0,Male,Sales,APAC,1,6.8,9,5.0,2,Our account manager is fantastic. Keep up the great work!
RESP-10045,2026-06-27 17:46:07.906048,,Male,Customer Support,APAC,3,2.8,0,2.0,4,Constant downtime and sync errors. Frustrating and unhelpful.
RESP-10046,2026-08-15 20:26:07.906048,32.0,Female,Sales,EMEA,38,5.6,5,3.0,5,The UI update makes navigation horrible. Features crash constantly on Chrome.
RESP-10047,2026-07-13 05:37:07.906048,41.0,Male,Customer Support,North America,79,5.3,5,4.0,4,The UI update makes navigation horrible. Features crash constantly on Chrome.
RESP-10048,2026-09-10 05:38:07.906048,29.0,Male,Customer Support,North America,14,4.1,2,2.0,4,Billing is a nightmare. I was overcharged twice and customer support was completely unresponsive.
RESP-10049,2026-06-30 19:59:07.906048,29.0,Male,Engineering,North America,18,9.3,9,5.0,2,The software platform is exceptionally intuitive and saves our team hours.
RESP-10050,2026-09-04 19:36:07.906048,30.0,Male,Product,North America,4,5.7,6,4.0,3,The UI update makes navigation horrible. Features crash constantly on Chrome.
RESP-10051,2026-06-28 21:51:07.906048,49.0,Non-Binary,Marketing,EMEA,20,6.3,6,4.0,4,Customer service takes 4 days to reply. We are considering switching providers.
RESP-10052,2026-06-23 04:47:07.906048,18.0,Male,Product,North America,4,7.7,5,2.0,6,Customer service takes 4 days to reply. We are considering switching providers.
RESP-10053,2026-07-12 02:18:07.906048,39.0,Female,Product,North America,23,9.3,10,5.0,2,"Fast performance, excellent reliability, and helpful documentation."
RESP-10054,2026-07-20 21:57:07.906048,36.0,Male,Customer Support,EMEA,65,5.5,6,3.0,5,Constant downtime and sync errors. Frustrating and unhelpful.
RESP-10055,2026-08-16 07:53:07.906048,19.0,Male,Product,LATAM,6,8.7,9,4.0,5,The software platform is exceptionally intuitive and saves our team hours.
RESP-10056,2026-07-02 19:06:07.906048,39.0,Female,Engineering,EMEA,35,8.8,7,3.0,5,"The application works fine, but performance slows down occasionally during peak hours."
RESP-10057,2026-07-30 07:12:07.906048,40.0,Male,Engineering,North America,1,7.9,8,4.0,2,The interface is standard. A few bugs here and there.
RESP-10058,2026-07-09 07:47:07.906048,41.0,Male,Engineering,North America,12,6.1,6,3.0,4,Terrible experience. Pricing increased without notice and the software is laggy.
RESP-10059,2026-09-05 22:02:07.906048,18.0,Male,Sales,LATAM,3,3.8,1,1.0,6,Customer service takes 4 days to reply. We are considering switching providers.
RESP-10060,2026-06-24 23:42:07.906048,49.0,Female,Sales,North America,11,6.2,5,2.0,5,Billing is a nightmare. I was overcharged twice and customer support was completely unresponsive.
RESP-10061,2026-07-22 23:24:07.906048,28.0,Female,Sales,North America,5,5.2,6,4.0,4,Terrible experience. Pricing increased without notice and the software is laggy.
RESP-10062,2026-08-16 18:21:07.906048,42.0,Male,Marketing,EMEA,12,7.9,10,5.0,1,Customer support was very responsive and resolved my billing issue in 10 minutes.
RESP-10063,2026-09-11 02:51:07.906048,43.0,Male,Sales,EMEA,13,7.1,8,4.0,3,"The application works fine, but performance slows down occasionally during peak hours."
RESP-10064,2026-09-07 01:26:07.906048,27.0,Female,Sales,EMEA,9,5.7,7,5.0,1,"Features are acceptable, but pricing seems a bit high for small teams."
RESP-10065,2026-09-09 12:11:07.906048,42.0,Male,Customer Support,North America,26,3.8,4,3.0,5,Constant downtime and sync errors. Frustrating and unhelpful.
RESP-10066,2026-06-26 14:20:07.906048,32.0,Male,Engineering,North America,61,8.5,8,4.0,2,"Average experience overall. Does what it promises, nothing more, nothing less."
RESP-10067,2026-09-04 14:58:07.906048,18.0,Female,Marketing,LATAM,13,5.0,7,3.0,4,"Average experience overall. Does what it promises, nothing more, nothing less."
RESP-10068,2026-08-30 03:11:07.906048,47.0,Female,Engineering,North America,6,6.6,9,4.0,3,Our account manager is fantastic. Keep up the great work!
RESP-10069,2026-09-10 03:50:07.906048,28.0,Female,Product,EMEA,8,5.8,8,5.0,3,The interface is standard. A few bugs here and there.
RESP-10070,2026-07-18 23:35:07.906048,27.0,Non-Binary,Marketing,APAC,47,6.3,5,,3,Billing is a nightmare. I was overcharged twice and customer support was completely unresponsive.
RESP-10071,2026-09-10 23:59:07.906048,31.0,Female,Engineering,EMEA,21,9.5,9,4.0,3,Great UI and clean design. Very satisfied with recent feature releases.
RESP-10072,2026-07-27 04:17:07.906048,38.0,Female,Engineering,North America,15,7.7,8,4.0,3,"Features are acceptable, but pricing seems a bit high for small teams."
RESP-10073,2026-08-17 00:14:07.906048,35.0,Female,Marketing,North America,4,5.8,5,3.0,4,The UI update makes navigation horrible. Features crash constantly on Chrome.
RESP-10074,2026-07-29 02:48:07.906048,41.0,Female,Marketing,EMEA,15,4.2,5,3.0,4,Billing is a nightmare. I was overcharged twice and customer support was completely unresponsive.
RESP-10075,2026-07-29 10:18:07.906048,22.0,Female,Marketing,APAC,8,7.3,9,4.0,4,The software platform is exceptionally intuitive and saves our team hours.
RESP-10076,2026-08-09 03:19:07.906048,28.0,Female,Marketing,LATAM,69,5.3,7,4.0,4,The interface is standard. A few bugs here and there.
RESP-10077,2026-07-22 23:23:07.906048,34.0,Male,Engineering,North America,52,7.9,10,5.0,2,Customer support was very responsive and resolved my billing issue in 10 minutes.
RESP-10078,2026-08-31 06:53:07.906048,54.0,Male,Sales,North America,3,5.5,5,3.0,5,Constant downtime and sync errors. Frustrating and unhelpful.
RESP-10079,2026-08-16 23:14:07.906048,34.0,Female,Engineering,LATAM,18,9.0,7,4.0,3,The interface is standard. A few bugs here and there.
RESP-10080,2026-08-22 00:27:07.906048,46.0,Female,Product,APAC,7,7.1,8,4.0,4,"Support is fine, but response times could be improved."
RESP-10081,2026-07-11 17:37:07.906048,36.0,Non-Binary,Customer Support,APAC,13,5.4,8,5.0,1,The interface is standard. A few bugs here and there.
RESP-10082,2026-09-16 04:51:07.906048,31.0,Female,Sales,North America,51,6.7,6,4.0,2,The UI update makes navigation horrible. Features crash constantly on Chrome.
RESP-10083,2026-08-19 08:33:07.906048,33.0,Female,Engineering,EMEA,18,10.0,10,5.0,2,"Fast performance, excellent reliability, and helpful documentation."
RESP-10084,2026-07-08 16:31:07.906048,34.0,Female,Sales,APAC,10,7.3,8,4.0,3,"Features are acceptable, but pricing seems a bit high for small teams."
RESP-10085,2026-08-27 11:38:07.906048,42.0,Female,Sales,EMEA,6,5.9,6,4.0,4,Constant downtime and sync errors. Frustrating and unhelpful.
RESP-10086,2026-07-06 13:48:07.906048,49.0,Male,Marketing,EMEA,39,6.5,7,3.0,5,"Average experience overall. Does what it promises, nothing more, nothing less."
RESP-10087,2026-06-26 15:29:07.906048,39.0,Female,Customer Support,North America,24,4.7,3,3.0,5,Terrible experience. Pricing increased without notice and the software is laggy. You can reach my direct desk at +1-555-01187 to discuss.
RESP-10088,2026-08-07 10:05:07.906048,47.0,Male,Product,EMEA,16,5.9,2,1.0,6,Constant downtime and sync errors. Frustrating and unhelpful.
RESP-10089,2026-08-09 18:11:07.906048,26.0,Female,Sales,North America,6,5.2,4,2.0,6,Billing is a nightmare. I was overcharged twice and customer support was completely unresponsive.
RESP-10090,2026-07-07 22:44:07.906048,31.0,Female,Engineering,EMEA,10,6.5,6,4.0,4,Billing is a nightmare. I was overcharged twice and customer support was completely unresponsive.
RESP-10091,2026-07-22 07:04:07.906048,28.0,Male,Marketing,LATAM,78,7.5,9,4.0,3,The software platform is exceptionally intuitive and saves our team hours.
RESP-10092,2026-09-14 01:26:07.906048,39.0,Female,Marketing,North America,18,4.9,5,2.0,5,Billing is a nightmare. I was overcharged twice and customer support was completely unresponsive.
RESP-10093,2026-07-16 14:11:07.906048,32.0,Male,Customer Support,APAC,13,7.5,7,4.0,3,"Features are acceptable, but pricing seems a bit high for small teams."
RESP-10094,2026-07-04 22:36:07.906048,43.0,Female,Marketing,North America,18,7.6,6,2.0,4,The UI update makes navigation horrible. Features crash constantly on Chrome.
RESP-10095,2026-09-18 06:31:07.906048,26.0,Male,Sales,EMEA,37,6.0,7,3.0,4,The interface is standard. A few bugs here and there.
RESP-10096,2026-07-18 03:33:07.906048,36.0,Female,Customer Support,LATAM,10,5.5,8,5.0,3,"Average experience overall. Does what it promises, nothing more, nothing less."
RESP-10097,2026-08-21 03:55:07.906048,42.0,Male,Sales,North America,5,5.2,7,4.0,4,"Support is fine, but response times could be improved."
RESP-10098,2026-07-11 18:45:07.906048,,Female,Engineering,North America,22,8.1,9,5.0,2,The software platform is exceptionally intuitive and saves our team hours.
RESP-10099,2026-08-09 10:50:07.906048,,Male,Engineering,EMEA,27,9.3,7,3.0,6,"Features are acceptable, but pricing seems a bit high for small teams."
RESP-10100,2026-07-25 16:57:07.906048,33.0,Female,Engineering,North America,30,6.6,6,3.0,4,Customer service takes 4 days to reply. We are considering switching providers.
RESP-10101,2026-09-15 11:35:07.906048,18.0,Male,Customer Support,APAC,52,3.2,6,4.0,5,Billing is a nightmare. I was overcharged twice and customer support was completely unresponsive.
RESP-10102,2026-07-29 21:26:07.906048,37.0,Female,Sales,LATAM,12,7.1,9,4.0,2,The software platform is exceptionally intuitive and saves our team hours. More details at https://internal-feedback-202.org/details.
RESP-10103,2026-08-12 12:23:07.906048,36.0,Male,Customer Support,EMEA,2,6.0,4,3.0,4,Billing is a nightmare. I was overcharged twice and customer support was completely unresponsive.
RESP-10104,2026-09-13 23:16:07.906048,35.0,Female,Product,North America,77,5.6,6,4.0,3,The UI update makes navigation horrible. Features crash constantly on Chrome.
RESP-10105,2026-09-17 23:19:07.906048,45.0,Female,Engineering,EMEA,14,6.6,7,3.0,5,"Average experience overall. Does what it promises, nothing more, nothing less."
RESP-10106,2026-06-30 02:09:07.906048,43.0,Male,Sales,APAC,24,4.7,4,3.0,4,Terrible experience. Pricing increased without notice and the software is laggy.
RESP-10107,2026-09-04 00:42:07.906048,38.0,Female,Marketing,North America,27,5.4,2,2.0,6,
RESP-10108,2026-07-25 07:57:07.906048,40.0,Female,Engineering,EMEA,19,7.2,7,3.0,5,The interface is standard. A few bugs here and there. Contact me at user208@example.com if you want more details.
RESP-10109,2026-08-13 11:24:07.906048,34.0,Non-Binary,Engineering,EMEA,6,7.3,6,2.0,6,Billing is a nightmare. I was overcharged twice and customer support was completely unresponsive.
RESP-10110,2026-07-24 16:41:07.906048,,Non-Binary,Sales,EMEA,34,5.0,4,3.0,4,
RESP-10111,2026-07-27 00:59:07.906048,21.0,Female,Engineering,North America,40,6.6,6,5.0,2,Customer service takes 4 days to reply. We are considering switching providers.
RESP-10112,2026-07-05 05:42:07.906048,37.0,Male,Product,APAC,20,7.0,7,4.0,2,"Support is fine, but response times could be improved."
RESP-10113,2026-08-11 11:45:07.906048,36.0,Male,Marketing,North America,17,6.8,7,5.0,1,"Average experience overall. Does what it promises, nothing more, nothing less."
RESP-10114,2026-08-09 03:29:07.906048,44.0,Female,Customer Support,North America,3,5.0,4,2.0,5,Customer service takes 4 days to reply. We are considering switching providers.
RESP-10115,2026-07-07 23:35:07.906048,27.0,Male,Product,APAC,3,9.0,9,5.0,3,"Fast performance, excellent reliability, and helpful documentation."
RESP-10116,2026-08-08 16:43:07.906048,18.0,Male,Marketing,APAC,10,7.3,5,4.0,3,Constant downtime and sync errors. Frustrating and unhelpful.
RESP-10117,2026-09-16 12:29:07.906048,37.0,Prefer not to say,Engineering,North America,9,5.3,6,3.0,5,Customer service takes 4 days to reply. We are considering switching providers.
RESP-10118,2026-08-24 05:42:07.906048,38.0,Female,Product,North America,74,8.1,4,2.0,6,Terrible experience. Pricing increased without notice and the software is laggy.
RESP-10119,2026-08-03 05:30:07.906048,50.0,Male,Customer Support,North America,37,6.4,6,4.0,4,Billing is a nightmare. I was overcharged twice and customer support was completely unresponsive.
RESP-10120,2026-09-11 09:19:07.906048,23.0,Female,Marketing,North America,26,5.8,7,5.0,2,The interface is standard. A few bugs here and there. More details at https://internal-feedback-220.org/details.
RESP-10121,2026-08-11 17:15:07.906048,47.0,Female,Product,North America,18,5.1,4,3.0,4,Billing is a nightmare. I was overcharged twice and customer support was completely unresponsive.
RESP-10122,2026-07-03 02:17:07.906048,59.0,Female,Sales,North America,5,6.0,7,3.0,4,The interface is standard. A few bugs here and there.
RESP-10123,2026-08-09 05:12:07.906048,32.0,Prefer not to say,Engineering,EMEA,93,7.7,9,4.0,2,Our account manager is fantastic. Keep up the great work!
RESP-10124,2026-07-07 05:29:07.906048,23.0,Male,Engineering,APAC,12,6.0,1,3.0,6,Constant downtime and sync errors. Frustrating and unhelpful. You can reach my direct desk at +1-555-01224 to discuss.
RESP-10125,2026-08-29 00:23:07.906048,31.0,Male,Sales,EMEA,3,3.8,4,3.0,4,Billing is a nightmare. I was overcharged twice and customer support was completely unresponsive.
RESP-10126,2026-09-15 23:40:07.906048,,Male,Marketing,EMEA,17,6.4,2,1.0,6,The UI update makes navigation horrible. Features crash constantly on Chrome.
RESP-10127,2026-07-23 09:57:07.906048,41.0,Female,Product,North America,50,7.0,7,3.0,3,The interface is standard. A few bugs here and there.
RESP-10128,2026-07-30 02:00:07.906048,30.0,Female,Engineering,LATAM,53,7.1,7,3.0,6,The interface is standard. A few bugs here and there. Contact me at user228@example.com if you want more details.
RESP-10129,2026-07-28 21:00:07.906048,51.0,Female,Customer Support,APAC,1,5.4,2,2.0,6,Customer service takes 4 days to reply. We are considering switching providers.
RESP-10130,2026-07-16 14:49:07.906048,24.0,Female,Sales,APAC,53,4.3,7,4.0,2,The interface is standard. A few bugs here and there.
RESP-10131,2026-08-31 10:00:07.906048,18.0,Male,Engineering,APAC,8,7.0,7,4.0,3,"Features are acceptable, but pricing seems a bit high for small teams."
RESP-10132,2026-08-15 12:52:07.906048,47.0,Male,Engineering,LATAM,1,8.5,7,4.0,4,"Features are acceptable, but pricing seems a bit high for small teams."
RESP-10133,2026-06-26 16:56:07.906048,18.0,Female,Sales,EMEA,46,5.5,8,3.0,6,"Support is fine, but response times could be improved."
RESP-10134,2026-09-04 10:24:07.906048,33.0,Female,Product,North America,48,4.8,2,2.0,6,Terrible experience. Pricing increased without notice and the software is laggy.
RESP-10135,2026-07-07 18:41:07.906048,67.0,Female,Sales,EMEA,22,5.3,3,3.0,6,Billing is a nightmare. I was overcharged twice and customer support was completely unresponsive. Contact me at user235@example.com if you want more details.
RESP-10136,2026-09-17 01:32:07.906048,35.0,Female,Customer Support,APAC,21,3.9,0,1.0,7,Billing is a nightmare. I was overcharged twice and customer support was completely unresponsive.
RESP-10137,2026-07-24 20:10:07.906048,24.0,Male,Marketing,APAC,41,6.9,10,5.0,1,Our account manager is fantastic. Keep up the great work!
RESP-10138,2026-08-15 10:06:07.906048,35.0,Male,Sales,EMEA,38,6.5,7,3.0,5,"Features are acceptable, but pricing seems a bit high for small teams."
RESP-10139,2026-06-27 22:40:07.906048,35.0,Male,Product,North America,53,4.8,6,4.0,3,The UI update makes navigation horrible. Features crash constantly on Chrome.
RESP-10140,2026-07-21 23:03:07.906048,37.0,Female,Product,North America,20,8.4,9,5.0,1,Customer support was very responsive and resolved my billing issue in 10 minutes.
RESP-10141,2026-09-01 03:40:07.906048,42.0,Female,Sales,LATAM,83,4.3,5,3.0,4,Constant downtime and sync errors. Frustrating and unhelpful.
RESP-10142,2026-08-02 21:21:07.906048,25.0,Female,Sales,EMEA,120,8.3,8,4.0,4,
RESP-10143,2026-09-10 08:31:07.906048,52.0,Male,Sales,EMEA,3,5.9,6,2.0,5,Constant downtime and sync errors. Frustrating and unhelpful. More details at https://internal-feedback-243.org/details.
RESP-10144,2026-08-11 16:52:07.906048,38.0,Male,Sales,North America,46,4.1,4,4.0,3,Billing is a nightmare. I was overcharged twice and customer support was completely unresponsive.
RESP-10145,2026-09-12 12:17:07.906048,43.0,Female,Engineering,North America,17,6.0,5,3.0,5,The UI update makes navigation horrible. Features crash constantly on Chrome.
RESP-10146,2026-09-17 09:01:07.906048,29.0,Male,Customer Support,APAC,12,6.0,6,4.0,4,Billing is a nightmare. I was overcharged twice and customer support was completely unresponsive.
RESP-10147,2026-07-31 18:59:07.906048,48.0,Male,Customer Support,EMEA,23,4.9,5,3.0,4,The UI update makes navigation horrible. Features crash constantly on Chrome.
RESP-10148,2026-08-10 19:19:07.906048,33.0,Male,Engineering,APAC,2,7.6,8,4.0,3,The interface is standard. A few bugs here and there.
RESP-10149,2026-09-04 02:00:07.906048,38.0,Non-Binary,Sales,EMEA,17,8.4,6,3.0,2,Terrible experience. Pricing increased without notice and the software is laggy.
RESP-10150,2026-07-10 21:05:07.906048,26.0,Male,Product,EMEA,50,6.3,4,4.0,3,Terrible experience. Pricing increased without notice and the software is laggy.
RESP-10151,2026-09-06 11:42:07.906048,26.0,Male,Engineering,North America,6,7.8,9,4.0,2,Great UI and clean design. Very satisfied with recent feature releases.
RESP-10152,2026-08-13 05:07:07.906048,42.0,Female,Engineering,APAC,14,9.8,9,5.0,2,
RESP-10153,2026-08-25 05:39:07.906048,31.0,Female,Sales,EMEA,68,6.4,7,3.0,4,"Features are acceptable, but pricing seems a bit high for small teams. More details at https://internal-feedback-253.org/details."
RESP-10154,2026-06-28 03:04:07.906048,27.0,Female,Product,EMEA,14,4.9,3,1.0,7,The UI update makes navigation horrible. Features crash constantly on Chrome.
RESP-10155,2026-08-28 21:32:07.906048,29.0,Female,Engineering,EMEA,11,8.5,6,3.0,5,Terrible experience. Pricing increased without notice and the software is laggy.
RESP-10156,2026-07-18 21:52:07.906048,42.0,Male,Customer Support,LATAM,14,3.8,3,4.0,3,Customer service takes 4 days to reply. We are considering switching providers.
RESP-10157,2026-09-01 09:53:07.906048,29.0,Male,Marketing,North America,18,8.6,8,3.0,6,"Support is fine, but response times could be improved."
RESP-10158,2026-08-05 18:21:07.906048,34.0,Female,Engineering,APAC,24,6.5,6,3.0,5,Billing is a nightmare. I was overcharged twice and customer support was completely unresponsive. You can reach my direct desk at +1-555-01258 to discuss.
RESP-10159,2026-07-15 15:45:07.906048,36.0,Male,Marketing,North America,39,10.0,10,5.0,2,Our account manager is fantastic. Keep up the great work! More details at https://internal-feedback-259.org/details.
RESP-10160,2026-09-14 16:32:07.906048,18.0,Female,Sales,EMEA,15,8.2,8,4.0,2,The interface is standard. A few bugs here and there.
RESP-10161,2026-08-28 19:07:07.906048,21.0,Female,Customer Support,North America,41,4.3,7,4.0,2,"Support is fine, but response times could be improved."
RESP-10162,2026-09-17 15:39:07.906048,39.0,Female,Customer Support,North America,19,5.5,6,3.0,5,Terrible experience. Pricing increased without notice and the software is laggy.
RESP-10163,2026-07-23 17:50:07.906048,28.0,Female,Customer Support,EMEA,10,6.6,3,2.0,5,Billing is a nightmare. I was overcharged twice and customer support was completely unresponsive.
RESP-10164,2026-08-18 08:53:07.906048,46.0,Female,Engineering,North America,26,8.9,10,,1,Customer support was very responsive and resolved my billing issue in 10 minutes.
RESP-10165,2026-08-14 23:36:07.906048,45.0,Male,Marketing,EMEA,31,7.2,5,2.0,7,Billing is a nightmare. I was overcharged twice and customer support was completely unresponsive.
RESP-10166,2026-08-21 19:42:07.906048,43.0,Female,Sales,LATAM,20,7.9,8,4.0,3,The interface is standard. A few bugs here and there.
RESP-10167,2026-06-24 09:20:07.906048,54.0,Prefer not to say,Engineering,North America,2,7.5,6,3.0,5,Customer service takes 4 days to reply. We are considering switching providers.
RESP-10168,2026-07-17 04:41:07.906048,35.0,Female,Engineering,APAC,5,7.1,10,5.0,2,Customer support was very responsive and resolved my billing issue in 10 minutes.
RESP-10169,2026-09-10 18:45:07.906048,42.0,Female,Customer Support,EMEA,9,5.0,7,4.0,4,"Average experience overall. Does what it promises, nothing more, nothing less."
RESP-10170,2026-07-29 02:02:07.906048,30.0,Female,Customer Support,EMEA,8,6.8,6,2.0,5,The UI update makes navigation horrible. Features crash constantly on Chrome.
RESP-10171,2026-09-15 09:34:07.906048,60.0,Male,Engineering,North America,27,8.2,8,4.0,3,
RESP-10172,2026-07-10 03:45:07.906048,55.0,Female,Customer Support,North America,1,5.9,6,5.0,1,Terrible experience. Pricing increased without notice and the software is laggy.
RESP-10173,2026-09-18 17:01:07.906048,36.0,Male,Engineering,North America,34,8.9,10,4.0,3,"Fast performance, excellent reliability, and helpful documentation."
RESP-10174,2026-08-22 17:21:07.906048,39.0,Male,Customer Support,North America,8,2.4,2,3.0,4,The UI update makes navigation horrible. Features crash constantly on Chrome.
RESP-10175,2026-08-29 19:35:07.906048,49.0,Male,Engineering,North America,9,8.2,7,4.0,2,"The application works fine, but performance slows down occasionally during peak hours."
RESP-10176,2026-07-26 15:48:07.906048,34.0,Male,Customer Support,EMEA,19,5.8,5,3.0,6,Billing is a nightmare. I was overcharged twice and customer support was completely unresponsive.
RESP-10177,2026-09-10 13:43:07.906048,29.0,Female,Sales,APAC,6,8.5,8,3.0,3,"Average experience overall. Does what it promises, nothing more, nothing less."
RESP-10178,2026-08-09 00:46:07.906048,44.0,Female,Product,APAC,52,5.0,7,4.0,3,"Support is fine, but response times could be improved."
RESP-10179,2026-08-21 05:24:07.906048,36.0,Female,Engineering,EMEA,3,10.0,10,5.0,2,Customer support was very responsive and resolved my billing issue in 10 minutes.
RESP-10180,2026-06-29 11:22:07.906048,37.0,Male,Sales,North America,15,6.1,5,3.0,5,The UI update makes navigation horrible. Features crash constantly on Chrome.
RESP-10181,2026-08-16 19:00:07.906048,27.0,Female,Engineering,North America,46,8.4,9,5.0,3,Great UI and clean design. Very satisfied with recent feature releases.
RESP-10182,2026-09-08 01:23:07.906048,18.0,Female,Product,North America,23,9.8,9,5.0,2,Great UI and clean design. Very satisfied with recent feature releases.
RESP-10183,2026-07-06 23:40:07.906048,38.0,Non-Binary,Product,North America,9,8.1,9,5.0,1,Our account manager is fantastic. Keep up the great work!
RESP-10184,2026-08-26 08:04:07.906048,45.0,Female,Sales,EMEA,14,6.6,10,4.0,3,Our account manager is fantastic. Keep up the great work!
RESP-10185,2026-06-23 05:26:07.906048,33.0,Male,Customer Support,EMEA,30,5.9,5,3.0,5,Billing is a nightmare. I was overcharged twice and customer support was completely unresponsive.
RESP-10186,2026-09-12 07:10:07.906048,50.0,Male,Marketing,North America,87,5.8,7,5.0,1,"Features are acceptable, but pricing seems a bit high for small teams."
RESP-10187,2026-09-17 09:41:07.906048,28.0,Female,Customer Support,North America,54,5.5,4,3.0,3,Terrible experience. Pricing increased without notice and the software is laggy.
RESP-10188,2026-07-22 19:36:07.906048,25.0,Female,Customer Support,APAC,11,4.4,4,1.0,6,Terrible experience. Pricing increased without notice and the software is laggy.
RESP-10189,2026-06-30 13:51:07.906048,35.0,Female,Engineering,APAC,120,7.6,8,4.0,3,"Features are acceptable, but pricing seems a bit high for small teams."
RESP-10190,2026-08-19 05:06:07.906048,35.0,Male,Engineering,North America,1,4.2,4,2.0,6,Constant downtime and sync errors. Frustrating and unhelpful.
RESP-10191,2026-06-23 15:01:07.906048,43.0,Male,Product,LATAM,1,7.9,10,4.0,3,Our account manager is fantastic. Keep up the great work!
RESP-10192,2026-08-03 08:45:07.906048,,Male,Product,LATAM,42,7.1,7,3.0,4,"The application works fine, but performance slows down occasionally during peak hours."
RESP-10193,2026-07-15 09:37:07.906048,49.0,Male,Customer Support,North America,6,5.0,6,4.0,4,Billing is a nightmare. I was overcharged twice and customer support was completely unresponsive.
RESP-10194,2026-08-02 12:59:07.906048,55.0,Male,Sales,North America,2,6.3,3,2.0,6,Constant downtime and sync errors. Frustrating and unhelpful.
RESP-10195,2026-06-22 14:03:07.906048,35.0,Female,Sales,EMEA,7,3.8,4,2.0,5,The UI update makes navigation horrible. Features crash constantly on Chrome.
RESP-10196,2026-06-25 14:03:07.906048,48.0,Female,Marketing,LATAM,14,9.4,10,5.0,2,The software platform is exceptionally intuitive and saves our team hours.
RESP-10197,2026-06-22 09:05:07.906048,25.0,Male,Product,APAC,32,7.1,6,3.0,5,Terrible experience. Pricing increased without notice and the software is laggy.
RESP-10198,2026-08-15 15:54:07.906048,46.0,Female,Product,North America,24,7.1,3,2.0,6,Billing is a nightmare. I was overcharged twice and customer support was completely unresponsive.
RESP-10199,2026-08-10 08:23:07.906048,46.0,Female,Marketing,North America,7,5.1,5,3.0,3,Terrible experience. Pricing increased without notice and the software is laggy.
RESP-10200,2026-07-11 22:12:07.906048,44.0,Male,Customer Support,EMEA,17,5.5,6,3.0,4,Customer service takes 4 days to reply. We are considering switching providers.
RESP-10201,2026-08-18 03:19:07.906048,35.0,Female,Engineering,EMEA,63,9.8,10,5.0,3,Great UI and clean design. Very satisfied with recent feature releases.
RESP-10202,2026-09-08 12:28:07.906048,18.0,Male,Engineering,North America,41,9.3,10,5.0,3,Customer support was very responsive and resolved my billing issue in 10 minutes.
RESP-10203,2026-07-15 21:35:07.906048,29.0,Male,Product,APAC,10,8.6,8,4.0,3,"Support is fine, but response times could be improved."
RESP-10204,2026-09-03 19:41:07.906048,29.0,Female,Customer Support,EMEA,97,6.3,5,3.0,4,The UI update makes navigation horrible. Features crash constantly on Chrome.
RESP-10205,2026-08-19 13:36:07.906048,,Non-Binary,Engineering,APAC,30,7.2,5,4.0,3,Terrible experience. Pricing increased without notice and the software is laggy.
RESP-10206,2026-06-23 23:38:07.906048,37.0,Female,Engineering,APAC,2,5.5,6,4.0,2,Billing is a nightmare. I was overcharged twice and customer support was completely unresponsive.
RESP-10207,2026-07-24 16:54:07.906048,31.0,Female,Customer Support,APAC,1,5.2,6,4.0,4,The UI update makes navigation horrible. Features crash constantly on Chrome.
RESP-10208,2026-08-05 15:20:07.906048,27.0,Female,Engineering,EMEA,5,7.3,6,3.0,4,Constant downtime and sync errors. Frustrating and unhelpful.
RESP-10209,2026-08-25 19:03:07.906048,25.0,Female,Engineering,EMEA,32,9.3,10,5.0,1,Great UI and clean design. Very satisfied with recent feature releases.
RESP-10210,2026-07-16 18:47:07.906048,28.0,Male,Customer Support,North America,5,6.0,7,3.0,3,"Support is fine, but response times could be improved."
RESP-10211,2026-09-17 09:16:07.906048,47.0,Female,Customer Support,EMEA,18,7.9,8,5.0,2,The interface is standard. A few bugs here and there.
RESP-10212,2026-08-21 13:11:07.906048,29.0,Female,Customer Support,North America,3,7.3,6,3.0,3,The UI update makes navigation horrible. Features crash constantly on Chrome.
RESP-10213,2026-07-24 11:51:07.906048,30.0,Female,Engineering,EMEA,61,7.0,6,4.0,3,Terrible experience. Pricing increased without notice and the software is laggy.
RESP-10214,2026-06-29 16:09:07.906048,31.0,Male,Marketing,North America,11,3.8,0,1.0,6,Constant downtime and sync errors. Frustrating and unhelpful.
RESP-10215,2026-07-07 06:20:07.906048,39.0,Male,Engineering,North America,58,9.8,10,5.0,2,Customer support was very responsive and resolved my billing issue in 10 minutes.
RESP-10216,2026-08-03 19:48:07.906048,40.0,Female,Sales,North America,70,8.0,8,5.0,3,"Average experience overall. Does what it promises, nothing more, nothing less."
RESP-10217,2026-08-04 11:07:07.906048,18.0,Female,Marketing,North America,1,4.5,5,3.0,5,The UI update makes navigation horrible. Features crash constantly on Chrome. You can reach my direct desk at +1-555-01317 to discuss.
RESP-10218,2026-08-29 00:51:07.906048,46.0,Female,Customer Support,APAC,15,7.8,9,4.0,3,"Fast performance, excellent reliability, and helpful documentation."
RESP-10219,2026-08-25 07:07:07.906048,50.0,Female,Marketing,APAC,1,7.1,8,5.0,2,"The application works fine, but performance slows down occasionally during peak hours."
RESP-10220,2026-07-09 01:19:07.906048,25.0,Male,Customer Support,EMEA,58,5.7,6,3.0,6,Constant downtime and sync errors. Frustrating and unhelpful.
RESP-10221,2026-08-13 11:41:07.906048,26.0,Male,Customer Support,North America,18,7.9,8,4.0,4,"Support is fine, but response times could be improved."
RESP-10222,2026-06-22 19:07:07.906048,31.0,Female,Engineering,North America,2,9.7,8,3.0,5,"Average experience overall. Does what it promises, nothing more, nothing less."
RESP-10223,2026-07-26 19:26:07.906048,28.0,Female,Sales,North America,3,7.0,6,4.0,3,Billing is a nightmare. I was overcharged twice and customer support was completely unresponsive.
RESP-10224,2026-08-28 17:03:07.906048,38.0,Female,Sales,North America,12,6.7,7,4.0,3,"The application works fine, but performance slows down occasionally during peak hours."
RESP-10225,2026-07-26 21:31:07.906048,18.0,Male,Engineering,APAC,68,8.6,7,4.0,3,"Average experience overall. Does what it promises, nothing more, nothing less."
RESP-10226,2026-09-04 03:28:07.906048,24.0,Female,Product,North America,29,6.7,8,5.0,3,The interface is standard. A few bugs here and there.
RESP-10227,2026-09-16 19:04:07.906048,51.0,Prefer not to say,Sales,North America,49,5.9,5,2.0,6,Constant downtime and sync errors. Frustrating and unhelpful.
RESP-10228,2026-08-14 14:09:07.906048,26.0,Male,Product,North America,11,5.9,6,3.0,3,Billing is a nightmare. I was overcharged twice and customer support was completely unresponsive.
RESP-10229,2026-07-03 23:47:07.906048,48.0,Female,Customer Support,North America,2,5.0,5,3.0,4,Customer service takes 4 days to reply. We are considering switching providers.
RESP-10230,2026-07-25 02:41:07.906048,39.0,Male,Marketing,EMEA,88,6.0,7,3.0,6,
RESP-10231,2026-06-21 19:04:07.906048,18.0,Male,Customer Support,EMEA,1,4.5,6,2.0,7,Customer service takes 4 days to reply. We are considering switching providers.
RESP-10232,2026-08-14 04:28:07.906048,42.0,Male,Customer Support,North America,71,5.7,7,4.0,3,The interface is standard. A few bugs here and there.
RESP-10233,2026-09-02 21:10:07.906048,34.0,Female,Sales,North America,12,5.5,2,2.0,6,Constant downtime and sync errors. Frustrating and unhelpful.
RESP-10234,2026-08-16 15:15:07.906048,31.0,Female,Engineering,North America,1,8.5,10,5.0,2,Customer support was very responsive and resolved my billing issue in 10 minutes.
RESP-10235,2026-08-30 16:31:07.906048,38.0,Male,Marketing,North America,29,4.1,6,3.0,5,Customer service takes 4 days to reply. We are considering switching providers.
RESP-10236,2026-08-31 22:22:07.906048,40.0,Male,Sales,North America,95,5.8,5,4.0,3,
RESP-10237,2026-09-05 12:46:07.906048,43.0,Male,Engineering,LATAM,81,7.9,8,5.0,2,"Features are acceptable, but pricing seems a bit high for small teams."
RESP-10238,2026-07-14 22:34:07.906048,47.0,Male,Customer Support,EMEA,5,5.0,4,3.0,5,Constant downtime and sync errors. Frustrating and unhelpful.
RESP-10239,2026-09-07 08:31:07.906048,40.0,Male,Engineering,EMEA,5,7.4,4,2.0,6,The UI update makes navigation horrible. Features crash constantly on Chrome.
RESP-10240,2026-08-18 19:25:07.906048,22.0,Male,Product,EMEA,21,4.9,4,1.0,6,Billing is a nightmare. I was overcharged twice and customer support was completely unresponsive.
RESP-10241,2026-07-17 00:23:07.906048,31.0,Female,Product,EMEA,25,7.8,7,4.0,3,"Average experience overall. Does what it promises, nothing more, nothing less."
RESP-10242,2026-09-17 19:08:07.906048,65.0,Male,Product,EMEA,33,8.3,8,3.0,4,"Features are acceptable, but pricing seems a bit high for small teams."
RESP-10243,2026-09-14 10:58:07.906048,43.0,Male,Sales,EMEA,5,6.7,5,2.0,7,Billing is a nightmare. I was overcharged twice and customer support was completely unresponsive.
RESP-10244,2026-08-11 15:22:07.906048,59.0,Male,Engineering,APAC,77,9.3,8,4.0,2,"Average experience overall. Does what it promises, nothing more, nothing less."
RESP-10245,2026-09-04 19:54:07.906048,49.0,Male,Product,North America,25,7.6,8,4.0,2,"Average experience overall. Does what it promises, nothing more, nothing less."
RESP-10246,2026-07-14 11:24:07.906048,38.0,Female,Sales,EMEA,46,6.7,6,3.0,6,Billing is a nightmare. I was overcharged twice and customer support was completely unresponsive.
RESP-10247,2026-07-28 09:13:07.906048,39.0,Male,Product,EMEA,19,7.5,8,5.0,3,"Features are acceptable, but pricing seems a bit high for small teams."
RESP-10248,2026-07-07 11:57:07.906048,35.0,Male,Product,APAC,13,8.3,9,4.0,3,"Fast performance, excellent reliability, and helpful documentation."
RESP-10249,2026-08-06 18:00:07.906048,18.0,Female,Product,EMEA,91,4.9,8,4.0,4,"Support is fine, but response times could be improved."
RESP-10250,2026-08-04 13:56:07.906048,36.0,Female,Sales,EMEA,21,4.7,6,,5,Constant downtime and sync errors. Frustrating and unhelpful.
RESP-10251,2026-07-10 02:15:07.906048,48.0,Female,Sales,North America,49,8.4,9,5.0,2,The software platform is exceptionally intuitive and saves our team hours.
RESP-10252,2026-08-20 11:50:07.906048,30.0,Female,Product,EMEA,74,3.6,3,2.0,6,Constant downtime and sync errors. Frustrating and unhelpful.
RESP-10253,2026-07-01 13:00:07.906048,40.0,Female,Sales,North America,28,5.8,6,3.0,4,Billing is a nightmare. I was overcharged twice and customer support was completely unresponsive.
RESP-10254,2026-06-26 11:50:07.906048,44.0,Female,Engineering,North America,20,9.5,10,5.0,3,Great UI and clean design. Very satisfied with recent feature releases.
RESP-10255,2026-07-25 13:58:07.906048,26.0,Male,Customer Support,North America,1,5.4,5,3.0,6,Customer service takes 4 days to reply. We are considering switching providers.
RESP-10256,2026-07-27 19:48:07.906048,31.0,Male,Product,EMEA,1,6.7,8,4.0,2,The interface is standard. A few bugs here and there.
RESP-10257,2026-07-19 17:13:07.906048,25.0,Male,Customer Support,North America,6,5.7,4,2.0,5,The UI update makes navigation horrible. Features crash constantly on Chrome.
RESP-10258,2026-07-14 03:44:07.906048,27.0,Male,Customer Support,North America,5,5.0,5,4.0,1,Terrible experience. Pricing increased without notice and the software is laggy.
RESP-10259,2026-07-21 10:20:07.906048,23.0,Female,Engineering,APAC,8,7.7,9,4.0,5,The software platform is exceptionally intuitive and saves our team hours.
RESP-10260,2026-07-05 15:28:07.906048,26.0,Female,Customer Support,North America,9,4.5,4,2.0,5,Customer service takes 4 days to reply. We are considering switching providers.
RESP-10261,2026-07-27 06:02:07.906048,50.0,Male,Product,EMEA,11,9.0,9,5.0,4,"Fast performance, excellent reliability, and helpful documentation."
RESP-10262,2026-09-10 08:31:07.906048,26.0,Female,Engineering,EMEA,14,9.8,10,5.0,1,Our account manager is fantastic. Keep up the great work!
RESP-10263,2026-07-11 03:20:07.906048,37.0,Non-Binary,Customer Support,North America,3,5.3,4,3.0,4,Customer service takes 4 days to reply. We are considering switching providers.
RESP-10264,2026-08-21 12:59:07.906048,30.0,Male,Product,APAC,2,5.2,7,3.0,5,"The application works fine, but performance slows down occasionally during peak hours."
RESP-10265,2026-07-03 16:50:07.906048,47.0,Male,Marketing,North America,27,5.7,4,2.0,5,The UI update makes navigation horrible. Features crash constantly on Chrome.
RESP-10266,2026-07-22 19:01:07.906048,49.0,Prefer not to say,Customer Support,EMEA,19,5.2,6,2.0,6,The UI update makes navigation horrible. Features crash constantly on Chrome.
RESP-10267,2026-07-19 20:19:07.906048,44.0,Female,Marketing,EMEA,15,7.3,8,5.0,2,"Features are acceptable, but pricing seems a bit high for small teams."
RESP-10268,2026-09-13 06:34:07.906048,39.0,Female,Sales,EMEA,25,4.5,3,1.0,7,Terrible experience. Pricing increased without notice and the software is laggy.
RESP-10269,2026-07-29 11:01:07.906048,33.0,Male,Sales,EMEA,43,4.8,5,4.0,2,Customer service takes 4 days to reply. We are considering switching providers.
RESP-10270,2026-08-22 01:59:07.906048,24.0,Female,Marketing,North America,14,7.3,6,3.0,3,Customer service takes 4 days to reply. We are considering switching providers.
RESP-10271,2026-08-14 03:54:07.906048,55.0,Male,Marketing,North America,25,7.9,10,5.0,2,The software platform is exceptionally intuitive and saves our team hours.
RESP-10272,2026-07-03 15:12:07.906048,28.0,Female,Product,APAC,74,6.4,5,5.0,1,Constant downtime and sync errors. Frustrating and unhelpful. More details at https://internal-feedback-372.org/details.
RESP-10273,2026-09-13 11:59:07.906048,,Male,Product,EMEA,44,5.3,4,1.0,7,The UI update makes navigation horrible. Features crash constantly on Chrome.
RESP-10274,2026-07-22 01:39:07.906048,46.0,Male,Customer Support,APAC,14,10.0,8,3.0,6,"The application works fine, but performance slows down occasionally during peak hours."
RESP-10275,2026-06-24 23:15:07.906048,30.0,Male,Customer Support,APAC,25,6.7,5,4.0,4,The UI update makes navigation horrible. Features crash constantly on Chrome.
RESP-10276,2026-07-17 23:32:07.906048,46.0,Female,Marketing,APAC,5,6.1,8,5.0,1,"The application works fine, but performance slows down occasionally during peak hours."
RESP-10277,2026-07-21 03:33:07.906048,43.0,Female,Customer Support,EMEA,20,6.8,8,5.0,2,"Average experience overall. Does what it promises, nothing more, nothing less."
RESP-10278,2026-06-29 06:54:07.906048,53.0,Male,Marketing,North America,96,6.3,7,3.0,4,"The application works fine, but performance slows down occasionally during peak hours."
RESP-10279,2026-08-15 17:44:07.906048,31.0,Female,Marketing,APAC,18,7.8,7,5.0,2,"Average experience overall. Does what it promises, nothing more, nothing less."
RESP-10280,2026-07-22 03:35:07.906048,23.0,Male,Product,EMEA,64,7.5,9,5.0,2,Great UI and clean design. Very satisfied with recent feature releases.
RESP-10281,2026-08-16 13:30:07.906048,30.0,Male,Sales,North America,13,6.1,5,2.0,6,The UI update makes navigation horrible. Features crash constantly on Chrome.
RESP-10282,2026-06-21 13:08:07.906048,,Male,Sales,APAC,120,5.8,7,4.0,3,"The application works fine, but performance slows down occasionally during peak hours."
RESP-10283,2026-09-17 07:48:07.906048,36.0,Male,Engineering,APAC,21,5.5,4,2.0,7,The UI update makes navigation horrible. Features crash constantly on Chrome.
RESP-10284,2026-07-06 06:53:07.906048,32.0,Female,Customer Support,EMEA,2,8.4,7,5.0,3,"The application works fine, but performance slows down occasionally during peak hours."
RESP-10285,2026-08-19 06:44:07.906048,18.0,Male,Engineering,North America,22,6.3,7,3.0,4,"Features are acceptable, but pricing seems a bit high for small teams."
RESP-10286,2026-08-24 08:40:07.906048,40.0,Male,Sales,North America,8,4.0,5,3.0,5,Customer service takes 4 days to reply. We are considering switching providers.
RESP-10287,2026-07-06 09:15:07.906048,55.0,Female,Customer Support,APAC,1,5.2,6,3.0,4,The UI update makes navigation horrible. Features crash constantly on Chrome. You can reach my direct desk at +1-555-01387 to discuss.
RESP-10288,2026-06-30 23:52:07.906048,40.0,Non-Binary,Sales,LATAM,42,4.6,3,2.0,5,Billing is a nightmare. I was overcharged twice and customer support was completely unresponsive.
RESP-10289,2026-07-04 16:09:07.906048,42.0,Female,Customer Support,North America,8,5.4,5,2.0,5,Terrible experience. Pricing increased without notice and the software is laggy.
RESP-10290,2026-07-13 03:42:07.906048,41.0,Female,Engineering,North America,39,8.7,9,5.0,1,Our account manager is fantastic. Keep up the great work!
RESP-10291,2026-07-06 01:57:07.906048,39.0,Female,Engineering,APAC,9,9.2,8,5.0,3,The interface is standard. A few bugs here and there.
RESP-10292,2026-08-20 14:25:07.906048,,Non-Binary,Marketing,North America,6,7.7,10,4.0,3,Great UI and clean design. Very satisfied with recent feature releases.
RESP-10293,2026-07-28 19:34:07.906048,39.0,Female,Sales,EMEA,88,5.5,2,1.0,6,Terrible experience. Pricing increased without notice and the software is laggy. More details at https://internal-feedback-393.org/details.
RESP-10294,2026-08-08 08:12:07.906048,32.0,Male,Engineering,LATAM,11,7.8,7,4.0,2,"The application works fine, but performance slows down occasionally during peak hours."
RESP-10295,2026-06-25 04:49:07.906048,28.0,Male,Customer Support,North America,23,6.1,5,2.0,7,Customer service takes 4 days to reply. We are considering switching providers.
RESP-10296,2026-09-06 10:52:07.906048,33.0,Female,Marketing,EMEA,23,3.9,0,2.0,5,Terrible experience. Pricing increased without notice and the software is laggy.
RESP-10297,2026-07-06 07:01:07.906048,,Female,Engineering,North America,20,8.6,7,3.0,3,"Support is fine, but response times could be improved."
RESP-10298,2026-07-23 08:30:07.906048,32.0,Male,Customer Support,North America,60,3.3,4,2.0,6,Customer service takes 4 days to reply. We are considering switching providers.
RESP-10299,2026-06-27 09:53:07.906048,,Female,Engineering,APAC,27,10.0,10,5.0,2,Our account manager is fantastic. Keep up the great work!
RESP-10300,2026-07-03 06:03:07.906048,40.0,Male,Engineering,EMEA,13,7.1,9,4.0,3,Great UI and clean design. Very satisfied with recent feature releases.
RESP-10301,2026-08-19 20:42:07.906048,,Female,Customer Support,LATAM,48,5.2,8,4.0,4,The interface is standard. A few bugs here and there.
RESP-10302,2026-08-22 06:34:07.906048,48.0,Male,Customer Support,EMEA,5,4.3,5,3.0,3,Customer service takes 4 days to reply. We are considering switching providers.
RESP-10303,2026-08-20 20:49:07.906048,36.0,Male,Customer Support,North America,19,4.6,5,1.0,6,Constant downtime and sync errors. Frustrating and unhelpful.
RESP-10304,2026-08-09 15:11:07.906048,22.0,Female,Marketing,North America,73,9.9,10,5.0,2,Customer support was very responsive and resolved my billing issue in 10 minutes.
RESP-10305,2026-09-14 16:01:07.906048,32.0,Female,Product,North America,24,8.7,5,3.0,6,Billing is a nightmare. I was overcharged twice and customer support was completely unresponsive.
RESP-10306,2026-08-05 14:05:07.906048,36.0,Female,Customer Support,North America,41,3.2,1,1.0,6,Customer service takes 4 days to reply. We are considering switching providers.
RESP-10307,2026-07-31 09:18:07.906048,18.0,Female,Sales,North America,26,8.3,8,3.0,4,"Support is fine, but response times could be improved."
RESP-10308,2026-07-13 05:16:07.906048,49.0,Male,Marketing,North America,44,8.3,9,5.0,1,"Fast performance, excellent reliability, and helpful documentation."
RESP-10309,2026-06-29 20:05:07.906048,37.0,Male,Sales,EMEA,70,5.6,6,4.0,3,Customer service takes 4 days to reply. We are considering switching providers.
RESP-10310,2026-08-09 06:35:07.906048,39.0,Female,Sales,APAC,8,6.5,5,4.0,4,The UI update makes navigation horrible. Features crash constantly on Chrome.
RESP-10311,2026-07-19 06:44:07.906048,49.0,Male,Engineering,EMEA,5,7.7,9,4.0,4,Great UI and clean design. Very satisfied with recent feature releases.
RESP-10312,2026-08-07 02:28:07.906048,29.0,Male,Engineering,APAC,16,10.0,10,5.0,2,Great UI and clean design. Very satisfied with recent feature releases.
RESP-10313,2026-07-09 11:48:07.906048,41.0,Female,Product,North America,30,6.1,8,4.0,4,
RESP-10314,2026-09-04 09:02:07.906048,34.0,Female,Marketing,North America,7,6.7,8,5.0,1,"Features are acceptable, but pricing seems a bit high for small teams."
RESP-10315,2026-09-18 21:55:07.906048,34.0,Male,Customer Support,EMEA,1,4.9,4,3.0,3,Constant downtime and sync errors. Frustrating and unhelpful.
RESP-10316,2026-07-19 22:58:07.906048,28.0,Male,Sales,EMEA,11,3.9,6,3.0,5,Billing is a nightmare. I was overcharged twice and customer support was completely unresponsive.
RESP-10317,2026-09-04 18:00:07.906048,52.0,Male,Engineering,North America,84,10.0,10,5.0,2,"Fast performance, excellent reliability, and helpful documentation."
RESP-10318,2026-09-07 12:14:07.906048,32.0,Male,Engineering,APAC,29,5.9,7,3.0,6,"Average experience overall. Does what it promises, nothing more, nothing less."
RESP-10319,2026-09-18 14:06:07.906048,42.0,Female,Sales,APAC,13,6.3,7,4.0,3,"Support is fine, but response times could be improved."
RESP-10320,2026-07-21 18:51:07.906048,18.0,Male,Customer Support,EMEA,6,2.9,3,3.0,3,Billing is a nightmare. I was overcharged twice and customer support was completely unresponsive. You can reach my direct desk at +1-555-01420 to discuss.
RESP-10321,2026-08-27 23:37:07.906048,47.0,Male,Marketing,North America,11,5.9,5,2.0,6,Customer service takes 4 days to reply. We are considering switching providers.
RESP-10322,2026-07-11 12:48:07.906048,46.0,Male,Customer Support,APAC,5,6.1,6,4.0,3,Terrible experience. Pricing increased without notice and the software is laggy.
RESP-10323,2026-08-16 04:08:07.906048,36.0,Female,Sales,EMEA,3,4.8,6,3.0,4,Terrible experience. Pricing increased without notice and the software is laggy.
RESP-10324,2026-08-23 09:02:07.906048,33.0,Female,Product,APAC,57,8.2,8,4.0,2,The interface is standard. A few bugs here and there.
RESP-10325,2026-08-26 15:24:07.906048,40.0,Female,Marketing,APAC,120,6.1,7,5.0,2,The interface is standard. A few bugs here and there.
RESP-10326,2026-07-09 14:04:07.906048,58.0,Non-Binary,Customer Support,APAC,5,7.2,8,4.0,3,"Support is fine, but response times could be improved."
RESP-10327,2026-09-05 07:49:07.906048,18.0,Female,Customer Support,EMEA,2,7.5,7,4.0,3,"Features are acceptable, but pricing seems a bit high for small teams."
RESP-10328,2026-07-28 19:52:07.906048,43.0,Female,Sales,North America,10,5.1,7,3.0,6,"Average experience overall. Does what it promises, nothing more, nothing less."
RESP-10329,2026-07-10 09:56:07.906048,26.0,Female,Engineering,EMEA,15,7.8,7,3.0,6,The interface is standard. A few bugs here and there.
RESP-10330,2026-08-08 18:27:07.906048,35.0,Female,Sales,EMEA,6,6.3,9,5.0,3,Customer support was very responsive and resolved my billing issue in 10 minutes.
RESP-10331,2026-09-06 15:26:07.906048,33.0,Male,Marketing,APAC,9,7.4,8,4.0,2,"Support is fine, but response times could be improved."
RESP-10332,2026-09-15 23:29:07.906048,31.0,Male,Engineering,North America,6,7.7,8,4.0,3,
RESP-10333,2026-08-27 06:42:07.906048,35.0,Male,Engineering,North America,36,8.0,7,4.0,4,The interface is standard. A few bugs here and there.
RESP-10334,2026-06-21 10:43:07.906048,24.0,Female,Engineering,APAC,30,7.3,7,3.0,5,"The application works fine, but performance slows down occasionally during peak hours."
RESP-10335,2026-07-03 01:32:07.906048,46.0,Male,Engineering,APAC,25,7.9,8,4.0,3,"Features are acceptable, but pricing seems a bit high for small teams."
RESP-10336,2026-06-27 19:20:07.906048,18.0,Female,Product,LATAM,12,9.2,7,4.0,2,"Average experience overall. Does what it promises, nothing more, nothing less."
RESP-10337,2026-06-30 01:12:07.906048,41.0,Female,Marketing,APAC,58,7.5,7,4.0,3,The interface is standard. A few bugs here and there.
RESP-10338,2026-07-25 09:56:07.906048,32.0,Female,Sales,EMEA,84,7.1,6,3.0,5,
RESP-10339,2026-07-21 09:43:07.906048,24.0,Female,Engineering,EMEA,5,8.8,10,5.0,2,Our account manager is fantastic. Keep up the great work!
RESP-10340,2026-07-01 04:08:07.906048,38.0,Female,Sales,APAC,7,5.8,8,3.0,3,"Average experience overall. Does what it promises, nothing more, nothing less."
RESP-10341,2026-09-08 08:12:07.906048,20.0,Male,Sales,EMEA,18,6.5,5,3.0,5,Customer service takes 4 days to reply. We are considering switching providers.
RESP-10342,2026-08-15 07:54:07.906048,36.0,Male,Engineering,EMEA,3,6.1,9,4.0,4,The software platform is exceptionally intuitive and saves our team hours.
RESP-10343,2026-08-31 14:56:07.906048,21.0,Male,Sales,North America,14,7.9,8,5.0,2,"Support is fine, but response times could be improved."
RESP-10344,2026-07-24 09:07:07.906048,40.0,Female,Sales,EMEA,21,1.8,0,1.0,7,Terrible experience. Pricing increased without notice and the software is laggy.
RESP-10345,2026-07-27 20:41:07.906048,26.0,Female,Customer Support,APAC,18,5.4,7,3.0,4,"The application works fine, but performance slows down occasionally during peak hours."
RESP-10346,2026-07-19 12:38:07.906048,31.0,Female,Customer Support,North America,10,7.2,7,4.0,2,"Support is fine, but response times could be improved."
RESP-10347,2026-07-30 09:35:07.906048,38.0,Prefer not to say,Engineering,North America,19,5.7,6,3.0,5,Billing is a nightmare. I was overcharged twice and customer support was completely unresponsive.
RESP-10348,2026-08-14 20:59:07.906048,28.0,Male,Sales,North America,77,6.6,6,4.0,4,Billing is a nightmare. I was overcharged twice and customer support was completely unresponsive.
RESP-10349,2026-08-04 07:25:07.906048,35.0,Male,Customer Support,North America,6,4.5,3,2.0,6,Billing is a nightmare. I was overcharged twice and customer support was completely unresponsive.
RESP-10350,2026-09-04 08:29:07.906048,20.0,Female,Customer Support,North America,26,4.9,6,3.0,4,Constant downtime and sync errors. Frustrating and unhelpful.
RESP-10351,2026-09-09 22:53:07.906048,,Male,Product,EMEA,2,8.7,8,5.0,3,"The application works fine, but performance slows down occasionally during peak hours."
RESP-10352,2026-08-02 05:06:07.906048,53.0,Female,Customer Support,LATAM,2,5.8,4,3.0,5,Billing is a nightmare. I was overcharged twice and customer support was completely unresponsive.
RESP-10353,2026-07-12 12:26:07.906048,63.0,Male,Engineering,EMEA,20,4.6,5,4.0,4,Customer service takes 4 days to reply. We are considering switching providers.
RESP-10354,2026-09-14 00:11:07.906048,36.0,Male,Engineering,North America,3,6.2,4,3.0,4,Constant downtime and sync errors. Frustrating and unhelpful.
RESP-10355,2026-08-26 02:16:07.906048,43.0,Non-Binary,Customer Support,North America,1,7.0,5,2.0,5,Constant downtime and sync errors. Frustrating and unhelpful.
RESP-10356,2026-08-17 13:15:07.906048,18.0,Male,Engineering,EMEA,5,8.4,10,5.0,1,"Fast performance, excellent reliability, and helpful documentation."
RESP-10357,2026-08-27 00:40:07.906048,51.0,Female,Customer Support,North America,20,8.1,6,4.0,2,Constant downtime and sync errors. Frustrating and unhelpful.
RESP-10358,2026-06-27 18:42:07.906048,43.0,Non-Binary,Product,APAC,30,9.8,6,4.0,3,Terrible experience. Pricing increased without notice and the software is laggy.
RESP-10359,2026-06-27 00:39:07.906048,31.0,Male,Customer Support,EMEA,6,5.0,6,4.0,4,Billing is a nightmare. I was overcharged twice and customer support was completely unresponsive.
RESP-10360,2026-07-04 17:19:07.906048,48.0,Female,Sales,APAC,27,9.8,9,5.0,3,The software platform is exceptionally intuitive and saves our team hours.
RESP-10361,2026-07-04 05:04:07.906048,33.0,Female,Customer Support,North America,5,5.5,5,3.0,6,The UI update makes navigation horrible. Features crash constantly on Chrome.
RESP-10362,2026-07-28 19:13:07.906048,31.0,Female,Sales,EMEA,23,4.6,4,2.0,6,Terrible experience. Pricing increased without notice and the software is laggy.
RESP-10363,2026-07-05 02:34:07.906048,40.0,Female,Customer Support,North America,13,4.5,5,3.0,5,The UI update makes navigation horrible. Features crash constantly on Chrome.
RESP-10364,2026-09-05 20:21:07.906048,25.0,Female,Product,LATAM,26,3.9,3,1.0,6,Constant downtime and sync errors. Frustrating and unhelpful. Contact me at user464@example.com if you want more details.
RESP-10365,2026-08-11 23:16:07.906048,46.0,Male,Sales,EMEA,120,8.4,10,5.0,2,"Fast performance, excellent reliability, and helpful documentation."
RESP-10366,2026-07-24 02:01:07.906048,25.0,Female,Product,North America,67,9.7,7,4.0,4,The interface is standard. A few bugs here and there.
RESP-10367,2026-06-27 04:58:07.906048,25.0,Female,Product,North America,1,5.8,6,4.0,3,Billing is a nightmare. I was overcharged twice and customer support was completely unresponsive.
RESP-10368,2026-08-13 03:12:07.906048,26.0,Male,Engineering,North America,52,7.4,8,3.0,5,"Features are acceptable, but pricing seems a bit high for small teams."
RESP-10369,2026-07-01 10:17:07.906048,43.0,Male,Engineering,EMEA,2,7.8,7,5.0,1,"Support is fine, but response times could be improved. You can reach my direct desk at +1-555-01469 to discuss."
RESP-10370,2026-08-26 19:56:07.906048,29.0,Male,Engineering,North America,74,6.3,5,3.0,5,Terrible experience. Pricing increased without notice and the software is laggy.
RESP-10371,2026-09-01 04:32:07.906048,22.0,Female,Engineering,EMEA,8,5.1,7,3.0,5,The interface is standard. A few bugs here and there.
RESP-10372,2026-08-08 21:34:07.906048,29.0,Male,Engineering,North America,12,7.4,6,5.0,1,The UI update makes navigation horrible. Features crash constantly on Chrome.
RESP-10373,2026-07-04 09:43:07.906048,35.0,Male,Customer Support,EMEA,3,5.0,4,3.0,4,Constant downtime and sync errors. Frustrating and unhelpful.
RESP-10374,2026-08-30 18:12:07.906048,24.0,Female,Engineering,APAC,3,7.1,8,4.0,5,"Average experience overall. Does what it promises, nothing more, nothing less."
RESP-10375,2026-07-18 15:29:07.906048,24.0,Female,Sales,APAC,32,6.3,6,3.0,4,The UI update makes navigation horrible. Features crash constantly on Chrome. You can reach my direct desk at +1-555-01475 to discuss.
RESP-10376,2026-07-10 23:30:07.906048,57.0,Male,Marketing,APAC,70,8.6,6,4.0,4,Terrible experience. Pricing increased without notice and the software is laggy.
RESP-10377,2026-08-02 06:59:07.906048,27.0,Male,Engineering,North America,23,7.2,10,5.0,2,Our account manager is fantastic. Keep up the great work!
RESP-10378,2026-09-11 23:29:07.906048,32.0,Non-Binary,Marketing,North America,31,6.8,6,3.0,4,Customer service takes 4 days to reply. We are considering switching providers.
RESP-10379,2026-07-17 16:54:07.906048,32.0,Male,Sales,EMEA,35,7.1,6,3.0,4,Terrible experience. Pricing increased without notice and the software is laggy.
RESP-10380,2026-09-10 10:37:07.906048,31.0,Male,Engineering,North America,8,8.5,9,5.0,2,Great UI and clean design. Very satisfied with recent feature releases.
RESP-10381,2026-06-25 18:28:07.906048,42.0,Male,Customer Support,EMEA,2,4.6,6,5.0,2,Customer service takes 4 days to reply. We are considering switching providers.
RESP-10382,2026-06-28 10:59:07.906048,45.0,Female,Customer Support,North America,1,5.6,9,5.0,2,Our account manager is fantastic. Keep up the great work!
RESP-10383,2026-08-22 19:28:07.906048,32.0,Female,Product,North America,11,8.1,6,4.0,3,Terrible experience. Pricing increased without notice and the software is laggy.
RESP-10384,2026-07-08 02:15:07.906048,23.0,Female,Marketing,North America,7,4.8,6,3.0,4,Billing is a nightmare. I was overcharged twice and customer support was completely unresponsive. Contact me at user484@example.com if you want more details.
RESP-10385,2026-07-19 10:29:07.906048,48.0,Male,Marketing,APAC,2,8.4,10,4.0,2,Great UI and clean design. Very satisfied with recent feature releases.
RESP-10386,2026-07-03 05:08:07.906048,35.0,Male,Sales,North America,5,8.1,8,4.0,3,"Average experience overall. Does what it promises, nothing more, nothing less."
RESP-10387,2026-07-20 20:14:07.906048,53.0,Male,Engineering,EMEA,4,6.6,8,4.0,4,"Support is fine, but response times could be improved."
RESP-10388,2026-07-16 04:22:07.906048,18.0,Female,Marketing,North America,60,6.8,8,5.0,2,"Average experience overall. Does what it promises, nothing more, nothing less."
RESP-10389,2026-08-26 05:04:07.906048,37.0,Male,Marketing,EMEA,4,7.5,5,4.0,3,Customer service takes 4 days to reply. We are considering switching providers.
RESP-10390,2026-08-23 02:57:07.906048,55.0,Female,Product,North America,19,6.5,9,5.0,1,"Fast performance, excellent reliability, and helpful documentation."
RESP-10391,2026-09-14 21:13:07.906048,32.0,Female,Sales,APAC,22,6.7,4,2.0,4,Customer service takes 4 days to reply. We are considering switching providers.
RESP-10392,2026-08-25 03:20:07.906048,33.0,Male,Sales,APAC,19,6.2,4,3.0,5,Terrible experience. Pricing increased without notice and the software is laggy.
RESP-10393,2026-08-22 11:23:07.906048,,Male,Marketing,North America,3,4.3,4,2.0,6,Billing is a nightmare. I was overcharged twice and customer support was completely unresponsive.
RESP-10394,2026-08-22 10:03:07.906048,,Prefer not to say,Sales,LATAM,10,6.7,10,3.0,5,Great UI and clean design. Very satisfied with recent feature releases.
RESP-10395,2026-09-08 09:47:07.906048,32.0,Female,Product,LATAM,2,5.6,5,3.0,4,Customer service takes 4 days to reply. We are considering switching providers.
RESP-10396,2026-07-17 14:27:07.906048,32.0,Male,Product,APAC,13,8.7,9,4.0,1,"Fast performance, excellent reliability, and helpful documentation."
RESP-10397,2026-07-17 22:46:07.906048,29.0,Female,Sales,APAC,6,5.0,7,3.0,4,The interface is standard. A few bugs here and there. Contact me at user497@example.com if you want more details.
RESP-10398,2026-08-26 15:36:07.906048,48.0,Female,Marketing,North America,20,6.3,6,3.0,6,Terrible experience. Pricing increased without notice and the software is laggy.
RESP-10399,2026-07-11 12:35:07.906048,40.0,Male,Marketing,EMEA,29,8.6,7,3.0,5,"The application works fine, but performance slows down occasionally during peak hours."
RESP-10400,2026-09-11 00:32:07.906048,38.0,Male,Engineering,North America,19,8.4,8,4.0,4,"Support is fine, but response times could be improved."
RESP-10401,2026-08-08 01:42:07.906048,44.0,Male,Product,North America,14,5.7,8,4.0,4,"The application works fine, but performance slows down occasionally during peak hours."
RESP-10402,2026-07-17 22:51:07.906048,33.0,Female,Customer Support,LATAM,12,4.0,4,1.0,7,Constant downtime and sync errors. Frustrating and unhelpful.
RESP-10403,2026-08-29 18:57:07.906048,28.0,Male,Marketing,North America,45,5.6,8,5.0,2,"The application works fine, but performance slows down occasionally during peak hours."
RESP-10404,2026-07-19 01:11:07.906048,29.0,Female,Sales,APAC,6,6.6,8,4.0,3,"Features are acceptable, but pricing seems a bit high for small teams."
RESP-10405,2026-09-15 15:15:07.906048,36.0,Male,Product,APAC,32,7.8,7,3.0,4,"Support is fine, but response times could be improved."
RESP-10406,2026-09-17 09:50:07.906048,25.0,Female,Sales,APAC,35,4.7,5,3.0,4,Billing is a nightmare. I was overcharged twice and customer support was completely unresponsive.
RESP-10407,2026-08-19 22:51:07.906048,30.0,Female,Engineering,LATAM,14,5.9,5,3.0,6,Constant downtime and sync errors. Frustrating and unhelpful.
RESP-10408,2026-07-01 04:01:07.906048,30.0,Male,Product,North America,9,7.7,7,5.0,3,"Features are acceptable, but pricing seems a bit high for small teams."
RESP-10409,2026-07-14 15:06:07.906048,57.0,Non-Binary,Engineering,North America,16,7.4,10,5.0,2,"Fast performance, excellent reliability, and helpful documentation."
RESP-10410,2026-08-06 07:53:07.906048,18.0,Female,Sales,EMEA,3,9.2,10,5.0,2,Our account manager is fantastic. Keep up the great work!
RESP-10411,2026-09-05 13:42:07.906048,34.0,Female,Product,North America,2,7.4,9,5.0,1,Customer support was very responsive and resolved my billing issue in 10 minutes.
RESP-10412,2026-07-07 13:56:07.906048,53.0,Male,Product,North America,3,10.0,9,5.0,2,The software platform is exceptionally intuitive and saves our team hours.
RESP-10413,2026-06-30 08:05:07.906048,37.0,Female,Customer Support,North America,5,3.7,6,4.0,3,Billing is a nightmare. I was overcharged twice and customer support was completely unresponsive.
RESP-10414,2026-06-27 15:27:07.906048,43.0,Female,Customer Support,APAC,17,3.1,5,,5,Billing is a nightmare. I was overcharged twice and customer support was completely unresponsive.
RESP-10415,2026-08-05 13:37:07.906048,36.0,Female,Sales,EMEA,46,4.3,7,4.0,3,"The application works fine, but performance slows down occasionally during peak hours."
RESP-10416,2026-09-08 13:32:07.906048,29.0,Female,Sales,North America,7,7.8,10,5.0,2,Customer support was very responsive and resolved my billing issue in 10 minutes.
RESP-10417,2026-06-24 18:04:07.906048,18.0,Male,Sales,EMEA,66,8.6,6,5.0,1,Terrible experience. Pricing increased without notice and the software is laggy.
RESP-10418,2026-07-10 01:11:07.906048,38.0,Male,Customer Support,North America,75,4.3,3,1.0,7,Terrible experience. Pricing increased without notice and the software is laggy.
RESP-10419,2026-08-22 08:01:07.906048,28.0,Male,Marketing,North America,77,5.8,4,3.0,4,Customer service takes 4 days to reply. We are considering switching providers.
RESP-10420,2026-09-03 06:26:07.906048,27.0,Prefer not to say,Marketing,APAC,44,4.7,3,2.0,6,The UI update makes navigation horrible. Features crash constantly on Chrome.
RESP-10421,2026-09-01 14:33:07.906048,31.0,Female,Marketing,EMEA,11,3.8,4,4.0,2,The UI update makes navigation horrible. Features crash constantly on Chrome.
RESP-10422,2026-08-30 14:19:07.906048,53.0,Female,Engineering,APAC,2,8.8,8,3.0,5,The interface is standard. A few bugs here and there.
RESP-10423,2026-07-02 14:57:07.906048,60.0,Female,Sales,North America,21,6.3,9,5.0,1,Customer support was very responsive and resolved my billing issue in 10 minutes.
RESP-10424,2026-07-26 16:36:07.906048,38.0,Female,Engineering,APAC,20,7.7,10,4.0,4,Great UI and clean design. Very satisfied with recent feature releases.
RESP-10425,2026-09-17 13:37:07.906048,31.0,Female,Customer Support,EMEA,46,3.4,3,2.0,6,Customer service takes 4 days to reply. We are considering switching providers.
RESP-10426,2026-09-17 22:34:07.906048,24.0,Non-Binary,Sales,EMEA,120,8.5,10,5.0,1,Our account manager is fantastic. Keep up the great work!
RESP-10427,2026-08-14 03:49:07.906048,40.0,Male,Product,EMEA,18,6.5,9,5.0,1,The software platform is exceptionally intuitive and saves our team hours.
RESP-10428,2026-08-23 18:36:07.906048,53.0,Female,Sales,APAC,11,6.8,6,3.0,6,Terrible experience. Pricing increased without notice and the software is laggy.
RESP-10429,2026-09-14 13:21:07.906048,33.0,Male,Engineering,EMEA,5,5.5,2,2.0,6,Constant downtime and sync errors. Frustrating and unhelpful.
RESP-10430,2026-07-31 10:25:07.906048,18.0,Male,Engineering,EMEA,1,7.4,7,4.0,3,"Support is fine, but response times could be improved."
RESP-10431,2026-07-03 06:12:07.906048,42.0,Non-Binary,Marketing,LATAM,18,6.9,6,4.0,1,Customer service takes 4 days to reply. We are considering switching providers.
RESP-10432,2026-08-20 03:30:07.906048,,Male,Customer Support,APAC,20,6.0,6,4.0,2,Terrible experience. Pricing increased without notice and the software is laggy.
RESP-10433,2026-09-15 08:24:07.906048,20.0,Male,Engineering,EMEA,42,7.9,8,3.0,5,The interface is standard. A few bugs here and there.
RESP-10434,2026-08-22 16:32:07.906048,37.0,Male,Engineering,APAC,17,8.4,8,5.0,4,"Features are acceptable, but pricing seems a bit high for small teams."
RESP-10435,2026-09-01 05:45:07.906048,40.0,Male,Marketing,North America,60,4.8,6,3.0,4,The UI update makes navigation horrible. Features crash constantly on Chrome.
RESP-10436,2026-07-28 23:43:07.906048,35.0,Male,Engineering,North America,24,8.0,6,4.0,3,The UI update makes navigation horrible. Features crash constantly on Chrome.
RESP-10437,2026-06-29 14:56:07.906048,28.0,Female,Marketing,EMEA,45,6.7,7,4.0,4,"Support is fine, but response times could be improved."
RESP-10438,2026-07-06 03:22:07.906048,46.0,Female,Marketing,LATAM,4,6.8,6,3.0,5,Customer service takes 4 days to reply. We are considering switching providers.
RESP-10439,2026-09-17 09:07:07.906048,31.0,Male,Engineering,LATAM,47,7.8,8,4.0,3,"Average experience overall. Does what it promises, nothing more, nothing less."
RESP-10440,2026-08-04 07:51:07.906048,21.0,Female,Engineering,North America,27,5.8,7,4.0,4,"The application works fine, but performance slows down occasionally during peak hours."
RESP-10441,2026-06-22 00:32:07.906048,18.0,Female,Product,EMEA,5,5.3,3,3.0,3,Constant downtime and sync errors. Frustrating and unhelpful.
RESP-10442,2026-09-14 22:10:07.906048,48.0,Male,Sales,North America,6,2.7,2,1.0,6,Billing is a nightmare. I was overcharged twice and customer support was completely unresponsive.
RESP-10443,2026-08-04 17:47:07.906048,42.0,Female,Sales,LATAM,63,7.2,7,3.0,4,"Support is fine, but response times could be improved."
RESP-10444,2026-09-04 04:55:07.906048,36.0,Male,Marketing,LATAM,1,7.7,7,4.0,3,"The application works fine, but performance slows down occasionally during peak hours."
RESP-10445,2026-08-09 07:15:07.906048,31.0,Male,Product,EMEA,15,8.6,10,4.0,4,"Fast performance, excellent reliability, and helpful documentation."
RESP-10446,2026-06-30 02:15:07.906048,30.0,Non-Binary,Product,APAC,10,7.8,7,3.0,4,"Average experience overall. Does what it promises, nothing more, nothing less. More details at https://internal-feedback-546.org/details."
RESP-10447,2026-08-15 08:12:07.906048,25.0,Male,Marketing,APAC,27,3.3,2,1.0,5,Terrible experience. Pricing increased without notice and the software is laggy.
RESP-10448,2026-09-18 16:58:07.906048,31.0,Female,Sales,EMEA,44,4.5,3,2.0,5,Customer service takes 4 days to reply. We are considering switching providers.
RESP-10449,2026-06-24 01:37:07.906048,18.0,Male,Engineering,North America,11,8.0,10,4.0,3,Great UI and clean design. Very satisfied with recent feature releases.
RESP-10450,2026-09-04 16:51:07.906048,28.0,Male,Marketing,EMEA,14,6.7,6,2.0,5,Constant downtime and sync errors. Frustrating and unhelpful.
RESP-10451,2026-07-12 03:13:07.906048,32.0,Prefer not to say,Customer Support,EMEA,97,5.2,6,3.0,4,Terrible experience. Pricing increased without notice and the software is laggy.
RESP-10452,2026-07-26 09:20:07.906048,42.0,Female,Sales,EMEA,37,6.6,10,5.0,2,"Fast performance, excellent reliability, and helpful documentation."
RESP-10453,2026-07-24 11:38:07.906048,35.0,Female,Product,North America,55,7.3,7,3.0,4,"The application works fine, but performance slows down occasionally during peak hours."
RESP-10454,2026-09-09 19:59:07.906048,43.0,Male,Engineering,LATAM,14,7.9,10,5.0,2,Customer support was very responsive and resolved my billing issue in 10 minutes.
RESP-10455,2026-08-05 08:16:07.906048,49.0,Female,Sales,North America,7,5.0,8,5.0,1,"Features are acceptable, but pricing seems a bit high for small teams."
RESP-10456,2026-07-31 04:28:07.906048,46.0,Male,Engineering,EMEA,13,9.2,10,5.0,2,The software platform is exceptionally intuitive and saves our team hours.
RESP-10457,2026-09-02 13:31:07.906048,40.0,Female,Sales,EMEA,31,5.4,5,3.0,5,Billing is a nightmare. I was overcharged twice and customer support was completely unresponsive.
RESP-10458,2026-06-25 08:13:07.906048,36.0,Female,Engineering,EMEA,3,5.7,7,3.0,5,"The application works fine, but performance slows down occasionally during peak hours."
RESP-10459,2026-06-28 17:19:07.906048,26.0,Female,Engineering,EMEA,8,6.5,5,5.0,3,Terrible experience. Pricing increased without notice and the software is laggy.
RESP-10460,2026-06-22 21:25:07.906048,43.0,Female,Engineering,North America,2,7.2,6,3.0,6,Billing is a nightmare. I was overcharged twice and customer support was completely unresponsive.
RESP-10461,2026-08-21 20:37:07.906048,52.0,Male,Customer Support,North America,14,7.0,6,3.0,5,Billing is a nightmare. I was overcharged twice and customer support was completely unresponsive.
RESP-10462,2026-08-07 05:54:07.906048,39.0,Non-Binary,Marketing,EMEA,43,6.4,10,5.0,3,Great UI and clean design. Very satisfied with recent feature releases.
RESP-10463,2026-09-07 18:47:07.906048,55.0,Female,Customer Support,EMEA,1,5.2,4,2.0,6,The UI update makes navigation horrible. Features crash constantly on Chrome.
RESP-10464,2026-08-04 19:24:07.906048,20.0,Male,Product,North America,27,5.4,4,3.0,3,Constant downtime and sync errors. Frustrating and unhelpful.
RESP-10465,2026-07-10 21:42:07.906048,24.0,Female,Sales,APAC,65,7.2,6,3.0,5,The UI update makes navigation horrible. Features crash constantly on Chrome.
RESP-10466,2026-09-01 09:42:07.906048,44.0,Male,Sales,EMEA,7,5.0,6,3.0,4,Billing is a nightmare. I was overcharged twice and customer support was completely unresponsive.
RESP-10467,2026-07-17 10:19:07.906048,38.0,Female,Product,EMEA,29,7.1,7,4.0,3,"Support is fine, but response times could be improved."
RESP-10468,2026-09-13 03:40:07.906048,49.0,Male,Engineering,APAC,89,9.9,10,5.0,1,Customer support was very responsive and resolved my billing issue in 10 minutes.
RESP-10469,2026-07-13 11:29:07.906048,35.0,Male,Product,North America,79,8.1,9,4.0,4,Our account manager is fantastic. Keep up the great work!
RESP-10470,2026-07-06 00:51:07.906048,27.0,Male,Engineering,North America,7,5.3,3,2.0,6,Customer service takes 4 days to reply. We are considering switching providers.
RESP-10471,2026-08-04 08:09:07.906048,33.0,Male,Product,APAC,3,4.6,3,2.0,6,Customer service takes 4 days to reply. We are considering switching providers.
RESP-10472,2026-06-25 11:41:07.906048,20.0,Male,Engineering,EMEA,4,7.6,10,4.0,2,The software platform is exceptionally intuitive and saves our team hours.
RESP-10473,2026-06-24 05:13:07.906048,24.0,Non-Binary,Product,EMEA,30,5.5,5,2.0,5,Customer service takes 4 days to reply. We are considering switching providers.
RESP-10474,2026-08-04 13:58:07.906048,45.0,Male,Customer Support,APAC,32,6.5,8,4.0,3,The interface is standard. A few bugs here and there.
RESP-10475,2026-07-10 07:12:07.906048,44.0,Male,Product,APAC,27,7.4,7,4.0,2,"Support is fine, but response times could be improved."
RESP-10476,2026-06-21 18:47:07.906048,39.0,Male,Engineering,LATAM,10,7.9,6,4.0,3,Constant downtime and sync errors. Frustrating and unhelpful.
RESP-10477,2026-07-17 14:03:07.906048,18.0,Female,Customer Support,EMEA,5,4.4,4,1.0,7,Customer service takes 4 days to reply. We are considering switching providers.
RESP-10478,2026-08-02 21:41:07.906048,32.0,Male,Product,EMEA,21,9.9,8,4.0,2,"Support is fine, but response times could be improved."
RESP-10479,2026-07-26 10:14:07.906048,23.0,Female,Customer Support,EMEA,16,9.8,9,4.0,3,Customer support was very responsive and resolved my billing issue in 10 minutes.
RESP-10480,2026-07-03 03:11:07.906048,47.0,Male,Customer Support,North America,32,5.1,5,3.0,5,
RESP-10481,2026-08-12 02:40:07.906048,30.0,Male,Customer Support,EMEA,14,6.0,7,4.0,2,"Support is fine, but response times could be improved."
RESP-10482,2026-08-23 20:54:07.906048,25.0,Male,Sales,North America,10,6.1,4,3.0,5,Constant downtime and sync errors. Frustrating and unhelpful.
RESP-10483,2026-08-20 17:44:07.906048,36.0,Female,Customer Support,LATAM,9,5.1,5,3.0,5,Terrible experience. Pricing increased without notice and the software is laggy.
RESP-10484,2026-07-26 09:06:07.906048,29.0,Female,Customer Support,EMEA,6,4.3,3,1.0,6,Terrible experience. Pricing increased without notice and the software is laggy. Contact me at user584@example.com if you want more details.
RESP-10485,2026-07-03 07:47:07.906048,50.0,Male,Product,EMEA,8,5.7,5,2.0,6,Constant downtime and sync errors. Frustrating and unhelpful.
RESP-10486,2026-08-04 21:28:07.906048,28.0,Non-Binary,Engineering,North America,3,6.0,6,3.0,4,Terrible experience. Pricing increased without notice and the software is laggy.
RESP-10487,2026-09-09 01:54:07.906048,22.0,Female,Sales,North America,11,6.6,6,3.0,4,The UI update makes navigation horrible. Features crash constantly on Chrome.
RESP-10488,2026-08-02 03:01:07.906048,18.0,Female,Product,North America,1,6.5,9,4.0,4,Great UI and clean design. Very satisfied with recent feature releases.
RESP-10489,2026-07-08 13:15:07.906048,35.0,Male,Product,EMEA,5,3.4,5,2.0,5,The UI update makes navigation horrible. Features crash constantly on Chrome.
RESP-10490,2026-06-29 07:34:07.906048,30.0,Male,Sales,North America,33,6.7,8,4.0,2,"Average experience overall. Does what it promises, nothing more, nothing less."
RESP-10491,2026-09-13 21:27:07.906048,21.0,Female,Customer Support,EMEA,10,5.4,5,2.0,6,Billing is a nightmare. I was overcharged twice and customer support was completely unresponsive.
RESP-10492,2026-08-26 19:29:07.906048,47.0,Female,Sales,APAC,27,8.0,7,3.0,4,"Support is fine, but response times could be improved. More details at https://internal-feedback-592.org/details."
RESP-10493,2026-07-19 02:35:07.906048,42.0,Female,Engineering,APAC,31,8.3,8,4.0,4,"Average experience overall. Does what it promises, nothing more, nothing less. More details at https://internal-feedback-593.org/details."
RESP-10494,2026-07-17 12:32:07.906048,35.0,Non-Binary,Sales,EMEA,21,3.8,4,2.0,5,Terrible experience. Pricing increased without notice and the software is laggy.
RESP-10495,2026-09-09 12:15:07.906048,49.0,Female,Sales,North America,77,2.7,2,1.0,6,The UI update makes navigation horrible. Features crash constantly on Chrome.
RESP-10496,2026-07-06 22:07:07.906048,42.0,Female,Customer Support,APAC,1,4.4,3,2.0,6,Constant downtime and sync errors. Frustrating and unhelpful.
RESP-10497,2026-08-08 02:15:07.906048,27.0,Female,Engineering,APAC,33,6.8,7,4.0,1,"Features are acceptable, but pricing seems a bit high for small teams."
RESP-10498,2026-08-24 03:45:07.906048,25.0,Female,Product,North America,77,8.7,8,4.0,2,"Features are acceptable, but pricing seems a bit high for small teams."
RESP-10499,2026-07-26 14:47:07.906048,44.0,Male,Product,APAC,48,7.3,8,4.0,3,"Features are acceptable, but pricing seems a bit high for small teams."
RESP-10500,2026-06-24 12:46:07.906048,39.0,Female,Customer Support,North America,5,7.2,8,4.0,3,"Support is fine, but response times could be improved."
RESP-10501,2026-07-11 10:32:07.906048,37.0,Female,Customer Support,APAC,10,3.5,5,3.0,4,Terrible experience. Pricing increased without notice and the software is laggy.
RESP-10502,2026-09-10 02:29:07.906048,27.0,Female,Sales,LATAM,5,7.4,6,4.0,4,Terrible experience. Pricing increased without notice and the software is laggy.
RESP-10503,2026-08-07 00:31:07.906048,42.0,Female,Marketing,North America,23,7.6,8,5.0,2,"Support is fine, but response times could be improved."
RESP-10504,2026-09-02 07:56:07.906048,28.0,Female,Customer Support,APAC,30,2.5,1,2.0,5,The UI update makes navigation horrible. Features crash constantly on Chrome.
RESP-10505,2026-08-09 22:51:07.906048,34.0,Male,Engineering,EMEA,10,9.7,8,5.0,2,"Average experience overall. Does what it promises, nothing more, nothing less."
RESP-10506,2026-09-13 20:45:07.906048,50.0,Male,Product,LATAM,19,7.4,7,4.0,3,"Support is fine, but response times could be improved."
RESP-10507,2026-09-10 18:18:07.906048,29.0,Male,Marketing,EMEA,29,7.1,9,4.0,2,Our account manager is fantastic. Keep up the great work!
RESP-10508,2026-08-03 09:37:07.906048,20.0,Male,Product,APAC,14,6.0,5,3.0,5,Customer service takes 4 days to reply. We are considering switching providers. Contact me at user608@example.com if you want more details.
RESP-10509,2026-07-19 14:03:07.906048,25.0,Male,Marketing,North America,47,8.4,10,4.0,3,"Fast performance, excellent reliability, and helpful documentation."
RESP-10510,2026-08-14 02:11:07.906048,45.0,Female,Customer Support,North America,36,3.7,5,3.0,5,Terrible experience. Pricing increased without notice and the software is laggy.
RESP-10511,2026-08-20 16:20:07.906048,38.0,Male,Sales,North America,2,7.2,7,4.0,5,"Features are acceptable, but pricing seems a bit high for small teams."
RESP-10512,2026-08-04 19:01:07.906048,34.0,Male,Product,LATAM,24,8.5,10,4.0,3,Customer support was very responsive and resolved my billing issue in 10 minutes.
RESP-10513,2026-09-02 22:42:07.906048,30.0,Male,Product,APAC,7,5.8,6,3.0,4,Constant downtime and sync errors. Frustrating and unhelpful.
RESP-10514,2026-07-07 10:34:07.906048,40.0,Male,Engineering,APAC,20,10.0,9,4.0,3,Our account manager is fantastic. Keep up the great work!
RESP-10515,2026-07-21 00:54:07.906048,27.0,Female,Engineering,LATAM,76,8.0,10,5.0,3,Our account manager is fantastic. Keep up the great work!
RESP-10516,2026-08-21 17:09:07.906048,39.0,Male,Sales,North America,51,7.0,7,3.0,5,"The application works fine, but performance slows down occasionally during peak hours."
RESP-10517,2026-07-13 03:25:07.906048,28.0,Male,Marketing,North America,13,4.2,4,2.0,5,Customer service takes 4 days to reply. We are considering switching providers.
RESP-10518,2026-07-30 12:38:07.906048,27.0,Prefer not to say,Product,North America,9,10.0,9,4.0,3,Great UI and clean design. Very satisfied with recent feature releases.
RESP-10519,2026-09-15 16:14:07.906048,29.0,Female,Engineering,North America,7,5.9,8,5.0,2,"The application works fine, but performance slows down occasionally during peak hours."
RESP-10520,2026-08-16 06:28:07.906048,32.0,Female,Customer Support,North America,19,7.0,8,4.0,3,"The application works fine, but performance slows down occasionally during peak hours."
RESP-10521,2026-09-14 08:32:07.906048,35.0,Female,Sales,EMEA,3,4.5,5,3.0,5,Customer service takes 4 days to reply. We are considering switching providers.
RESP-10522,2026-08-24 23:03:07.906048,38.0,Male,Product,North America,20,6.4,6,4.0,3,The UI update makes navigation horrible. Features crash constantly on Chrome.
RESP-10523,2026-08-25 03:51:07.906048,18.0,Female,Marketing,North America,1,7.7,9,4.0,4,Customer support was very responsive and resolved my billing issue in 10 minutes.
RESP-10524,2026-08-13 04:59:07.906048,27.0,Female,Marketing,North America,10,8.0,9,5.0,3,Great UI and clean design. Very satisfied with recent feature releases.
RESP-10525,2026-07-03 17:45:07.906048,32.0,Prefer not to say,Sales,North America,6,4.1,3,2.0,6,Constant downtime and sync errors. Frustrating and unhelpful.
RESP-10526,2026-08-06 17:09:07.906048,51.0,Female,Sales,LATAM,86,7.6,5,3.0,5,The UI update makes navigation horrible. Features crash constantly on Chrome.
RESP-10527,2026-07-13 16:20:07.906048,25.0,Male,Sales,APAC,32,7.6,8,3.0,5,"The application works fine, but performance slows down occasionally during peak hours."
RESP-10528,2026-09-18 19:42:07.906048,37.0,Female,Engineering,LATAM,11,6.3,4,2.0,6,Constant downtime and sync errors. Frustrating and unhelpful.
RESP-10529,2026-07-14 23:13:07.906048,50.0,Male,Product,EMEA,3,9.7,10,4.0,4,Great UI and clean design. Very satisfied with recent feature releases. More details at https://internal-feedback-629.org/details.
RESP-10530,2026-07-11 16:51:07.906048,22.0,Male,Marketing,North America,18,4.3,4,3.0,4,The UI update makes navigation horrible. Features crash constantly on Chrome.
RESP-10531,2026-08-16 02:10:07.906048,39.0,Male,Product,APAC,6,6.4,8,5.0,1,"Average experience overall. Does what it promises, nothing more, nothing less."
RESP-10532,2026-08-05 22:13:07.906048,27.0,Male,Product,North America,19,8.0,7,4.0,3,"The application works fine, but performance slows down occasionally during peak hours."
RESP-10533,2026-06-22 20:42:07.906048,30.0,Female,Customer Support,North America,44,4.2,6,3.0,5,Terrible experience. Pricing increased without notice and the software is laggy.
RESP-10534,2026-07-02 14:22:07.906048,,Female,Marketing,North America,23,6.9,6,3.0,5,Terrible experience. Pricing increased without notice and the software is laggy. More details at https://internal-feedback-634.org/details.
RESP-10535,2026-09-01 22:26:07.906048,,Female,Product,North America,25,7.7,9,4.0,3,Customer support was very responsive and resolved my billing issue in 10 minutes.
RESP-10536,2026-08-03 11:21:07.906048,63.0,Male,Marketing,North America,19,6.2,9,5.0,3,"Fast performance, excellent reliability, and helpful documentation. You can reach my direct desk at +1-555-01636 to discuss."
RESP-10537,2026-07-04 01:58:07.906048,44.0,Male,Engineering,North America,63,8.9,7,5.0,3,The interface is standard. A few bugs here and there.
RESP-10538,2026-08-01 19:30:07.906048,47.0,Female,Sales,EMEA,65,5.7,6,3.0,4,Billing is a nightmare. I was overcharged twice and customer support was completely unresponsive.
RESP-10539,2026-07-13 17:23:07.906048,40.0,Male,Engineering,North America,18,8.0,10,5.0,2,Customer support was very responsive and resolved my billing issue in 10 minutes.
RESP-10540,2026-07-11 01:32:07.906048,,Female,Product,North America,9,9.0,9,5.0,1,Our account manager is fantastic. Keep up the great work!
RESP-10541,2026-09-15 03:16:07.906048,39.0,Male,Customer Support,APAC,15,6.7,7,3.0,5,The interface is standard. A few bugs here and there.
RESP-10542,2026-07-23 12:33:07.906048,46.0,Non-Binary,Engineering,North America,5,8.9,10,5.0,2,Customer support was very responsive and resolved my billing issue in 10 minutes.
RESP-10543,2026-06-25 02:52:07.906048,27.0,Female,Customer Support,North America,25,3.8,4,4.0,4,The UI update makes navigation horrible. Features crash constantly on Chrome.
RESP-10544,2026-09-16 06:29:07.906048,45.0,Male,Customer Support,APAC,17,6.3,4,2.0,6,The UI update makes navigation horrible. Features crash constantly on Chrome.
RESP-10545,2026-08-31 11:26:07.906048,43.0,Female,Sales,North America,3,4.7,6,4.0,4,Constant downtime and sync errors. Frustrating and unhelpful. You can reach my direct desk at +1-555-01645 to discuss.
RESP-10546,2026-07-13 20:06:07.906048,54.0,Male,Engineering,North America,6,5.8,3,3.0,4,The UI update makes navigation horrible. Features crash constantly on Chrome.
RESP-10547,2026-07-27 17:47:07.906048,,Male,Customer Support,EMEA,16,5.4,5,3.0,4,The UI update makes navigation horrible. Features crash constantly on Chrome.
RESP-10548,2026-09-06 13:07:07.906048,25.0,Female,Customer Support,North America,53,4.1,6,3.0,5,Billing is a nightmare. I was overcharged twice and customer support was completely unresponsive.
RESP-10549,2026-07-23 02:35:07.906048,32.0,Female,Marketing,EMEA,21,7.7,7,3.0,3,
RESP-10550,2026-08-11 00:10:07.906048,50.0,Female,Customer Support,APAC,28,6.7,6,4.0,2,The UI update makes navigation horrible. Features crash constantly on Chrome.
RESP-10551,2026-08-08 01:52:07.906048,18.0,Male,Product,North America,10,4.4,6,2.0,5,Billing is a nightmare. I was overcharged twice and customer support was completely unresponsive.
RESP-10552,2026-07-27 01:22:07.906048,18.0,Male,Customer Support,EMEA,21,4.3,3,2.0,5,Billing is a nightmare. I was overcharged twice and customer support was completely unresponsive.
RESP-10553,2026-08-17 11:54:07.906048,36.0,Female,Customer Support,EMEA,15,3.3,1,2.0,5,Customer service takes 4 days to reply. We are considering switching providers.
RESP-10554,2026-08-02 12:53:07.906048,31.0,Male,Product,North America,26,6.6,7,4.0,2,"The application works fine, but performance slows down occasionally during peak hours."
RESP-10555,2026-06-22 20:26:07.906048,36.0,Male,Sales,EMEA,2,6.7,6,2.0,5,Terrible experience. Pricing increased without notice and the software is laggy.
RESP-10556,2026-09-02 05:39:07.906048,45.0,Female,Engineering,North America,17,7.3,5,4.0,4,Billing is a nightmare. I was overcharged twice and customer support was completely unresponsive.
RESP-10557,2026-07-01 02:59:07.906048,30.0,Female,Engineering,EMEA,9,6.8,8,5.0,2,
RESP-10558,2026-08-01 17:01:07.906048,18.0,Male,Marketing,North America,10,8.5,9,5.0,1,The software platform is exceptionally intuitive and saves our team hours.
RESP-10559,2026-08-12 03:10:07.906048,56.0,Non-Binary,Customer Support,EMEA,78,2.0,1,1.0,7,Constant downtime and sync errors. Frustrating and unhelpful.
RESP-10560,2026-08-23 10:28:07.906048,,Female,Marketing,North America,5,8.4,8,4.0,3,"The application works fine, but performance slows down occasionally during peak hours."
RESP-10561,2026-07-27 21:54:07.906048,25.0,Female,Engineering,APAC,9,6.9,8,4.0,2,"Support is fine, but response times could be improved."
RESP-10562,2026-08-26 03:22:07.906048,47.0,Female,Engineering,North America,18,7.6,9,5.0,3,The software platform is exceptionally intuitive and saves our team hours.
RESP-10563,2026-07-02 18:17:07.906048,,Male,Engineering,EMEA,48,6.9,6,3.0,5,Customer service takes 4 days to reply. We are considering switching providers. Contact me at user663@example.com if you want more details.
RESP-10564,2026-08-18 18:01:07.906048,35.0,Female,Sales,EMEA,13,8.3,9,5.0,2,Great UI and clean design. Very satisfied with recent feature releases.
RESP-10565,2026-09-03 07:28:07.906048,40.0,Female,Customer Support,APAC,33,3.7,5,3.0,4,Billing is a nightmare. I was overcharged twice and customer support was completely unresponsive.
RESP-10566,2026-09-08 23:46:07.906048,46.0,Male,Sales,EMEA,47,6.0,7,4.0,4,The interface is standard. A few bugs here and there.
RESP-10567,2026-08-12 02:26:07.906048,32.0,Male,Sales,EMEA,9,6.8,7,3.0,5,The interface is standard. A few bugs here and there.
RESP-10568,2026-07-19 02:26:07.906048,51.0,Female,Product,APAC,12,4.9,4,2.0,5,Customer service takes 4 days to reply. We are considering switching providers.
RESP-10569,2026-07-05 15:26:07.906048,18.0,Female,Sales,APAC,11,4.6,4,2.0,6,Constant downtime and sync errors. Frustrating and unhelpful.
RESP-10570,2026-07-22 00:59:07.906048,43.0,Male,Customer Support,North America,43,5.3,6,5.0,1,Constant downtime and sync errors. Frustrating and unhelpful.
RESP-10571,2026-08-08 12:55:07.906048,27.0,Female,Marketing,EMEA,2,5.2,8,5.0,2,"The application works fine, but performance slows down occasionally during peak hours."
RESP-10572,2026-07-08 14:39:07.906048,49.0,Female,Sales,APAC,9,4.8,4,3.0,5,Billing is a nightmare. I was overcharged twice and customer support was completely unresponsive.
RESP-10573,2026-09-14 16:00:07.906048,37.0,Male,Customer Support,LATAM,28,5.0,6,4.0,3,Constant downtime and sync errors. Frustrating and unhelpful.
RESP-10574,2026-09-09 16:23:07.906048,29.0,Female,Product,APAC,21,8.3,8,5.0,2,"Average experience overall. Does what it promises, nothing more, nothing less."
RESP-10575,2026-06-23 21:46:07.906048,42.0,Male,Product,North America,14,6.8,7,4.0,4,"Average experience overall. Does what it promises, nothing more, nothing less."
RESP-10576,2026-08-10 12:25:07.906048,44.0,Male,Engineering,North America,19,9.3,10,4.0,4,"Fast performance, excellent reliability, and helpful documentation."
RESP-10577,2026-08-30 23:29:07.906048,,Female,Product,EMEA,6,5.8,7,4.0,2,"The application works fine, but performance slows down occasionally during peak hours."
RESP-10578,2026-07-13 00:37:07.906048,25.0,Female,Sales,APAC,14,4.1,2,2.0,6,Terrible experience. Pricing increased without notice and the software is laggy.
RESP-10579,2026-08-07 02:11:07.906048,31.0,Male,Sales,EMEA,17,8.9,8,3.0,4,"Features are acceptable, but pricing seems a bit high for small teams."
RESP-10580,2026-07-27 11:31:07.906048,35.0,Male,Sales,EMEA,56,5.0,7,3.0,5,"Support is fine, but response times could be improved. Contact me at user680@example.com if you want more details."
RESP-10581,2026-07-08 15:07:07.906048,35.0,Non-Binary,Product,APAC,8,5.3,6,4.0,3,Billing is a nightmare. I was overcharged twice and customer support was completely unresponsive.
RESP-10582,2026-08-15 06:24:07.906048,43.0,Male,Sales,North America,49,3.4,2,2.0,5,Terrible experience. Pricing increased without notice and the software is laggy.
RESP-10583,2026-09-18 08:57:07.906048,18.0,Female,Sales,APAC,25,7.6,6,3.0,6,Constant downtime and sync errors. Frustrating and unhelpful. More details at https://internal-feedback-683.org/details.
RESP-10584,2026-07-23 19:36:07.906048,39.0,Male,Customer Support,EMEA,1,5.0,6,3.0,6,Billing is a nightmare. I was overcharged twice and customer support was completely unresponsive.
RESP-10585,2026-08-09 15:43:07.906048,33.0,Female,Engineering,North America,31,7.3,9,5.0,2,"Fast performance, excellent reliability, and helpful documentation."
RESP-10586,2026-07-20 10:44:07.906048,27.0,Female,Engineering,EMEA,1,7.5,8,,4,"The application works fine, but performance slows down occasionally during peak hours."
RESP-10587,2026-09-07 20:47:07.906048,28.0,Female,Engineering,APAC,120,9.2,10,5.0,1,Our account manager is fantastic. Keep up the great work!
RESP-10588,2026-09-06 18:07:07.906048,33.0,Female,Engineering,North America,50,7.4,9,4.0,4,The software platform is exceptionally intuitive and saves our team hours.
RESP-10589,2026-07-07 00:44:07.906048,18.0,Male,Engineering,North America,9,10.0,10,5.0,2,Customer support was very responsive and resolved my billing issue in 10 minutes.
RESP-10590,2026-09-09 22:28:07.906048,28.0,Female,Engineering,LATAM,8,7.9,7,3.0,6,"Support is fine, but response times could be improved."
RESP-10591,2026-07-04 13:50:07.906048,27.0,Female,Customer Support,North America,12,7.1,6,3.0,5,Billing is a nightmare. I was overcharged twice and customer support was completely unresponsive.
RESP-10592,2026-06-29 12:44:07.906048,41.0,Female,Engineering,EMEA,11,8.9,9,5.0,3,Our account manager is fantastic. Keep up the great work!
RESP-10593,2026-08-18 16:55:07.906048,27.0,Male,Sales,EMEA,12,5.9,5,3.0,3,Terrible experience. Pricing increased without notice and the software is laggy.
RESP-10594,2026-07-25 16:08:07.906048,33.0,Male,Product,EMEA,10,6.4,9,5.0,3,"Fast performance, excellent reliability, and helpful documentation."
RESP-10595,2026-08-07 16:58:07.906048,51.0,Female,Sales,EMEA,24,6.5,9,5.0,2,
RESP-10596,2026-08-18 16:08:07.906048,45.0,Female,Customer Support,North America,5,6.3,7,5.0,3,The interface is standard. A few bugs here and there. More details at https://internal-feedback-696.org/details.
RESP-10597,2026-06-25 16:42:07.906048,45.0,Female,Engineering,EMEA,45,6.8,5,5.0,1,Billing is a nightmare. I was overcharged twice and customer support was completely unresponsive.
RESP-10598,2026-07-17 07:21:07.906048,31.0,Male,Engineering,North America,41,7.9,7,3.0,4,"Features are acceptable, but pricing seems a bit high for small teams."
RESP-10599,2026-08-01 10:08:07.906048,41.0,Male,Engineering,EMEA,16,9.6,10,3.0,4,Great UI and clean design. Very satisfied with recent feature releases. You can reach my direct desk at +1-555-01699 to discuss.
RESP-10600,2026-07-14 22:24:07.906048,33.0,Male,Engineering,North America,46,10.0,9,5.0,1,Our account manager is fantastic. Keep up the great work!
RESP-10601,2026-06-25 08:21:07.906048,34.0,Male,Sales,EMEA,7,7.3,9,5.0,2,The software platform is exceptionally intuitive and saves our team hours.
RESP-10602,2026-06-28 17:48:07.906048,40.0,Female,Engineering,North America,1,10.0,10,5.0,2,The software platform is exceptionally intuitive and saves our team hours. You can reach my direct desk at +1-555-01702 to discuss.
RESP-10603,2026-09-01 02:21:07.906048,30.0,Male,Engineering,North America,24,6.8,7,,3,"Support is fine, but response times could be improved."
RESP-10604,2026-09-10 23:10:07.906048,50.0,Male,Engineering,North America,15,8.8,8,4.0,3,"Features are acceptable, but pricing seems a bit high for small teams."
RESP-10605,2026-07-04 15:24:07.906048,34.0,Female,Sales,North America,21,8.0,8,5.0,2,"Features are acceptable, but pricing seems a bit high for small teams."
RESP-10606,2026-07-13 08:59:07.906048,42.0,Female,Engineering,APAC,56,6.4,7,5.0,2,The interface is standard. A few bugs here and there.
RESP-10607,2026-08-18 15:26:07.906048,,Male,Sales,North America,85,5.3,7,3.0,4,"The application works fine, but performance slows down occasionally during peak hours."
RESP-10608,2026-09-14 19:48:07.906048,46.0,Male,Customer Support,LATAM,25,8.1,7,3.0,4,The interface is standard. A few bugs here and there. Contact me at user708@example.com if you want more details.
RESP-10609,2026-07-17 21:41:07.906048,21.0,Female,Customer Support,LATAM,35,4.0,4,3.0,4,Terrible experience. Pricing increased without notice and the software is laggy.
RESP-10610,2026-09-05 21:50:07.906048,40.0,Male,Engineering,EMEA,3,5.7,6,3.0,6,Customer service takes 4 days to reply. We are considering switching providers.
RESP-10611,2026-08-05 11:35:07.906048,44.0,Male,Marketing,North America,5,8.8,10,5.0,1,"Fast performance, excellent reliability, and helpful documentation."
RESP-10612,2026-09-15 00:44:07.906048,44.0,Female,Customer Support,North America,32,7.3,6,4.0,4,The UI update makes navigation horrible. Features crash constantly on Chrome.
RESP-10613,2026-07-03 04:54:07.906048,,Female,Engineering,APAC,14,8.3,6,4.0,2,Billing is a nightmare. I was overcharged twice and customer support was completely unresponsive.
RESP-10614,2026-09-16 13:42:07.906048,29.0,Female,Product,North America,15,7.2,8,5.0,2,"The application works fine, but performance slows down occasionally during peak hours."
RESP-10615,2026-07-30 15:05:07.906048,45.0,Male,Product,North America,9,6.6,4,3.0,5,Constant downtime and sync errors. Frustrating and unhelpful.
RESP-10616,2026-09-14 16:55:07.906048,28.0,Female,Engineering,EMEA,23,8.1,10,4.0,2,Great UI and clean design. Very satisfied with recent feature releases.
RESP-10617,2026-08-01 05:21:07.906048,33.0,Female,Sales,APAC,5,8.4,8,4.0,3,The interface is standard. A few bugs here and there. You can reach my direct desk at +1-555-01717 to discuss.
RESP-10618,2026-08-07 15:33:07.906048,51.0,Male,Marketing,APAC,24,6.9,5,3.0,3,Terrible experience. Pricing increased without notice and the software is laggy.
RESP-10619,2026-09-01 08:53:07.906048,35.0,Male,Marketing,North America,5,9.8,9,5.0,2,Customer support was very responsive and resolved my billing issue in 10 minutes.
RESP-10620,2026-08-24 23:27:07.906048,,Female,Engineering,EMEA,2,6.4,7,4.0,3,"Features are acceptable, but pricing seems a bit high for small teams."
RESP-10621,2026-08-15 16:55:07.906048,27.0,Female,Engineering,North America,10,7.7,7,5.0,3,"The application works fine, but performance slows down occasionally during peak hours."
RESP-10622,2026-07-28 11:15:07.906048,39.0,Male,Sales,North America,7,5.4,5,3.0,5,Customer service takes 4 days to reply. We are considering switching providers.
RESP-10623,2026-08-31 06:15:07.906048,22.0,Male,Sales,APAC,53,4.4,6,4.0,4,Customer service takes 4 days to reply. We are considering switching providers.
RESP-10624,2026-09-14 06:45:07.906048,33.0,Male,Customer Support,North America,2,5.3,5,5.0,2,The UI update makes navigation horrible. Features crash constantly on Chrome.
RESP-10625,2026-06-21 19:46:07.906048,39.0,Female,Sales,North America,5,6.6,5,3.0,4,Terrible experience. Pricing increased without notice and the software is laggy. Contact me at user725@example.com if you want more details.
RESP-10626,2026-08-12 20:19:07.906048,48.0,Male,Sales,North America,20,6.8,6,4.0,4,Customer service takes 4 days to reply. We are considering switching providers. Contact me at user726@example.com if you want more details.
RESP-10627,2026-09-06 21:06:07.906048,42.0,Male,Marketing,APAC,16,9.8,10,4.0,3,Great UI and clean design. Very satisfied with recent feature releases.
RESP-10628,2026-08-18 17:18:07.906048,28.0,Male,Engineering,APAC,2,8.4,10,5.0,3,Our account manager is fantastic. Keep up the great work!
RESP-10629,2026-09-01 00:22:07.906048,47.0,Male,Sales,EMEA,1,7.7,5,2.0,5,Customer service takes 4 days to reply. We are considering switching providers.
RESP-10630,2026-09-09 11:54:07.906048,33.0,Female,Marketing,APAC,107,6.6,8,5.0,1,"Support is fine, but response times could be improved. More details at https://internal-feedback-730.org/details."
RESP-10631,2026-08-27 12:38:07.906048,23.0,Female,Product,North America,26,9.8,10,5.0,1,
RESP-10632,2026-08-24 11:20:07.906048,34.0,Male,Customer Support,EMEA,11,9.1,10,,3,Our account manager is fantastic. Keep up the great work!
RESP-10633,2026-09-15 18:26:07.906048,50.0,Male,Customer Support,North America,16,6.3,5,4.0,5,Terrible experience. Pricing increased without notice and the software is laggy. Contact me at user733@example.com if you want more details.
RESP-10634,2026-09-06 16:08:07.906048,37.0,Male,Engineering,North America,8,6.2,4,3.0,4,The UI update makes navigation horrible. Features crash constantly on Chrome.
RESP-10635,2026-09-02 07:47:07.906048,36.0,Female,Sales,EMEA,11,5.2,6,4.0,3,Customer service takes 4 days to reply. We are considering switching providers.
RESP-10636,2026-06-28 17:12:07.906048,,Male,Customer Support,LATAM,26,5.9,4,2.0,6,Customer service takes 4 days to reply. We are considering switching providers.
RESP-10637,2026-07-12 10:53:07.906048,21.0,Male,Engineering,North America,52,8.4,6,4.0,4,Terrible experience. Pricing increased without notice and the software is laggy.
RESP-10638,2026-08-10 01:10:07.906048,23.0,Female,Sales,North America,5,7.0,5,4.0,2,The UI update makes navigation horrible. Features crash constantly on Chrome. Contact me at user738@example.com if you want more details.
RESP-10639,2026-08-23 19:13:07.906048,19.0,Female,Sales,North America,45,6.7,8,4.0,4,The interface is standard. A few bugs here and there.
RESP-10640,2026-07-18 05:31:07.906048,39.0,Male,Engineering,North America,4,7.7,8,3.0,4,"Features are acceptable, but pricing seems a bit high for small teams."
RESP-10641,2026-06-29 08:10:07.906048,37.0,Male,Sales,LATAM,6,5.0,6,3.0,4,The UI update makes navigation horrible. Features crash constantly on Chrome.
RESP-10642,2026-07-18 22:33:07.906048,51.0,Male,Engineering,EMEA,1,8.3,9,5.0,2,Customer support was very responsive and resolved my billing issue in 10 minutes.
RESP-10643,2026-08-29 08:00:07.906048,38.0,Male,Sales,EMEA,4,8.8,8,5.0,1,"Average experience overall. Does what it promises, nothing more, nothing less."
RESP-10644,2026-09-07 21:46:07.906048,31.0,Female,Engineering,APAC,60,9.2,9,4.0,2,The software platform is exceptionally intuitive and saves our team hours.
RESP-10645,2026-09-11 02:27:07.906048,36.0,Female,Product,North America,15,8.1,7,3.0,5,"Support is fine, but response times could be improved."
RESP-10646,2026-07-25 00:56:07.906048,37.0,Male,Customer Support,EMEA,2,7.0,7,3.0,5,The interface is standard. A few bugs here and there.
RESP-10647,2026-07-24 11:15:07.906048,19.0,Male,Customer Support,EMEA,78,4.9,3,2.0,5,Customer service takes 4 days to reply. We are considering switching providers.
RESP-10648,2026-07-27 13:04:07.906048,63.0,Male,Marketing,EMEA,51,5.7,6,4.0,2,Constant downtime and sync errors. Frustrating and unhelpful.
RESP-10649,2026-07-24 18:19:07.906048,41.0,Male,Sales,LATAM,34,4.9,7,4.0,3,
RESP-10650,2026-08-19 21:34:07.906048,38.0,Female,Engineering,APAC,66,7.5,6,3.0,5,Terrible experience. Pricing increased without notice and the software is laggy.
RESP-10651,2026-07-23 04:33:07.906048,42.0,Male,Customer Support,North America,6,4.9,7,5.0,4,"The application works fine, but performance slows down occasionally during peak hours."
RESP-10652,2026-06-22 18:31:07.906048,43.0,Female,Customer Support,APAC,44,7.3,7,4.0,4,"Features are acceptable, but pricing seems a bit high for small teams."
RESP-10653,2026-07-30 10:52:07.906048,34.0,Female,Marketing,North America,29,5.8,6,4.0,4,Constant downtime and sync errors. Frustrating and unhelpful. Contact me at user753@example.com if you want more details.
RESP-10654,2026-07-11 02:45:07.906048,29.0,Female,Sales,North America,49,4.8,2,,6,Terrible experience. Pricing increased without notice and the software is laggy.
RESP-10655,2026-06-23 12:48:07.906048,41.0,Female,Engineering,North America,39,10.0,7,2.0,6,"The application works fine, but performance slows down occasionally during peak hours. More details at https://internal-feedback-755.org/details."
RESP-10656,2026-08-02 07:36:07.906048,39.0,Female,Sales,North America,11,5.3,6,2.0,6,Billing is a nightmare. I was overcharged twice and customer support was completely unresponsive.
RESP-10657,2026-07-09 11:26:07.906048,27.0,Female,Sales,EMEA,36,6.2,7,3.0,4,"The application works fine, but performance slows down occasionally during peak hours."
RESP-10658,2026-07-31 16:30:07.906048,50.0,Female,Customer Support,EMEA,8,6.2,5,3.0,5,Constant downtime and sync errors. Frustrating and unhelpful.
RESP-10659,2026-07-15 22:31:07.906048,38.0,Female,Customer Support,LATAM,10,3.8,6,2.0,4,Constant downtime and sync errors. Frustrating and unhelpful.
RESP-10660,2026-08-14 06:35:07.906048,43.0,Male,Sales,EMEA,3,7.9,9,5.0,1,The software platform is exceptionally intuitive and saves our team hours.
RESP-10661,2026-09-18 02:52:07.906048,49.0,Female,Product,EMEA,66,8.3,7,4.0,2,The interface is standard. A few bugs here and there.
RESP-10662,2026-08-09 04:36:07.906048,36.0,Female,Customer Support,North America,9,7.8,8,5.0,1,"Features are acceptable, but pricing seems a bit high for small teams."
RESP-10663,2026-08-18 03:52:07.906048,39.0,Male,Engineering,North America,18,6.7,10,4.0,3,Our account manager is fantastic. Keep up the great work!
RESP-10664,2026-09-11 16:13:07.906048,44.0,Male,Engineering,EMEA,12,7.8,6,4.0,2,Billing is a nightmare. I was overcharged twice and customer support was completely unresponsive.
RESP-10665,2026-07-24 14:25:07.906048,28.0,Male,Engineering,EMEA,78,7.8,9,5.0,3,Great UI and clean design. Very satisfied with recent feature releases.
RESP-10666,2026-07-05 22:19:07.906048,36.0,Female,Engineering,APAC,10,8.1,8,5.0,3,"The application works fine, but performance slows down occasionally during peak hours."
RESP-10667,2026-07-16 09:25:07.906048,37.0,Male,Engineering,North America,37,5.5,7,4.0,4,"Average experience overall. Does what it promises, nothing more, nothing less."
RESP-10668,2026-07-27 04:37:07.906048,26.0,Female,Engineering,North America,47,7.9,10,5.0,2,"Fast performance, excellent reliability, and helpful documentation."
RESP-10669,2026-08-17 23:49:07.906048,59.0,Female,Sales,EMEA,14,3.9,3,3.0,5,Constant downtime and sync errors. Frustrating and unhelpful.
RESP-10670,2026-06-21 08:29:07.906048,21.0,Female,Engineering,North America,12,8.2,10,5.0,2,Great UI and clean design. Very satisfied with recent feature releases.
RESP-10671,2026-09-05 17:53:07.906048,23.0,Male,Product,North America,34,4.1,7,4.0,4,
RESP-10672,2026-06-27 18:56:07.906048,49.0,Female,Engineering,APAC,59,4.9,5,2.0,5,Terrible experience. Pricing increased without notice and the software is laggy.
RESP-10673,2026-09-09 23:59:07.906048,43.0,Female,Customer Support,North America,34,6.7,8,5.0,3,"The application works fine, but performance slows down occasionally during peak hours."
RESP-10674,2026-09-14 09:21:07.906048,25.0,Female,Sales,EMEA,7,5.2,4,4.0,4,Terrible experience. Pricing increased without notice and the software is laggy. Contact me at user774@example.com if you want more details.
RESP-10675,2026-09-18 01:12:07.906048,42.0,Male,Product,North America,53,5.8,6,3.0,3,Constant downtime and sync errors. Frustrating and unhelpful.
RESP-10676,2026-09-01 19:07:07.906048,50.0,Male,Engineering,North America,12,9.6,9,5.0,1,Great UI and clean design. Very satisfied with recent feature releases.
RESP-10677,2026-07-03 16:59:07.906048,35.0,Female,Sales,North America,21,6.5,8,5.0,2,The interface is standard. A few bugs here and there.
RESP-10678,2026-08-23 11:54:07.906048,,Male,Product,APAC,43,8.6,10,5.0,2,Great UI and clean design. Very satisfied with recent feature releases. You can reach my direct desk at +1-555-01778 to discuss.
RESP-10679,2026-07-09 05:45:07.906048,18.0,Male,Product,North America,6,7.1,7,4.0,4,"Features are acceptable, but pricing seems a bit high for small teams."
RESP-10680,2026-09-09 16:22:07.906048,42.0,Male,Marketing,APAC,37,10.0,10,5.0,3,"Fast performance, excellent reliability, and helpful documentation."
RESP-10681,2026-07-19 10:27:07.906048,,Female,Sales,North America,22,5.1,7,4.0,3,"The application works fine, but performance slows down occasionally during peak hours."
RESP-10682,2026-07-20 08:27:07.906048,44.0,Male,Engineering,APAC,54,10.0,10,5.0,3,"Fast performance, excellent reliability, and helpful documentation."
RESP-10683,2026-09-11 12:42:07.906048,33.0,Female,Customer Support,North America,5,5.4,5,3.0,4,Terrible experience. Pricing increased without notice and the software is laggy.
RESP-10684,2026-06-22 03:09:07.906048,33.0,Male,Product,EMEA,14,4.8,4,2.0,6,Constant downtime and sync errors. Frustrating and unhelpful.
RESP-10685,2026-07-08 09:33:07.906048,40.0,Female,Customer Support,EMEA,43,6.2,5,3.0,5,Constant downtime and sync errors. Frustrating and unhelpful.
RESP-10686,2026-07-28 21:57:07.906048,44.0,Female,Customer Support,LATAM,1,6.0,7,5.0,1,"Features are acceptable, but pricing seems a bit high for small teams."
RESP-10687,2026-08-23 00:08:07.906048,42.0,Female,Sales,North America,3,4.4,3,2.0,5,The UI update makes navigation horrible. Features crash constantly on Chrome.
RESP-10688,2026-08-18 05:19:07.906048,46.0,Male,Marketing,North America,112,5.1,6,3.0,4,Customer service takes 4 days to reply. We are considering switching providers.
RESP-10689,2026-08-20 04:30:07.906048,25.0,Female,Engineering,North America,8,7.7,6,3.0,5,The UI update makes navigation horrible. Features crash constantly on Chrome.
RESP-10690,2026-09-08 03:25:07.906048,33.0,Male,Sales,APAC,90,6.5,8,4.0,3,"Features are acceptable, but pricing seems a bit high for small teams."
RESP-10691,2026-07-01 20:00:07.906048,26.0,Female,Sales,EMEA,5,2.3,2,1.0,6,Billing is a nightmare. I was overcharged twice and customer support was completely unresponsive.
RESP-10692,2026-08-06 22:27:07.906048,32.0,Male,Customer Support,APAC,11,7.1,9,5.0,2,Our account manager is fantastic. Keep up the great work!
RESP-10693,2026-08-25 05:36:07.906048,46.0,Male,Engineering,North America,34,7.0,9,4.0,2,Our account manager is fantastic. Keep up the great work! More details at https://internal-feedback-793.org/details.
RESP-10694,2026-08-17 04:35:07.906048,37.0,Male,Engineering,North America,26,5.7,8,4.0,3,The interface is standard. A few bugs here and there.
RESP-10695,2026-07-31 06:56:07.906048,62.0,Male,Customer Support,North America,21,6.9,9,5.0,2,"Fast performance, excellent reliability, and helpful documentation."
RESP-10696,2026-06-22 11:33:07.906048,37.0,Male,Sales,LATAM,19,6.0,6,2.0,5,The UI update makes navigation horrible. Features crash constantly on Chrome.
RESP-10697,2026-06-26 09:09:07.906048,36.0,Female,Customer Support,EMEA,45,7.3,6,2.0,7,Constant downtime and sync errors. Frustrating and unhelpful.
RESP-10698,2026-07-01 15:29:07.906048,37.0,Male,Engineering,LATAM,7,8.4,7,4.0,2,"Average experience overall. Does what it promises, nothing more, nothing less."
RESP-10699,2026-07-21 19:57:07.906048,29.0,Female,Sales,North America,15,6.0,3,1.0,7,Billing is a nightmare. I was overcharged twice and customer support was completely unresponsive.
RESP-10700,2026-07-01 12:42:07.906048,35.0,Male,Customer Support,EMEA,5,5.3,4,2.0,5,The UI update makes navigation horrible. Features crash constantly on Chrome.
RESP-10701,2026-07-29 06:55:07.906048,47.0,Male,Engineering,EMEA,22,8.4,9,3.0,5,Our account manager is fantastic. Keep up the great work!
RESP-10702,2026-07-07 00:27:07.906048,37.0,Female,Sales,North America,7,5.4,5,3.0,4,Customer service takes 4 days to reply. We are considering switching providers.
RESP-10703,2026-08-30 01:34:07.906048,28.0,Female,Engineering,APAC,10,6.4,6,4.0,2,The UI update makes navigation horrible. Features crash constantly on Chrome.
RESP-10704,2026-09-07 08:59:07.906048,26.0,Female,Engineering,LATAM,16,8.6,9,5.0,2,"Fast performance, excellent reliability, and helpful documentation."
RESP-10705,2026-07-26 00:13:07.906048,,Male,Product,APAC,1,7.1,7,5.0,3,"Average experience overall. Does what it promises, nothing more, nothing less."
RESP-10706,2026-08-05 23:03:07.906048,36.0,Male,Sales,APAC,3,6.1,4,3.0,5,Constant downtime and sync errors. Frustrating and unhelpful.
RESP-10707,2026-09-14 18:08:07.906048,47.0,Male,Marketing,North America,28,8.1,8,4.0,4,"Support is fine, but response times could be improved."
RESP-10708,2026-08-08 03:16:07.906048,22.0,Male,Sales,North America,14,5.8,4,2.0,7,Customer service takes 4 days to reply. We are considering switching providers.
RESP-10709,2026-09-18 11:56:07.906048,32.0,Male,Customer Support,LATAM,49,5.5,5,5.0,1,Customer service takes 4 days to reply. We are considering switching providers.
RESP-10710,2026-07-03 17:35:07.906048,37.0,Female,Marketing,North America,29,5.6,8,5.0,2,"Average experience overall. Does what it promises, nothing more, nothing less."
RESP-10711,2026-09-06 12:59:07.906048,18.0,Female,Customer Support,APAC,1,6.1,6,4.0,4,The UI update makes navigation horrible. Features crash constantly on Chrome.
RESP-10712,2026-08-04 16:32:07.906048,27.0,Male,Sales,APAC,24,6.5,9,5.0,1,The software platform is exceptionally intuitive and saves our team hours.
RESP-10713,2026-06-22 23:38:07.906048,29.0,Male,Sales,EMEA,3,7.4,10,5.0,3,Great UI and clean design. Very satisfied with recent feature releases.
RESP-10714,2026-09-16 10:35:07.906048,28.0,Male,Sales,LATAM,37,5.1,4,2.0,5,Billing is a nightmare. I was overcharged twice and customer support was completely unresponsive.
RESP-10715,2026-09-15 19:05:07.906048,37.0,Female,Product,North America,115,6.6,5,3.0,5,Constant downtime and sync errors. Frustrating and unhelpful.
RESP-10716,2026-07-25 10:26:07.906048,34.0,Female,Marketing,North America,19,7.7,8,4.0,5,"Features are acceptable, but pricing seems a bit high for small teams. You can reach my direct desk at +1-555-01816 to discuss."
RESP-10717,2026-09-14 19:31:07.906048,30.0,Female,Product,North America,28,7.7,9,4.0,4,Great UI and clean design. Very satisfied with recent feature releases.
RESP-10718,2026-07-03 15:09:07.906048,40.0,Female,Engineering,EMEA,7,6.3,6,3.0,5,Constant downtime and sync errors. Frustrating and unhelpful.
RESP-10719,2026-08-21 03:37:07.906048,53.0,Female,Marketing,North America,14,8.5,10,5.0,1,"Fast performance, excellent reliability, and helpful documentation. You can reach my direct desk at +1-555-01819 to discuss."
RESP-10720,2026-07-08 05:08:07.906048,52.0,Male,Product,North America,47,4.8,7,4.0,3,"Support is fine, but response times could be improved."
RESP-10721,2026-07-13 03:20:07.906048,18.0,Female,Engineering,APAC,5,8.9,8,5.0,2,"The application works fine, but performance slows down occasionally during peak hours."
RESP-10722,2026-08-30 01:57:07.906048,41.0,Male,Engineering,LATAM,8,5.8,5,2.0,7,Customer service takes 4 days to reply. We are considering switching providers.
RESP-10723,2026-07-24 21:40:07.906048,34.0,Female,Marketing,North America,15,9.3,10,5.0,1,Customer support was very responsive and resolved my billing issue in 10 minutes.
RESP-10724,2026-06-21 13:58:07.906048,37.0,Male,Customer Support,North America,30,3.2,3,1.0,7,Billing is a nightmare. I was overcharged twice and customer support was completely unresponsive.
RESP-10725,2026-07-28 05:20:07.906048,32.0,Female,Marketing,LATAM,12,8.2,7,3.0,4,"The application works fine, but performance slows down occasionally during peak hours."
RESP-10726,2026-07-11 11:12:07.906048,37.0,Female,Engineering,North America,64,7.6,7,3.0,3,"The application works fine, but performance slows down occasionally during peak hours."
RESP-10727,2026-08-21 10:34:07.906048,37.0,Female,Marketing,North America,3,6.0,6,4.0,2,Terrible experience. Pricing increased without notice and the software is laggy.
RESP-10728,2026-07-08 10:35:07.906048,30.0,Non-Binary,Engineering,North America,12,8.0,6,4.0,2,The UI update makes navigation horrible. Features crash constantly on Chrome.
RESP-10729,2026-09-04 17:51:07.906048,27.0,Male,Engineering,EMEA,30,8.6,10,5.0,2,
RESP-10730,2026-07-14 23:30:07.906048,31.0,Female,Engineering,North America,7,6.3,6,2.0,6,Customer service takes 4 days to reply. We are considering switching providers.
RESP-10731,2026-07-26 07:31:07.906048,38.0,Female,Marketing,LATAM,26,5.3,1,2.0,5,Billing is a nightmare. I was overcharged twice and customer support was completely unresponsive.
RESP-10732,2026-07-17 18:20:07.906048,41.0,Male,Customer Support,EMEA,5,6.5,6,3.0,5,Billing is a nightmare. I was overcharged twice and customer support was completely unresponsive.
RESP-10733,2026-08-17 21:27:07.906048,44.0,Female,Customer Support,EMEA,2,2.9,2,1.0,5,The UI update makes navigation horrible. Features crash constantly on Chrome.
RESP-10734,2026-06-30 01:05:07.906048,31.0,Female,Sales,North America,4,5.1,8,4.0,3,The interface is standard. A few bugs here and there.
RESP-10735,2026-08-02 23:16:07.906048,38.0,Male,Product,EMEA,64,10.0,9,5.0,3,The software platform is exceptionally intuitive and saves our team hours.
RESP-10736,2026-07-21 01:00:07.906048,45.0,Non-Binary,Sales,EMEA,20,4.5,3,2.0,7,The UI update makes navigation horrible. Features crash constantly on Chrome.
RESP-10737,2026-09-08 12:19:07.906048,47.0,Female,Marketing,APAC,39,8.2,9,5.0,3,The software platform is exceptionally intuitive and saves our team hours.
RESP-10738,2026-06-27 13:09:07.906048,35.0,Female,Sales,APAC,10,5.1,4,2.0,5,Constant downtime and sync errors. Frustrating and unhelpful.
RESP-10739,2026-09-03 14:43:07.906048,33.0,Male,Sales,EMEA,22,6.8,6,4.0,3,Billing is a nightmare. I was overcharged twice and customer support was completely unresponsive.
RESP-10740,2026-07-06 00:46:07.906048,37.0,Female,Sales,LATAM,17,7.0,8,4.0,4,"Support is fine, but response times could be improved."
RESP-10741,2026-06-28 21:54:07.906048,24.0,Female,Sales,APAC,70,7.7,6,3.0,5,Billing is a nightmare. I was overcharged twice and customer support was completely unresponsive.
RESP-10742,2026-07-09 03:36:07.906048,34.0,Male,Marketing,APAC,34,6.2,4,3.0,5,Constant downtime and sync errors. Frustrating and unhelpful.
RESP-10743,2026-06-30 04:18:07.906048,43.0,Male,Customer Support,North America,32,8.5,10,5.0,2,Customer support was very responsive and resolved my billing issue in 10 minutes.
RESP-10744,2026-08-06 19:54:07.906048,42.0,Female,Engineering,North America,2,6.8,8,5.0,2,"The application works fine, but performance slows down occasionally during peak hours."
RESP-10745,2026-09-17 21:07:07.906048,33.0,Prefer not to say,Product,North America,20,7.7,7,5.0,2,"Average experience overall. Does what it promises, nothing more, nothing less."
RESP-10746,2026-06-24 00:43:07.906048,38.0,Male,Sales,EMEA,16,6.4,6,3.0,5,The UI update makes navigation horrible. Features crash constantly on Chrome.
RESP-10747,2026-08-01 10:37:07.906048,27.0,Female,Customer Support,EMEA,64,3.8,5,2.0,6,Billing is a nightmare. I was overcharged twice and customer support was completely unresponsive.
RESP-10748,2026-07-25 16:29:07.906048,,Prefer not to say,Product,EMEA,8,6.9,8,5.0,2,"Features are acceptable, but pricing seems a bit high for small teams. Contact me at user848@example.com if you want more details."
RESP-10749,2026-07-21 12:07:07.906048,35.0,Female,Customer Support,APAC,8,5.7,5,4.0,3,Customer service takes 4 days to reply. We are considering switching providers.
RESP-10750,2026-07-20 19:24:07.906048,33.0,Female,Engineering,APAC,13,7.1,8,4.0,3,"The application works fine, but performance slows down occasionally during peak hours."
RESP-10751,2026-09-09 11:48:07.906048,32.0,Male,Product,LATAM,7,10.0,9,5.0,1,Great UI and clean design. Very satisfied with recent feature releases.
RESP-10752,2026-06-22 15:34:07.906048,35.0,Female,Customer Support,North America,4,4.2,4,2.0,6,Billing is a nightmare. I was overcharged twice and customer support was completely unresponsive.
RESP-10753,2026-08-29 16:24:07.906048,31.0,Female,Sales,EMEA,47,7.8,8,5.0,3,"The application works fine, but performance slows down occasionally during peak hours."
RESP-10754,2026-07-13 16:55:07.906048,42.0,Female,Engineering,North America,20,9.0,9,4.0,2,The software platform is exceptionally intuitive and saves our team hours.
RESP-10755,2026-07-25 10:30:07.906048,32.0,Female,Marketing,North America,48,6.5,8,5.0,3,"Features are acceptable, but pricing seems a bit high for small teams."
RESP-10756,2026-07-28 18:06:07.906048,51.0,Male,Customer Support,North America,43,4.2,5,4.0,4,Terrible experience. Pricing increased without notice and the software is laggy.
RESP-10757,2026-07-18 08:48:07.906048,50.0,Male,Customer Support,North America,8,4.3,2,3.0,4,The UI update makes navigation horrible. Features crash constantly on Chrome.
RESP-10758,2026-06-29 08:40:07.906048,27.0,Prefer not to say,Product,EMEA,20,6.5,4,2.0,5,Customer service takes 4 days to reply. We are considering switching providers.
RESP-10759,2026-07-01 05:32:07.906048,36.0,Female,Marketing,APAC,3,3.8,3,2.0,6,Customer service takes 4 days to reply. We are considering switching providers.
RESP-10760,2026-07-17 18:32:07.906048,29.0,Female,Engineering,North America,60,6.2,9,4.0,4,Customer support was very responsive and resolved my billing issue in 10 minutes.
RESP-10761,2026-09-02 21:41:07.906048,32.0,Female,Sales,APAC,13,3.8,3,3.0,5,Billing is a nightmare. I was overcharged twice and customer support was completely unresponsive.
RESP-10762,2026-07-03 01:22:07.906048,56.0,Female,Engineering,EMEA,13,9.7,9,5.0,1,The software platform is exceptionally intuitive and saves our team hours.
RESP-10763,2026-08-26 18:41:07.906048,32.0,Female,Marketing,North America,9,7.4,7,5.0,2,"The application works fine, but performance slows down occasionally during peak hours."
RESP-10764,2026-07-16 22:32:07.906048,39.0,Male,Engineering,EMEA,15,8.9,8,5.0,3,"Features are acceptable, but pricing seems a bit high for small teams."
RESP-10765,2026-09-08 10:52:07.906048,41.0,Male,Customer Support,North America,7,6.4,7,4.0,4,The interface is standard. A few bugs here and there.
RESP-10766,2026-07-29 11:46:07.906048,25.0,Non-Binary,Marketing,EMEA,12,6.8,9,4.0,3,The software platform is exceptionally intuitive and saves our team hours.
RESP-10767,2026-07-06 09:30:07.906048,27.0,Female,Product,EMEA,39,9.5,10,5.0,2,Customer support was very responsive and resolved my billing issue in 10 minutes.
RESP-10768,2026-09-17 16:00:07.906048,23.0,Male,Sales,North America,44,5.1,4,2.0,5,Billing is a nightmare. I was overcharged twice and customer support was completely unresponsive.
RESP-10769,2026-07-06 20:06:07.906048,27.0,Female,Marketing,North America,9,6.7,10,5.0,2,Great UI and clean design. Very satisfied with recent feature releases.
RESP-10770,2026-08-11 00:38:07.906048,18.0,Female,Engineering,EMEA,16,8.8,9,5.0,3,Great UI and clean design. Very satisfied with recent feature releases.
RESP-10771,2026-08-11 04:14:07.906048,41.0,Male,Marketing,LATAM,50,4.5,4,2.0,6,Customer service takes 4 days to reply. We are considering switching providers.
RESP-10772,2026-07-24 11:51:07.906048,56.0,Male,Engineering,North America,2,10.0,10,5.0,1,"Fast performance, excellent reliability, and helpful documentation."
RESP-10773,2026-09-14 13:47:07.906048,37.0,Female,Sales,APAC,53,6.0,5,3.0,5,The UI update makes navigation horrible. Features crash constantly on Chrome.
RESP-10774,2026-09-04 21:21:07.906048,21.0,Female,Marketing,EMEA,6,6.7,9,4.0,4,"Fast performance, excellent reliability, and helpful documentation."
RESP-10775,2026-09-03 14:59:07.906048,29.0,Female,Engineering,LATAM,28,9.6,8,5.0,2,The interface is standard. A few bugs here and there.
RESP-10776,2026-09-16 14:45:07.906048,31.0,Male,Engineering,APAC,21,9.1,10,5.0,1,The software platform is exceptionally intuitive and saves our team hours.
RESP-10777,2026-08-01 01:56:07.906048,25.0,Female,Marketing,EMEA,20,6.6,7,4.0,3,"The application works fine, but performance slows down occasionally during peak hours."
RESP-10778,2026-06-29 16:30:07.906048,44.0,Prefer not to say,Marketing,EMEA,48,6.7,9,4.0,4,Customer support was very responsive and resolved my billing issue in 10 minutes.
RESP-10779,2026-08-28 19:58:07.906048,44.0,Female,Customer Support,APAC,3,3.2,6,4.0,4,Terrible experience. Pricing increased without notice and the software is laggy.
RESP-10780,2026-07-25 05:08:07.906048,24.0,Female,Customer Support,North America,11,4.7,3,3.0,4,Terrible experience. Pricing increased without notice and the software is laggy.
RESP-10781,2026-07-08 01:43:07.906048,43.0,Male,Customer Support,North America,19,6.3,8,4.0,2,"Features are acceptable, but pricing seems a bit high for small teams."
RESP-10782,2026-08-03 10:23:07.906048,51.0,Male,Sales,North America,41,6.7,5,4.0,1,Customer service takes 4 days to reply. We are considering switching providers.
RESP-10783,2026-09-12 06:08:07.906048,55.0,Female,Sales,APAC,6,7.8,6,2.0,5,Customer service takes 4 days to reply. We are considering switching providers.
RESP-10784,2026-07-06 08:42:07.906048,64.0,Male,Engineering,APAC,39,7.5,6,4.0,3,Billing is a nightmare. I was overcharged twice and customer support was completely unresponsive.
RESP-10785,2026-09-05 07:46:07.906048,26.0,Male,Product,North America,13,5.2,6,4.0,4,Terrible experience. Pricing increased without notice and the software is laggy.
RESP-10786,2026-07-28 13:54:07.906048,64.0,Male,Customer Support,EMEA,6,7.1,7,4.0,5,"Support is fine, but response times could be improved."
RESP-10787,2026-07-03 06:04:07.906048,32.0,Male,Sales,EMEA,35,8.2,8,4.0,3,"The application works fine, but performance slows down occasionally during peak hours."
RESP-10788,2026-09-05 07:05:07.906048,,Male,Sales,North America,3,7.3,8,5.0,1,"Features are acceptable, but pricing seems a bit high for small teams."
RESP-10789,2026-09-16 04:57:07.906048,39.0,Male,Product,LATAM,18,7.1,8,5.0,1,"Average experience overall. Does what it promises, nothing more, nothing less."
RESP-10790,2026-07-17 03:43:07.906048,30.0,Male,Engineering,North America,2,9.3,10,4.0,2,Customer support was very responsive and resolved my billing issue in 10 minutes.
RESP-10791,2026-07-18 06:13:07.906048,39.0,Female,Customer Support,North America,11,10.0,10,5.0,2,"Fast performance, excellent reliability, and helpful documentation. Contact me at user891@example.com if you want more details."
RESP-10792,2026-07-26 02:09:07.906048,22.0,Female,Customer Support,EMEA,23,5.7,8,4.0,3,"Average experience overall. Does what it promises, nothing more, nothing less."
RESP-10793,2026-09-02 05:06:07.906048,33.0,Female,Customer Support,APAC,20,3.5,3,1.0,7,Terrible experience. Pricing increased without notice and the software is laggy.
RESP-10794,2026-06-21 21:05:07.906048,48.0,Female,Engineering,North America,13,6.8,6,4.0,3,Constant downtime and sync errors. Frustrating and unhelpful. You can reach my direct desk at +1-555-01894 to discuss.
RESP-10795,2026-07-11 02:19:07.906048,35.0,Female,Product,EMEA,14,8.2,9,4.0,4,"Fast performance, excellent reliability, and helpful documentation."
RESP-10796,2026-08-23 11:19:07.906048,37.0,Non-Binary,Product,EMEA,7,4.9,3,1.0,7,Terrible experience. Pricing increased without notice and the software is laggy.
RESP-10797,2026-07-27 10:45:07.906048,40.0,Female,Customer Support,North America,15,5.8,5,3.0,5,Billing is a nightmare. I was overcharged twice and customer support was completely unresponsive.
RESP-10798,2026-07-20 16:01:07.906048,47.0,Female,Customer Support,North America,74,6.1,8,4.0,3,The interface is standard. A few bugs here and there.
RESP-10799,2026-09-07 10:42:07.906048,19.0,Male,Product,EMEA,46,9.6,9,5.0,3,Great UI and clean design. Very satisfied with recent feature releases.
RESP-10800,2026-09-11 12:01:07.906048,41.0,Female,Marketing,North America,4,8.5,7,4.0,3,"Average experience overall. Does what it promises, nothing more, nothing less."
RESP-10801,2026-09-14 06:14:07.906048,33.0,Female,Engineering,LATAM,1,9.0,7,5.0,2,"The application works fine, but performance slows down occasionally during peak hours."
RESP-10802,2026-07-15 11:17:07.906048,37.0,Female,Customer Support,APAC,66,2.3,2,1.0,7,Customer service takes 4 days to reply. We are considering switching providers.
RESP-10803,2026-09-11 01:36:07.906048,46.0,Female,Customer Support,LATAM,18,6.9,9,5.0,3,Our account manager is fantastic. Keep up the great work!
RESP-10804,2026-08-26 06:25:07.906048,24.0,Female,Sales,North America,19,7.1,9,5.0,2,Great UI and clean design. Very satisfied with recent feature releases.
RESP-10805,2026-07-04 19:41:07.906048,25.0,Male,Marketing,LATAM,37,6.9,7,4.0,4,"Average experience overall. Does what it promises, nothing more, nothing less."
RESP-10806,2026-08-14 20:45:07.906048,18.0,Male,Product,EMEA,10,4.7,8,5.0,3,"Features are acceptable, but pricing seems a bit high for small teams."
RESP-10807,2026-06-23 07:27:07.906048,30.0,Female,Product,North America,16,6.1,6,4.0,3,Customer service takes 4 days to reply. We are considering switching providers.
RESP-10808,2026-08-23 16:40:07.906048,49.0,Female,Sales,North America,84,4.2,4,2.0,7,The UI update makes navigation horrible. Features crash constantly on Chrome.
RESP-10809,2026-08-25 23:05:07.906048,34.0,Female,Engineering,North America,27,4.7,1,2.0,6,Customer service takes 4 days to reply. We are considering switching providers.
RESP-10810,2026-08-30 23:33:07.906048,22.0,Male,Product,EMEA,5,7.3,7,4.0,3,"Support is fine, but response times could be improved."
RESP-10811,2026-07-06 11:14:07.906048,31.0,Female,Marketing,EMEA,4,5.3,7,4.0,4,"Features are acceptable, but pricing seems a bit high for small teams."
RESP-10812,2026-08-16 11:36:07.906048,21.0,Female,Engineering,North America,6,10.0,10,4.0,2,The software platform is exceptionally intuitive and saves our team hours.
RESP-10813,2026-07-07 00:54:07.906048,24.0,Male,Product,EMEA,35,7.0,6,4.0,2,Terrible experience. Pricing increased without notice and the software is laggy.
RESP-10814,2026-09-14 03:20:07.906048,39.0,Female,Product,North America,9,9.2,10,4.0,4,Customer support was very responsive and resolved my billing issue in 10 minutes.
RESP-10815,2026-08-20 16:36:07.906048,24.0,Female,Customer Support,EMEA,1,3.1,5,4.0,4,The UI update makes navigation horrible. Features crash constantly on Chrome.
RESP-10816,2026-06-29 12:29:07.906048,47.0,Female,Customer Support,North America,70,4.7,5,3.0,4,Constant downtime and sync errors. Frustrating and unhelpful.
RESP-10817,2026-07-07 18:34:07.906048,35.0,Male,Sales,APAC,5,6.1,3,1.0,7,The UI update makes navigation horrible. Features crash constantly on Chrome.
RESP-10818,2026-08-19 15:39:07.906048,36.0,Male,Engineering,APAC,1,6.3,7,3.0,6,"Average experience overall. Does what it promises, nothing more, nothing less."
RESP-10819,2026-08-02 20:11:07.906048,33.0,Male,Sales,EMEA,7,5.4,7,4.0,4,"The application works fine, but performance slows down occasionally during peak hours."
RESP-10820,2026-08-26 04:59:07.906048,43.0,Male,Marketing,North America,7,6.2,5,5.0,2,Constant downtime and sync errors. Frustrating and unhelpful.
RESP-10821,2026-07-16 05:05:07.906048,43.0,Male,Engineering,North America,14,7.3,7,3.0,4,The interface is standard. A few bugs here and there.
RESP-10822,2026-08-19 03:41:07.906048,39.0,Non-Binary,Sales,APAC,61,8.8,7,4.0,4,"The application works fine, but performance slows down occasionally during peak hours."
RESP-10823,2026-07-06 20:49:07.906048,41.0,Non-Binary,Sales,North America,51,6.6,3,2.0,5,Customer service takes 4 days to reply. We are considering switching providers.
RESP-10824,2026-08-08 20:59:07.906048,33.0,Female,Customer Support,North America,15,6.2,8,5.0,3,"Support is fine, but response times could be improved."
RESP-10825,2026-09-15 03:25:07.906048,41.0,Male,Product,North America,13,8.1,8,4.0,4,"The application works fine, but performance slows down occasionally during peak hours."
RESP-10826,2026-08-16 11:32:07.906048,32.0,Female,Sales,EMEA,20,6.9,9,4.0,3,Great UI and clean design. Very satisfied with recent feature releases.
RESP-10827,2026-06-25 10:34:07.906048,36.0,Female,Sales,EMEA,7,5.9,7,4.0,4,"Support is fine, but response times could be improved."
RESP-10828,2026-09-17 22:18:07.906048,33.0,Male,Marketing,APAC,2,6.0,5,3.0,5,Constant downtime and sync errors. Frustrating and unhelpful.
RESP-10829,2026-07-05 01:24:07.906048,31.0,Female,Sales,North America,68,6.3,6,3.0,4,Constant downtime and sync errors. Frustrating and unhelpful.
RESP-10830,2026-08-24 13:36:07.906048,29.0,Male,Engineering,North America,5,9.4,10,5.0,3,Customer support was very responsive and resolved my billing issue in 10 minutes.
RESP-10831,2026-08-07 20:50:07.906048,40.0,Female,Sales,APAC,6,7.7,9,5.0,2,Customer support was very responsive and resolved my billing issue in 10 minutes.
RESP-10832,2026-07-17 10:24:07.906048,49.0,Male,Engineering,APAC,16,7.3,8,4.0,4,"The application works fine, but performance slows down occasionally during peak hours."
RESP-10833,2026-07-06 21:34:07.906048,47.0,Male,Engineering,North America,17,8.9,10,4.0,4,Our account manager is fantastic. Keep up the great work!
RESP-10834,2026-07-06 22:25:07.906048,23.0,Male,Sales,EMEA,1,5.7,5,3.0,6,The UI update makes navigation horrible. Features crash constantly on Chrome.
RESP-10835,2026-09-06 04:43:07.906048,48.0,Female,Sales,North America,4,6.1,5,3.0,4,The UI update makes navigation horrible. Features crash constantly on Chrome.
RESP-10836,2026-09-07 12:04:07.906048,32.0,Female,Product,LATAM,12,6.6,7,3.0,5,The interface is standard. A few bugs here and there.
RESP-10837,2026-08-01 19:17:07.906048,42.0,Male,Sales,North America,28,5.7,6,5.0,2,Billing is a nightmare. I was overcharged twice and customer support was completely unresponsive.
RESP-10838,2026-06-30 06:24:07.906048,26.0,Female,Customer Support,LATAM,7,7.5,6,4.0,4,Constant downtime and sync errors. Frustrating and unhelpful.
RESP-10839,2026-09-08 12:22:07.906048,37.0,Non-Binary,Customer Support,EMEA,14,5.6,4,4.0,3,Terrible experience. Pricing increased without notice and the software is laggy.
RESP-10840,2026-08-03 18:32:07.906048,39.0,Male,Engineering,EMEA,20,7.9,9,5.0,2,The software platform is exceptionally intuitive and saves our team hours.
RESP-10841,2026-07-30 10:18:07.906048,21.0,Female,Customer Support,North America,53,3.3,3,1.0,7,The UI update makes navigation horrible. Features crash constantly on Chrome.
RESP-10842,2026-07-27 14:28:07.906048,42.0,Female,Engineering,EMEA,10,7.2,7,5.0,3,The interface is standard. A few bugs here and there.
RESP-10843,2026-07-23 19:00:07.906048,49.0,Female,Product,EMEA,4,6.9,6,3.0,3,Constant downtime and sync errors. Frustrating and unhelpful.
RESP-10844,2026-08-07 06:45:07.906048,34.0,Male,Engineering,North America,17,6.5,9,4.0,5,Our account manager is fantastic. Keep up the great work!
RESP-10845,2026-08-14 08:23:07.906048,49.0,Female,Sales,EMEA,33,6.0,8,4.0,3,The interface is standard. A few bugs here and there. Contact me at user145@example.com if you want more details.
RESP-10846,2026-08-01 22:04:07.906048,34.0,Female,Engineering,LATAM,3,7.1,5,4.0,3,Billing is a nightmare. I was overcharged twice and customer support was completely unresponsive. More details at https://internal-feedback-146.org/details.
RESP-10847,2026-09-09 15:20:07.906048,44.0,Female,Product,EMEA,14,7.4,7,5.0,2,"Average experience overall. Does what it promises, nothing more, nothing less."
RESP-10848,2026-07-19 12:43:07.906048,18.0,Male,Customer Support,APAC,1,5.7,7,4.0,4,"Support is fine, but response times could be improved."
RESP-10849,2026-08-11 23:44:07.906048,60.0,Female,Customer Support,North America,1,4.1,5,3.0,5,Billing is a nightmare. I was overcharged twice and customer support was completely unresponsive.
RESP-10850,2026-07-17 22:29:07.906048,50.0,Female,Engineering,EMEA,16,7.1,7,4.0,4,The interface is standard. A few bugs here and there.
RESP-10851,2026-08-27 17:49:07.906048,33.0,Male,Marketing,North America,9,6.6,5,3.0,4,Terrible experience. Pricing increased without notice and the software is laggy.
RESP-10852,2026-06-30 03:09:07.906048,18.0,Male,Engineering,EMEA,45,9.5,8,4.0,4,"Support is fine, but response times could be improved."
RESP-10853,2026-07-07 22:10:07.906048,38.0,Male,Product,LATAM,23,7.7,7,4.0,3,"The application works fine, but performance slows down occasionally during peak hours."
RESP-10854,2026-09-01 01:10:07.906048,21.0,Female,Engineering,EMEA,15,6.7,7,4.0,3,"Average experience overall. Does what it promises, nothing more, nothing less."
RESP-10855,2026-07-07 10:17:07.906048,40.0,Female,Engineering,North America,13,8.3,10,5.0,1,"Fast performance, excellent reliability, and helpful documentation."
RESP-10856,2026-08-16 06:11:07.906048,40.0,Male,Engineering,North America,17,10.0,9,3.0,4,Great UI and clean design. Very satisfied with recent feature releases.
RESP-10857,2026-09-16 06:18:07.906048,26.0,Female,Sales,EMEA,1,7.4,6,3.0,5,Terrible experience. Pricing increased without notice and the software is laggy.
RESP-10858,2026-08-07 00:01:07.906048,47.0,Male,Customer Support,EMEA,54,6.3,6,3.0,6,Terrible experience. Pricing increased without notice and the software is laggy.
RESP-10859,2026-07-07 19:21:07.906048,44.0,Male,Engineering,APAC,120,8.8,10,5.0,2,Great UI and clean design. Very satisfied with recent feature releases.
RESP-10860,2026-07-19 19:16:07.906048,45.0,Female,Marketing,APAC,5,8.7,7,3.0,4,"Average experience overall. Does what it promises, nothing more, nothing less."
RESP-10861,2026-09-03 01:15:07.906048,36.0,Male,Sales,EMEA,4,7.6,10,4.0,5,Our account manager is fantastic. Keep up the great work!
RESP-10862,2026-07-22 14:10:07.906048,21.0,Non-Binary,Customer Support,North America,4,6.4,6,4.0,4,Terrible experience. Pricing increased without notice and the software is laggy.
RESP-10863,2026-08-25 01:22:07.906048,45.0,Female,Sales,North America,26,7.6,6,3.0,4,Billing is a nightmare. I was overcharged twice and customer support was completely unresponsive.
RESP-10864,2026-08-29 21:39:07.906048,33.0,Male,Sales,North America,26,4.4,2,2.0,6,The UI update makes navigation horrible. Features crash constantly on Chrome.
RESP-10865,2026-08-05 01:08:07.906048,22.0,Female,Customer Support,North America,46,3.2,4,2.0,5,Billing is a nightmare. I was overcharged twice and customer support was completely unresponsive.
RESP-10866,2026-08-30 10:19:07.906048,49.0,Female,Engineering,EMEA,34,7.9,8,5.0,3,"Support is fine, but response times could be improved."
RESP-10867,2026-07-19 11:05:07.906048,56.0,Female,Engineering,EMEA,15,7.8,8,5.0,1,"Support is fine, but response times could be improved."
RESP-10868,2026-08-06 09:29:07.906048,35.0,Male,Product,EMEA,23,6.5,5,3.0,4,The UI update makes navigation horrible. Features crash constantly on Chrome.
RESP-10869,2026-08-21 17:32:07.906048,57.0,Non-Binary,Product,North America,28,8.5,8,4.0,2,The interface is standard. A few bugs here and there.
RESP-10870,2026-07-06 01:37:07.906048,36.0,Male,Sales,North America,18,3.2,2,2.0,7,The UI update makes navigation horrible. Features crash constantly on Chrome.
RESP-10871,2026-07-15 13:36:07.906048,32.0,Female,Sales,North America,16,5.2,5,3.0,4,Customer service takes 4 days to reply. We are considering switching providers.
RESP-10872,2026-08-18 14:58:07.906048,29.0,Male,Customer Support,North America,25,4.8,4,3.0,5,Customer service takes 4 days to reply. We are considering switching providers.
RESP-10873,2026-08-18 22:09:07.906048,52.0,Female,Sales,APAC,20,3.5,1,2.0,7,Terrible experience. Pricing increased without notice and the software is laggy.
RESP-10874,2026-08-04 08:07:07.906048,28.0,Male,Engineering,North America,25,9.9,10,5.0,2,The software platform is exceptionally intuitive and saves our team hours.
RESP-10875,2026-08-31 13:02:07.906048,43.0,Female,Engineering,EMEA,23,5.7,4,2.0,6,Constant downtime and sync errors. Frustrating and unhelpful.
RESP-10876,2026-08-03 07:49:07.906048,30.0,Female,Marketing,North America,31,5.6,6,3.0,4,The UI update makes navigation horrible. Features crash constantly on Chrome.
RESP-10877,2026-09-08 06:14:07.906048,31.0,Female,Customer Support,APAC,25,6.9,4,2.0,5,Terrible experience. Pricing increased without notice and the software is laggy. More details at https://internal-feedback-177.org/details.
RESP-10878,2026-08-26 04:08:07.906048,46.0,Male,Engineering,EMEA,18,8.7,6,2.0,7,Customer service takes 4 days to reply. We are considering switching providers.
RESP-10879,2026-07-19 06:19:07.906048,32.0,Female,Engineering,North America,28,6.0,6,3.0,5,Customer service takes 4 days to reply. We are considering switching providers.
RESP-10880,2026-07-26 12:19:07.906048,31.0,Male,Engineering,EMEA,15,8.7,9,5.0,2,The software platform is exceptionally intuitive and saves our team hours.
RESP-10881,2026-08-20 00:47:07.906048,47.0,Female,Customer Support,APAC,7,5.9,8,4.0,3,"Support is fine, but response times could be improved."
RESP-10882,2026-09-09 10:36:07.906048,51.0,Female,Engineering,LATAM,1,10.0,10,5.0,1,Great UI and clean design. Very satisfied with recent feature releases.
RESP-10883,2026-07-07 00:35:07.906048,42.0,Female,Engineering,North America,20,8.3,8,5.0,1,"Support is fine, but response times could be improved."
RESP-10884,2026-08-06 06:15:07.906048,29.0,Non-Binary,Marketing,APAC,22,6.3,5,3.0,4,Customer service takes 4 days to reply. We are considering switching providers. You can reach my direct desk at +1-555-01184 to discuss.
RESP-10885,2026-07-01 15:09:07.906048,30.0,Male,Engineering,LATAM,86,6.4,9,5.0,2,Great UI and clean design. Very satisfied with recent feature releases.
RESP-10886,2026-07-16 02:12:07.906048,36.0,Female,Customer Support,LATAM,11,4.4,6,4.0,5,Billing is a nightmare. I was overcharged twice and customer support was completely unresponsive.
RESP-10887,2026-08-21 16:18:07.906048,39.0,Female,Engineering,EMEA,13,6.5,5,3.0,3,Customer service takes 4 days to reply. We are considering switching providers.
RESP-10888,2026-06-27 22:29:07.906048,26.0,Female,Engineering,EMEA,6,9.8,10,5.0,2,Great UI and clean design. Very satisfied with recent feature releases.
RESP-10889,2026-08-19 13:16:07.906048,43.0,Male,Engineering,EMEA,2,7.7,8,4.0,2,The interface is standard. A few bugs here and there.
RESP-10890,2026-09-10 00:20:07.906048,36.0,Female,Marketing,APAC,36,7.3,7,5.0,2,"The application works fine, but performance slows down occasionally during peak hours."
RESP-10891,2026-09-16 04:25:07.906048,18.0,Male,Product,EMEA,7,9.6,10,4.0,2,The software platform is exceptionally intuitive and saves our team hours.
RESP-10892,2026-07-10 10:30:07.906048,26.0,Male,Marketing,EMEA,23,3.0,4,3.0,4,Terrible experience. Pricing increased without notice and the software is laggy.
RESP-10893,2026-08-27 08:12:07.906048,30.0,Female,Sales,EMEA,28,7.9,8,4.0,4,"Features are acceptable, but pricing seems a bit high for small teams."
RESP-10894,2026-09-12 07:32:07.906048,35.0,Male,Customer Support,APAC,16,5.6,5,4.0,4,The UI update makes navigation horrible. Features crash constantly on Chrome.
RESP-10895,2026-06-29 03:56:07.906048,54.0,Male,Engineering,APAC,51,8.4,10,5.0,2,"Fast performance, excellent reliability, and helpful documentation."
RESP-10896,2026-07-28 04:52:07.906048,38.0,Male,Sales,North America,15,4.8,6,4.0,4,Billing is a nightmare. I was overcharged twice and customer support was completely unresponsive. More details at https://internal-feedback-196.org/details.
RESP-10897,2026-09-11 16:30:07.906048,27.0,Female,Product,APAC,9,6.2,6,3.0,5,Customer service takes 4 days to reply. We are considering switching providers.
RESP-10898,2026-07-09 04:36:07.906048,38.0,Female,Engineering,EMEA,55,8.4,6,4.0,4,The UI update makes navigation horrible. Features crash constantly on Chrome.
RESP-10899,2026-09-12 23:30:07.906048,32.0,Female,Engineering,APAC,48,10.0,10,5.0,2,Our account manager is fantastic. Keep up the great work!
RESP-10900,2026-08-07 09:19:07.906048,39.0,Female,Engineering,EMEA,5,9.2,10,5.0,2,Our account manager is fantastic. Keep up the great work!
RESP-10901,2026-06-29 22:21:07.906048,41.0,Female,Engineering,North America,1,9.6,5,2.0,6,Customer service takes 4 days to reply. We are considering switching providers.
RESP-10902,2026-07-31 10:19:07.906048,48.0,Female,Engineering,LATAM,3,7.4,8,3.0,3,"Features are acceptable, but pricing seems a bit high for small teams."
RESP-10903,2026-07-20 07:18:07.906048,35.0,Male,Customer Support,North America,9,4.6,4,,4,Constant downtime and sync errors. Frustrating and unhelpful.
RESP-10904,2026-07-16 08:08:07.906048,52.0,Female,Sales,APAC,87,4.8,4,2.0,6,Constant downtime and sync errors. Frustrating and unhelpful.
RESP-10905,2026-08-08 16:10:07.906048,45.0,Female,Product,EMEA,20,6.6,5,3.0,6,Constant downtime and sync errors. Frustrating and unhelpful.
RESP-10906,2026-08-03 11:08:07.906048,28.0,Female,Marketing,EMEA,12,3.4,3,2.0,6,Billing is a nightmare. I was overcharged twice and customer support was completely unresponsive.
RESP-10907,2026-08-03 07:37:07.906048,58.0,Male,Sales,North America,53,4.9,7,3.0,5,"The application works fine, but performance slows down occasionally during peak hours."
RESP-10908,2026-06-28 20:58:07.906048,39.0,Male,Sales,EMEA,15,5.2,5,3.0,4,Constant downtime and sync errors. Frustrating and unhelpful.
RESP-10909,2026-09-01 03:35:07.906048,27.0,Male,Sales,North America,10,5.7,7,5.0,2,"The application works fine, but performance slows down occasionally during peak hours."
RESP-10910,2026-08-03 06:29:07.906048,52.0,Female,Customer Support,North America,69,5.7,4,3.0,5,Terrible experience. Pricing increased without notice and the software is laggy.
RESP-10911,2026-09-02 19:44:07.906048,56.0,Non-Binary,Sales,North America,46,6.5,8,4.0,2,The interface is standard. A few bugs here and there.
RESP-10912,2026-09-03 03:42:07.906048,35.0,Female,Customer Support,North America,45,5.5,6,4.0,3,Billing is a nightmare. I was overcharged twice and customer support was completely unresponsive.
RESP-10913,2026-07-19 11:35:07.906048,30.0,Female,Sales,LATAM,18,5.1,6,3.0,5,The UI update makes navigation horrible. Features crash constantly on Chrome.
RESP-10914,2026-06-21 07:58:07.906048,34.0,Female,Customer Support,LATAM,38,2.6,3,2.0,5,Constant downtime and sync errors. Frustrating and unhelpful.
RESP-10915,2026-09-10 22:52:07.906048,43.0,Female,Sales,North America,5,5.1,6,4.0,3,Customer service takes 4 days to reply. We are considering switching providers.
RESP-10916,2026-08-28 09:41:07.906048,48.0,Female,Sales,APAC,21,4.5,1,1.0,7,The UI update makes navigation horrible. Features crash constantly on Chrome. Contact me at user216@example.com if you want more details.
RESP-10917,2026-06-30 14:14:07.906048,41.0,Male,Product,North America,100,8.0,6,3.0,4,The UI update makes navigation horrible. Features crash constantly on Chrome. More details at https://internal-feedback-217.org/details.
RESP-10918,2026-08-23 02:18:07.906048,37.0,Male,Marketing,EMEA,9,7.9,9,4.0,4,"Fast performance, excellent reliability, and helpful documentation."
RESP-10919,2026-06-22 17:50:07.906048,50.0,Female,Engineering,APAC,38,9.1,6,2.0,5,The UI update makes navigation horrible. Features crash constantly on Chrome.
RESP-10920,2026-06-23 10:32:07.906048,32.0,Male,Product,LATAM,17,8.4,8,5.0,3,The interface is standard. A few bugs here and there.
RESP-10921,2026-08-07 06:21:07.906048,46.0,Female,Sales,EMEA,1,5.8,6,4.0,4,Billing is a nightmare. I was overcharged twice and customer support was completely unresponsive.
RESP-10922,2026-06-29 14:01:07.906048,33.0,Female,Product,APAC,35,6.5,5,4.0,2,Constant downtime and sync errors. Frustrating and unhelpful.
RESP-10923,2026-09-15 17:33:07.906048,40.0,Male,Marketing,North America,5,5.4,4,2.0,5,Terrible experience. Pricing increased without notice and the software is laggy.
RESP-10924,2026-09-09 09:15:07.906048,34.0,Male,Sales,LATAM,24,3.7,4,2.0,7,Customer service takes 4 days to reply. We are considering switching providers.
RESP-10925,2026-08-18 10:10:07.906048,35.0,Female,Engineering,North America,3,9.2,10,5.0,1,Great UI and clean design. Very satisfied with recent feature releases.
RESP-10926,2026-06-26 16:11:07.906048,32.0,Female,Sales,EMEA,71,5.7,4,3.0,4,Customer service takes 4 days to reply. We are considering switching providers.
RESP-10927,2026-07-20 04:13:07.906048,,Male,Customer Support,EMEA,9,3.6,3,2.0,6,Terrible experience. Pricing increased without notice and the software is laggy.
RESP-10928,2026-07-24 09:30:07.906048,28.0,Male,Customer Support,EMEA,7,4.3,3,3.0,5,Terrible experience. Pricing increased without notice and the software is laggy.
RESP-10929,2026-08-03 05:17:07.906048,28.0,Male,Sales,North America,4,4.7,1,1.0,7,The UI update makes navigation horrible. Features crash constantly on Chrome.
RESP-10930,2026-07-06 03:24:07.906048,57.0,Female,Engineering,LATAM,71,7.8,8,4.0,4,"Features are acceptable, but pricing seems a bit high for small teams."
RESP-10931,2026-08-11 22:00:07.906048,45.0,Female,Marketing,North America,30,8.1,10,5.0,3,Customer support was very responsive and resolved my billing issue in 10 minutes.
RESP-10932,2026-07-30 03:50:07.906048,18.0,Female,Product,EMEA,33,6.8,8,5.0,3,"Features are acceptable, but pricing seems a bit high for small teams."
RESP-10933,2026-09-14 04:44:07.906048,30.0,Female,Customer Support,North America,17,2.1,1,2.0,6,The UI update makes navigation horrible. Features crash constantly on Chrome.
RESP-10934,2026-09-13 04:45:07.906048,18.0,Non-Binary,Engineering,North America,16,7.4,6,5.0,2,Customer service takes 4 days to reply. We are considering switching providers.
RESP-10935,2026-08-10 20:00:07.906048,26.0,Female,Sales,EMEA,3,5.8,6,2.0,6,Terrible experience. Pricing increased without notice and the software is laggy.
RESP-10936,2026-08-17 22:22:07.906048,18.0,Female,Engineering,EMEA,20,7.4,9,5.0,2,Great UI and clean design. Very satisfied with recent feature releases.
RESP-10937,2026-07-03 08:13:07.906048,34.0,Male,Product,North America,7,6.4,7,4.0,3,The interface is standard. A few bugs here and there.
RESP-10938,2026-07-11 00:57:07.906048,24.0,Male,Engineering,North America,91,8.0,8,5.0,3,"Support is fine, but response times could be improved."
RESP-10939,2026-09-10 00:07:07.906048,36.0,Female,Customer Support,EMEA,39,5.6,7,3.0,4,"Support is fine, but response times could be improved."
RESP-10940,2026-08-22 20:46:07.906048,19.0,Male,Sales,APAC,13,6.0,5,4.0,4,The UI update makes navigation horrible. Features crash constantly on Chrome.
RESP-10941,2026-07-07 23:45:07.906048,36.0,Male,Customer Support,APAC,4,6.1,6,3.0,4,Terrible experience. Pricing increased without notice and the software is laggy.
RESP-10942,2026-08-11 06:14:07.906048,31.0,Male,Customer Support,North America,37,4.9,7,3.0,5,"The application works fine, but performance slows down occasionally during peak hours."
RESP-10943,2026-09-13 01:40:07.906048,51.0,Female,Marketing,North America,4,5.8,6,3.0,5,Customer service takes 4 days to reply. We are considering switching providers.
RESP-10944,2026-07-22 00:09:07.906048,50.0,Male,Engineering,North America,6,9.8,8,4.0,3,"Support is fine, but response times could be improved."
RESP-10945,2026-07-07 15:57:07.906048,43.0,Male,Engineering,North America,6,8.5,7,5.0,1,The interface is standard. A few bugs here and there.
RESP-10946,2026-09-13 17:21:07.906048,32.0,Female,Engineering,EMEA,20,8.9,7,5.0,2,The interface is standard. A few bugs here and there.
RESP-10947,2026-08-01 10:54:07.906048,55.0,Female,Product,EMEA,38,9.1,10,5.0,2,Customer support was very responsive and resolved my billing issue in 10 minutes.
RESP-10948,2026-07-28 11:49:07.906048,20.0,Male,Product,North America,10,8.1,7,4.0,2,The interface is standard. A few bugs here and there.
RESP-10949,2026-07-15 00:31:07.906048,21.0,Female,Customer Support,North America,3,6.9,7,4.0,5,"The application works fine, but performance slows down occasionally during peak hours."
RESP-10950,2026-09-09 04:24:07.906048,35.0,Male,Customer Support,North America,15,3.1,2,2.0,6,Constant downtime and sync errors. Frustrating and unhelpful.
RESP-10951,2026-09-05 01:06:07.906048,58.0,Female,Customer Support,APAC,34,5.8,3,1.0,7,The UI update makes navigation horrible. Features crash constantly on Chrome.
RESP-10952,2026-07-27 05:02:07.906048,33.0,Female,Engineering,LATAM,7,7.4,8,5.0,3,"Features are acceptable, but pricing seems a bit high for small teams."
RESP-10953,2026-06-23 16:42:07.906048,34.0,Female,Product,North America,6,9.8,10,5.0,3,The software platform is exceptionally intuitive and saves our team hours.
RESP-10954,2026-07-31 03:21:07.906048,21.0,Male,Sales,North America,71,7.4,8,3.0,4,"Average experience overall. Does what it promises, nothing more, nothing less. You can reach my direct desk at +1-555-01254 to discuss."
RESP-10955,2026-07-07 05:14:07.906048,,Female,Sales,APAC,74,5.1,4,3.0,5,Customer service takes 4 days to reply. We are considering switching providers.
RESP-10956,2026-07-03 18:53:07.906048,45.0,Male,Customer Support,LATAM,112,6.1,5,5.0,2,Customer service takes 4 days to reply. We are considering switching providers.
RESP-10957,2026-07-26 07:39:07.906048,43.0,Male,Engineering,EMEA,40,8.0,9,5.0,3,Customer support was very responsive and resolved my billing issue in 10 minutes.
RESP-10958,2026-06-29 20:35:07.906048,29.0,Male,Engineering,North America,6,8.4,10,5.0,3,Great UI and clean design. Very satisfied with recent feature releases.
RESP-10959,2026-09-15 02:42:07.906048,28.0,Non-Binary,Marketing,North America,6,5.0,5,4.0,4,Billing is a nightmare. I was overcharged twice and customer support was completely unresponsive.
RESP-10960,2026-06-25 05:16:07.906048,23.0,Male,Engineering,EMEA,10,8.2,9,4.0,3,The software platform is exceptionally intuitive and saves our team hours.
RESP-10961,2026-07-27 01:32:07.906048,36.0,Female,Customer Support,North America,10,5.2,5,2.0,7,The UI update makes navigation horrible. Features crash constantly on Chrome.
RESP-10962,2026-07-05 14:01:07.906048,25.0,Non-Binary,Engineering,North America,76,8.1,6,4.0,4,Billing is a nightmare. I was overcharged twice and customer support was completely unresponsive.
RESP-10963,2026-08-21 22:24:07.906048,24.0,Male,Sales,EMEA,38,4.9,6,3.0,4,The UI update makes navigation horrible. Features crash constantly on Chrome.
RESP-10964,2026-06-28 00:48:07.906048,31.0,Female,Sales,North America,31,5.1,6,2.0,6,The UI update makes navigation horrible. Features crash constantly on Chrome.
RESP-10965,2026-08-09 03:41:07.906048,31.0,Female,Sales,APAC,5,7.8,9,5.0,4,The software platform is exceptionally intuitive and saves our team hours.
RESP-10966,2026-08-29 12:28:07.906048,30.0,Male,Marketing,North America,58,4.9,5,4.0,2,Customer service takes 4 days to reply. We are considering switching providers.
RESP-10967,2026-09-14 10:42:07.906048,40.0,Female,Sales,North America,43,4.5,5,3.0,4,The UI update makes navigation horrible. Features crash constantly on Chrome.
RESP-10968,2026-08-22 19:24:07.906048,36.0,Male,Customer Support,EMEA,5,5.4,7,3.0,4,"Features are acceptable, but pricing seems a bit high for small teams."
RESP-10969,2026-06-29 21:29:07.906048,33.0,Female,Sales,North America,50,4.8,7,4.0,5,"The application works fine, but performance slows down occasionally during peak hours."
RESP-10970,2026-06-28 21:47:07.906048,37.0,Female,Customer Support,LATAM,8,4.2,6,3.0,3,Constant downtime and sync errors. Frustrating and unhelpful.
RESP-10971,2026-08-25 18:50:07.906048,26.0,Male,Product,EMEA,3,7.5,8,3.0,5,"Features are acceptable, but pricing seems a bit high for small teams."
RESP-10972,2026-07-10 07:41:07.906048,37.0,Female,Marketing,North America,26,4.2,2,2.0,6,Constant downtime and sync errors. Frustrating and unhelpful.
RESP-10973,2026-07-31 04:37:07.906048,37.0,Female,Engineering,APAC,26,6.2,6,2.0,6,The UI update makes navigation horrible. Features crash constantly on Chrome.
RESP-10974,2026-09-16 20:05:07.906048,20.0,Male,Engineering,North America,3,10.0,10,5.0,1,"Fast performance, excellent reliability, and helpful documentation."
RESP-10975,2026-09-02 17:34:07.906048,45.0,Female,Sales,LATAM,10,6.7,8,3.0,5,"The application works fine, but performance slows down occasionally during peak hours."
RESP-10976,2026-09-05 03:13:07.906048,27.0,Male,Customer Support,North America,119,4.4,6,4.0,3,Customer service takes 4 days to reply. We are considering switching providers.
RESP-10977,2026-09-06 09:50:07.906048,36.0,Male,Engineering,EMEA,28,8.3,8,4.0,3,"Average experience overall. Does what it promises, nothing more, nothing less. More details at https://internal-feedback-277.org/details."
RESP-10978,2026-08-15 16:48:07.906048,47.0,Male,Sales,North America,32,6.9,10,5.0,2,Great UI and clean design. Very satisfied with recent feature releases.
RESP-10979,2026-08-26 21:28:07.906048,45.0,Female,Customer Support,EMEA,6,7.0,4,3.0,5,The UI update makes navigation horrible. Features crash constantly on Chrome.
RESP-10980,2026-07-23 05:56:07.906048,36.0,Female,Sales,APAC,2,5.8,6,3.0,3,Customer service takes 4 days to reply. We are considering switching providers.
RESP-10981,2026-09-18 19:13:07.906048,32.0,Male,Marketing,APAC,8,8.0,7,4.0,4,
RESP-10982,2026-07-16 02:34:07.906048,45.0,Male,Engineering,North America,7,4.6,2,1.0,6,Customer service takes 4 days to reply. We are considering switching providers.
RESP-10983,2026-08-13 00:59:07.906048,42.0,Male,Engineering,North America,7,6.1,6,3.0,4,The UI update makes navigation horrible. Features crash constantly on Chrome.
RESP-10984,2026-07-16 07:50:07.906048,29.0,Male,Marketing,APAC,6,6.7,5,3.0,3,Customer service takes 4 days to reply. We are considering switching providers.
RESP-10985,2026-07-01 00:39:07.906048,28.0,Female,Sales,LATAM,21,6.5,6,3.0,3,The UI update makes navigation horrible. Features crash constantly on Chrome.
RESP-10986,2026-08-11 00:34:07.906048,18.0,Female,Customer Support,North America,10,4.1,4,2.0,6,The UI update makes navigation horrible. Features crash constantly on Chrome.
RESP-10987,2026-07-22 17:48:07.906048,37.0,Female,Sales,EMEA,42,6.4,8,4.0,3,"Features are acceptable, but pricing seems a bit high for small teams."
RESP-10988,2026-08-12 10:20:07.906048,35.0,Female,Engineering,North America,5,6.8,5,3.0,3,Terrible experience. Pricing increased without notice and the software is laggy.
RESP-10989,2026-08-10 05:19:07.906048,47.0,Female,Marketing,APAC,15,6.1,7,4.0,3,The interface is standard. A few bugs here and there. More details at https://internal-feedback-289.org/details.
RESP-10990,2026-08-08 17:51:07.906048,39.0,Non-Binary,Marketing,North America,1,8.0,8,4.0,4,"Average experience overall. Does what it promises, nothing more, nothing less. Contact me at user290@example.com if you want more details."
RESP-10991,2026-07-02 00:54:07.906048,49.0,Female,Customer Support,North America,16,6.9,8,4.0,4,"Support is fine, but response times could be improved."
RESP-10992,2026-07-30 13:22:07.906048,29.0,Female,Sales,APAC,2,4.5,4,3.0,5,Customer service takes 4 days to reply. We are considering switching providers.
RESP-10993,2026-09-02 00:30:07.906048,47.0,Female,Customer Support,North America,92,3.9,2,2.0,5,Terrible experience. Pricing increased without notice and the software is laggy.
RESP-10994,2026-07-19 07:17:07.906048,30.0,Male,Sales,EMEA,38,5.4,4,1.0,6,Terrible experience. Pricing increased without notice and the software is laggy.
RESP-10995,2026-07-30 21:15:07.906048,43.0,Male,Engineering,EMEA,17,7.7,6,2.0,6,The UI update makes navigation horrible. Features crash constantly on Chrome.
RESP-10996,2026-08-04 09:15:07.906048,21.0,Male,Product,North America,3,6.3,7,5.0,3,"Average experience overall. Does what it promises, nothing more, nothing less."
RESP-10997,2026-09-06 14:04:07.906048,38.0,Male,Engineering,North America,22,9.3,10,5.0,1,"Fast performance, excellent reliability, and helpful documentation."
RESP-10998,2026-08-18 22:40:07.906048,18.0,Female,Product,EMEA,35,7.8,7,4.0,5,The interface is standard. A few bugs here and there.
RESP-10999,2026-06-29 23:01:07.906048,33.0,Male,Sales,North America,6,6.6,8,4.0,4,The interface is standard. A few bugs here and there.
RESP-11000,2026-09-06 19:21:07.906048,40.0,Female,Engineering,EMEA,21,5.8,4,3.0,5,Constant downtime and sync errors. Frustrating and unhelpful.
RESP-11001,2026-09-03 19:50:07.906048,30.0,Female,Customer Support,APAC,41,7.3,8,4.0,3,"Average experience overall. Does what it promises, nothing more, nothing less."
RESP-11002,2026-08-27 18:27:07.906048,25.0,Male,Product,APAC,36,3.1,4,4.0,3,Constant downtime and sync errors. Frustrating and unhelpful.
RESP-11003,2026-08-01 21:16:07.906048,44.0,Male,Marketing,North America,39,7.8,6,4.0,3,Billing is a nightmare. I was overcharged twice and customer support was completely unresponsive.
RESP-11004,2026-08-28 02:52:07.906048,34.0,Female,Marketing,North America,51,7.9,8,4.0,2,The interface is standard. A few bugs here and there.
RESP-11005,2026-08-03 00:39:07.906048,31.0,Female,Customer Support,North America,67,4.9,6,2.0,6,Billing is a nightmare. I was overcharged twice and customer support was completely unresponsive.
RESP-11006,2026-08-26 05:41:07.906048,36.0,Male,Customer Support,North America,13,7.4,3,4.0,2,Billing is a nightmare. I was overcharged twice and customer support was completely unresponsive. You can reach my direct desk at +1-555-01306 to discuss.
RESP-11007,2026-09-08 03:37:07.906048,62.0,Female,Marketing,EMEA,21,6.4,8,,3,The interface is standard. A few bugs here and there.
RESP-11008,2026-09-09 02:09:07.906048,47.0,Female,Engineering,EMEA,38,7.8,8,5.0,3,"Average experience overall. Does what it promises, nothing more, nothing less."
RESP-11009,2026-07-31 20:28:07.906048,47.0,Female,Sales,North America,29,6.5,8,5.0,2,The interface is standard. A few bugs here and there.
RESP-11010,2026-09-06 06:45:07.906048,40.0,Female,Engineering,North America,120,10.0,9,4.0,2,Customer support was very responsive and resolved my billing issue in 10 minutes.
RESP-11011,2026-06-30 01:43:07.906048,37.0,Male,Product,North America,1,9.3,7,4.0,4,
RESP-11012,2026-06-30 02:30:07.906048,18.0,Female,Product,EMEA,11,8.4,9,4.0,4,The software platform is exceptionally intuitive and saves our team hours.
RESP-11013,2026-08-09 06:50:07.906048,29.0,Female,Engineering,North America,8,6.3,6,3.0,4,Constant downtime and sync errors. Frustrating and unhelpful.
RESP-11014,2026-08-18 14:34:07.906048,31.0,Male,Marketing,EMEA,8,6.7,7,5.0,2,The interface is standard. A few bugs here and there.
RESP-11015,2026-07-04 17:02:07.906048,18.0,Male,Product,North America,7,6.1,8,4.0,4,"Features are acceptable, but pricing seems a bit high for small teams."
RESP-11016,2026-08-02 10:29:07.906048,24.0,Female,Engineering,APAC,30,8.9,10,5.0,2,"Fast performance, excellent reliability, and helpful documentation."
RESP-11017,2026-06-29 10:24:07.906048,18.0,Female,Customer Support,APAC,3,5.7,9,5.0,1,The software platform is exceptionally intuitive and saves our team hours.
RESP-11018,2026-08-14 03:07:07.906048,35.0,Female,Product,North America,33,5.6,6,4.0,3,Constant downtime and sync errors. Frustrating and unhelpful.
RESP-11019,2026-09-05 21:35:07.906048,44.0,Male,Engineering,North America,29,7.8,7,3.0,5,"Features are acceptable, but pricing seems a bit high for small teams."
RESP-11020,2026-08-26 07:53:07.906048,47.0,Male,Customer Support,EMEA,7,4.2,4,2.0,7,Constant downtime and sync errors. Frustrating and unhelpful.
RESP-11021,2026-07-24 23:41:07.906048,40.0,Male,Sales,North America,7,6.2,7,4.0,1,"The application works fine, but performance slows down occasionally during peak hours."
RESP-11022,2026-09-18 09:10:07.906048,26.0,Non-Binary,Product,EMEA,24,6.0,8,4.0,3,"Support is fine, but response times could be improved."
RESP-11023,2026-08-19 14:31:07.906048,18.0,Male,Product,APAC,35,7.3,5,3.0,4,The UI update makes navigation horrible. Features crash constantly on Chrome.
RESP-11024,2026-09-02 07:31:07.906048,18.0,Male,Product,EMEA,51,8.4,8,5.0,3,"Support is fine, but response times could be improved."
RESP-11025,2026-08-20 05:07:07.906048,23.0,Male,Sales,APAC,46,5.9,8,5.0,2,"Support is fine, but response times could be improved."
RESP-11026,2026-09-17 23:43:07.906048,27.0,Female,Product,North America,81,6.7,6,3.0,3,Customer service takes 4 days to reply. We are considering switching providers.
RESP-11027,2026-09-02 20:43:07.906048,34.0,Prefer not to say,Marketing,North America,21,6.8,8,4.0,4,The interface is standard. A few bugs here and there.
RESP-11028,2026-08-06 16:32:07.906048,25.0,Female,Sales,APAC,58,7.0,8,5.0,2,
RESP-11029,2026-07-23 23:02:07.906048,39.0,Female,Marketing,North America,40,4.8,6,4.0,4,Constant downtime and sync errors. Frustrating and unhelpful.
RESP-11030,2026-08-21 08:02:07.906048,33.0,Male,Engineering,EMEA,55,8.1,7,3.0,3,"Average experience overall. Does what it promises, nothing more, nothing less."
RESP-11031,2026-08-13 01:27:07.906048,36.0,Female,Customer Support,North America,1,7.5,6,5.0,2,The UI update makes navigation horrible. Features crash constantly on Chrome.
RESP-11032,2026-08-16 13:58:07.906048,47.0,Male,Engineering,North America,82,8.6,9,5.0,2,The software platform is exceptionally intuitive and saves our team hours.
RESP-11033,2026-07-21 19:29:07.906048,24.0,Male,Engineering,LATAM,16,7.8,6,4.0,3,Customer service takes 4 days to reply. We are considering switching providers.
RESP-11034,2026-07-29 12:38:07.906048,40.0,Female,Engineering,North America,39,8.7,8,5.0,2,The interface is standard. A few bugs here and there.
RESP-11035,2026-08-10 04:04:07.906048,35.0,Male,Customer Support,LATAM,4,6.2,7,4.0,4,"Support is fine, but response times could be improved."
RESP-11036,2026-09-04 11:26:07.906048,32.0,Female,Sales,LATAM,13,7.1,10,4.0,5,Customer support was very responsive and resolved my billing issue in 10 minutes.
RESP-11037,2026-08-28 14:27:07.906048,44.0,Female,Marketing,APAC,8,3.5,4,3.0,4,The UI update makes navigation horrible. Features crash constantly on Chrome.
RESP-11038,2026-07-01 14:52:07.906048,44.0,Male,Engineering,EMEA,9,5.4,6,2.0,6,Billing is a nightmare. I was overcharged twice and customer support was completely unresponsive.
RESP-11039,2026-07-13 00:58:07.906048,26.0,Male,Sales,EMEA,4,7.5,9,5.0,2,Our account manager is fantastic. Keep up the great work!
RESP-11040,2026-06-23 08:09:07.906048,34.0,Male,Customer Support,APAC,40,3.2,2,2.0,6,Billing is a nightmare. I was overcharged twice and customer support was completely unresponsive.
RESP-11041,2026-06-21 15:46:07.906048,38.0,Female,Marketing,North America,1,7.1,7,4.0,4,"The application works fine, but performance slows down occasionally during peak hours."
RESP-11042,2026-07-11 03:14:07.906048,33.0,Male,Sales,EMEA,9,5.5,9,5.0,2,The software platform is exceptionally intuitive and saves our team hours.
RESP-11043,2026-08-31 21:06:07.906048,41.0,Female,Customer Support,EMEA,5,4.0,4,2.0,7,Billing is a nightmare. I was overcharged twice and customer support was completely unresponsive.
RESP-11044,2026-09-10 08:50:07.906048,38.0,Male,Product,EMEA,22,7.8,9,4.0,3,The software platform is exceptionally intuitive and saves our team hours.
RESP-11045,2026-07-26 04:48:07.906048,54.0,Female,Customer Support,EMEA,8,5.8,7,4.0,5,"Average experience overall. Does what it promises, nothing more, nothing less."
RESP-11046,2026-08-10 15:05:07.906048,20.0,Male,Engineering,North America,8,10.0,8,3.0,4,"The application works fine, but performance slows down occasionally during peak hours."
RESP-11047,2026-08-23 11:39:07.906048,34.0,Female,Engineering,EMEA,17,6.8,7,4.0,3,"Features are acceptable, but pricing seems a bit high for small teams."
RESP-11048,2026-09-14 16:55:07.906048,26.0,Female,Product,APAC,26,9.5,10,3.0,5,Our account manager is fantastic. Keep up the great work!
RESP-11049,2026-09-11 02:31:07.906048,42.0,Male,Engineering,North America,4,8.2,9,4.0,3,Our account manager is fantastic. Keep up the great work!
RESP-11050,2026-06-26 02:07:07.906048,19.0,Male,Product,LATAM,5,6.3,5,4.0,3,Terrible experience. Pricing increased without notice and the software is laggy.
RESP-11051,2026-07-13 06:37:07.906048,39.0,Male,Customer Support,EMEA,7,6.7,5,3.0,5,The UI update makes navigation horrible. Features crash constantly on Chrome.
RESP-11052,2026-06-25 08:44:07.906048,29.0,Male,Product,APAC,88,8.1,7,3.0,6,The interface is standard. A few bugs here and there.
RESP-11053,2026-08-15 10:18:07.906048,28.0,Male,Marketing,EMEA,13,6.6,6,3.0,4,Terrible experience. Pricing increased without notice and the software is laggy.
RESP-11054,2026-08-23 21:14:07.906048,21.0,Male,Product,APAC,22,7.7,9,4.0,4,Our account manager is fantastic. Keep up the great work!
RESP-11055,2026-07-18 16:28:07.906048,31.0,Female,Sales,North America,7,5.1,8,4.0,2,"Average experience overall. Does what it promises, nothing more, nothing less."
RESP-11056,2026-09-05 18:54:07.906048,46.0,Male,Marketing,APAC,17,5.3,7,5.0,2,"Support is fine, but response times could be improved."
RESP-11057,2026-07-31 16:39:07.906048,35.0,Female,Sales,North America,2,7.1,8,5.0,3,"The application works fine, but performance slows down occasionally during peak hours."
RESP-11058,2026-09-18 19:05:07.906048,42.0,Male,Sales,APAC,1,5.7,4,3.0,3,Customer service takes 4 days to reply. We are considering switching providers.
RESP-11059,2026-06-20 23:26:07.906048,52.0,Male,Customer Support,LATAM,16,5.4,5,3.0,4,Terrible experience. Pricing increased without notice and the software is laggy.
RESP-11060,2026-06-30 19:04:07.906048,38.0,Non-Binary,Product,North America,13,7.7,8,4.0,6,"Support is fine, but response times could be improved."
RESP-11061,2026-07-18 02:27:07.906048,30.0,Male,Product,North America,4,7.7,7,3.0,5,"Support is fine, but response times could be improved."
RESP-11062,2026-06-23 05:40:07.906048,40.0,Male,Marketing,APAC,28,4.4,5,3.0,6,Constant downtime and sync errors. Frustrating and unhelpful.
RESP-11063,2026-08-30 08:26:07.906048,30.0,Male,Sales,North America,119,7.9,9,4.0,4,Customer support was very responsive and resolved my billing issue in 10 minutes.
RESP-11064,2026-06-25 16:34:07.906048,30.0,Female,Sales,APAC,13,6.2,7,4.0,3,"Average experience overall. Does what it promises, nothing more, nothing less."
RESP-11065,2026-08-27 08:22:07.906048,,Male,Marketing,North America,24,6.2,8,5.0,2,"The application works fine, but performance slows down occasionally during peak hours."
RESP-11066,2026-06-25 16:07:07.906048,45.0,Female,Engineering,North America,80,8.3,7,4.0,3,"Support is fine, but response times could be improved."
RESP-11067,2026-07-13 16:28:07.906048,32.0,Male,Engineering,LATAM,43,8.1,9,5.0,1,Customer support was very responsive and resolved my billing issue in 10 minutes.
RESP-11068,2026-09-04 15:44:07.906048,37.0,Female,Sales,EMEA,15,7.2,6,2.0,5,Terrible experience. Pricing increased without notice and the software is laggy.
RESP-11069,2026-09-14 12:56:07.906048,25.0,Female,Sales,APAC,33,6.8,5,4.0,3,Billing is a nightmare. I was overcharged twice and customer support was completely unresponsive.
RESP-11070,2026-07-28 05:57:07.906048,40.0,Female,Sales,North America,4,7.1,8,3.0,4,"Features are acceptable, but pricing seems a bit high for small teams. You can reach my direct desk at +1-555-01370 to discuss."
RESP-11071,2026-09-16 05:39:07.906048,28.0,Female,Engineering,EMEA,18,9.7,10,5.0,1,The software platform is exceptionally intuitive and saves our team hours.
RESP-11072,2026-08-16 08:38:07.906048,34.0,Male,Engineering,EMEA,8,9.0,10,5.0,2,Our account manager is fantastic. Keep up the great work!
RESP-11073,2026-07-28 08:47:07.906048,44.0,Female,Engineering,EMEA,5,7.5,8,5.0,2,"The application works fine, but performance slows down occasionally during peak hours."
RESP-11074,2026-09-01 04:38:07.906048,43.0,Male,Product,EMEA,14,5.6,6,3.0,6,Constant downtime and sync errors. Frustrating and unhelpful.
RESP-11075,2026-07-17 12:29:07.906048,35.0,Female,Sales,EMEA,4,8.5,9,4.0,2,Our account manager is fantastic. Keep up the great work!
RESP-11076,2026-07-14 20:42:07.906048,18.0,Male,Sales,EMEA,29,5.6,4,2.0,6,The UI update makes navigation horrible. Features crash constantly on Chrome.
RESP-11077,2026-08-19 00:43:07.906048,65.0,Male,Customer Support,North America,15,4.8,3,1.0,4,
RESP-11078,2026-07-26 02:02:07.906048,53.0,Male,Engineering,APAC,19,5.1,5,3.0,5,Billing is a nightmare. I was overcharged twice and customer support was completely unresponsive.
RESP-11079,2026-07-03 04:09:07.906048,43.0,Male,Product,North America,4,7.8,8,3.0,4,"Average experience overall. Does what it promises, nothing more, nothing less."
RESP-11080,2026-06-26 23:13:07.906048,28.0,Female,Marketing,EMEA,4,6.7,7,4.0,3,
RESP-11081,2026-08-30 20:19:07.906048,34.0,Male,Engineering,North America,22,5.4,6,4.0,4,Customer service takes 4 days to reply. We are considering switching providers.
RESP-11082,2026-08-20 18:33:07.906048,30.0,Female,Sales,EMEA,101,6.7,6,4.0,3,Constant downtime and sync errors. Frustrating and unhelpful.
RESP-11083,2026-07-28 00:04:07.906048,48.0,Male,Product,APAC,3,6.6,7,3.0,4,"Support is fine, but response times could be improved."
RESP-11084,2026-09-09 14:26:07.906048,38.0,Male,Product,North America,9,10.0,10,4.0,3,Our account manager is fantastic. Keep up the great work!
RESP-11085,2026-07-27 22:02:07.906048,28.0,Female,Sales,North America,49,5.1,8,4.0,2,"Features are acceptable, but pricing seems a bit high for small teams."
RESP-11086,2026-08-23 20:49:07.906048,31.0,Male,Customer Support,North America,2,4.8,5,3.0,5,Constant downtime and sync errors. Frustrating and unhelpful.
RESP-11087,2026-09-10 18:16:07.906048,47.0,Male,Engineering,EMEA,51,6.4,10,5.0,2,Great UI and clean design. Very satisfied with recent feature releases.
RESP-11088,2026-09-04 14:31:07.906048,52.0,Female,Product,APAC,18,9.2,10,5.0,1,Our account manager is fantastic. Keep up the great work!
RESP-11089,2026-08-05 22:34:07.906048,51.0,Female,Engineering,North America,13,7.1,7,5.0,3,"Support is fine, but response times could be improved."
RESP-11090,2026-08-21 04:45:07.906048,43.0,Female,Product,APAC,9,6.2,5,3.0,5,Terrible experience. Pricing increased without notice and the software is laggy.
RESP-11091,2026-07-28 04:06:07.906048,33.0,Male,Customer Support,North America,9,6.6,4,4.0,1,Terrible experience. Pricing increased without notice and the software is laggy.
RESP-11092,2026-08-18 04:31:07.906048,18.0,Male,Customer Support,EMEA,9,3.4,2,3.0,4,Billing is a nightmare. I was overcharged twice and customer support was completely unresponsive.
RESP-11093,2026-07-14 02:53:07.906048,38.0,Female,Customer Support,LATAM,52,6.4,5,4.0,4,The UI update makes navigation horrible. Features crash constantly on Chrome.
RESP-11094,2026-07-30 01:37:07.906048,35.0,Female,Engineering,North America,31,10.0,10,4.0,3,The software platform is exceptionally intuitive and saves our team hours.
RESP-11095,2026-07-09 19:12:07.906048,37.0,Male,Engineering,EMEA,27,8.5,8,5.0,2,The interface is standard. A few bugs here and there.
RESP-11096,2026-06-24 09:03:07.906048,36.0,Male,Engineering,North America,39,8.7,9,4.0,4,"Fast performance, excellent reliability, and helpful documentation."
RESP-11097,2026-08-12 21:49:07.906048,22.0,Female,Engineering,North America,8,9.0,10,4.0,2,Customer support was very responsive and resolved my billing issue in 10 minutes.
RESP-11098,2026-09-06 17:45:07.906048,,Female,Marketing,North America,24,9.1,9,5.0,3,"Fast performance, excellent reliability, and helpful documentation."
RESP-11099,2026-06-23 05:49:07.906048,42.0,Male,Sales,North America,15,7.8,10,5.0,1,Customer support was very responsive and resolved my billing issue in 10 minutes.
RESP-11100,2026-07-08 14:00:07.906048,,Female,Engineering,EMEA,37,8.4,7,3.0,5,"Features are acceptable, but pricing seems a bit high for small teams."
RESP-11101,2026-08-01 08:34:07.906048,45.0,Female,Product,EMEA,9,8.7,8,4.0,1,"Support is fine, but response times could be improved."
RESP-11102,2026-08-19 20:55:07.906048,42.0,Non-Binary,Product,EMEA,25,6.0,5,2.0,7,
RESP-11103,2026-07-06 08:26:07.906048,31.0,Male,Product,North America,52,8.5,10,5.0,1,Great UI and clean design. Very satisfied with recent feature releases.
RESP-11104,2026-06-26 01:02:07.906048,35.0,Female,Product,North America,13,5.8,2,2.0,5,Constant downtime and sync errors. Frustrating and unhelpful.
RESP-11105,2026-08-06 15:43:07.906048,36.0,Female,Engineering,EMEA,2,7.1,5,4.0,3,Constant downtime and sync errors. Frustrating and unhelpful.
RESP-11106,2026-09-02 14:59:07.906048,37.0,Female,Sales,LATAM,18,1.4,1,1.0,6,Billing is a nightmare. I was overcharged twice and customer support was completely unresponsive.
RESP-11107,2026-06-24 02:41:07.906048,45.0,Female,Marketing,North America,11,7.1,9,5.0,2,The software platform is exceptionally intuitive and saves our team hours.
RESP-11108,2026-07-22 09:13:07.906048,42.0,Male,Customer Support,APAC,27,4.5,5,4.0,4,Billing is a nightmare. I was overcharged twice and customer support was completely unresponsive.
RESP-11109,2026-08-19 15:46:07.906048,56.0,Female,Engineering,EMEA,73,9.4,7,4.0,3,"Support is fine, but response times could be improved."
RESP-11110,2026-07-02 16:59:07.906048,58.0,Male,Marketing,EMEA,16,7.1,5,4.0,3,The UI update makes navigation horrible. Features crash constantly on Chrome. You can reach my direct desk at +1-555-01410 to discuss.
RESP-11111,2026-07-12 04:13:07.906048,36.0,Male,Engineering,EMEA,16,9.4,10,5.0,2,The software platform is exceptionally intuitive and saves our team hours.
RESP-11112,2026-08-08 03:14:07.906048,18.0,Female,Engineering,North America,26,6.1,5,4.0,3,Customer service takes 4 days to reply. We are considering switching providers.
RESP-11113,2026-09-14 17:33:07.906048,48.0,Female,Customer Support,North America,3,7.1,6,4.0,3,Constant downtime and sync errors. Frustrating and unhelpful.
RESP-11114,2026-07-16 19:14:07.906048,30.0,Male,Customer Support,EMEA,8,8.7,10,4.0,4,Our account manager is fantastic. Keep up the great work!
RESP-11115,2026-08-03 19:38:07.906048,27.0,Male,Customer Support,North America,61,6.6,8,4.0,3,"Support is fine, but response times could be improved."
RESP-11116,2026-07-26 22:26:07.906048,32.0,Male,Engineering,LATAM,27,8.9,10,5.0,2,The software platform is exceptionally intuitive and saves our team hours. More details at https://internal-feedback-416.org/details.
RESP-11117,2026-09-09 16:57:07.906048,31.0,Female,Product,EMEA,1,7.6,6,3.0,5,Constant downtime and sync errors. Frustrating and unhelpful.
RESP-11118,2026-06-27 09:51:07.906048,42.0,Male,Sales,North America,6,5.2,3,2.0,5,Billing is a nightmare. I was overcharged twice and customer support was completely unresponsive.
RESP-11119,2026-08-10 21:27:07.906048,20.0,Male,Engineering,APAC,28,8.8,9,4.0,4,"Fast performance, excellent reliability, and helpful documentation."
RESP-11120,2026-09-05 02:12:07.906048,25.0,Male,Product,North America,35,5.0,6,2.0,6,The UI update makes navigation horrible. Features crash constantly on Chrome.
RESP-11121,2026-09-17 20:55:07.906048,39.0,Female,Product,EMEA,44,6.7,7,3.0,4,"The application works fine, but performance slows down occasionally during peak hours."
RESP-11122,2026-08-22 19:49:07.906048,42.0,Male,Product,EMEA,9,4.6,7,3.0,3,"Average experience overall. Does what it promises, nothing more, nothing less."
RESP-11123,2026-07-25 03:14:07.906048,42.0,Male,Marketing,LATAM,65,5.4,3,3.0,4,Constant downtime and sync errors. Frustrating and unhelpful.
RESP-11124,2026-07-28 00:07:07.906048,28.0,Female,Customer Support,APAC,20,6.5,8,2.0,5,"Features are acceptable, but pricing seems a bit high for small teams."
RESP-11125,2026-07-22 14:13:07.906048,26.0,Male,Customer Support,EMEA,29,6.3,5,3.0,5,Customer service takes 4 days to reply. We are considering switching providers.
RESP-11126,2026-08-14 06:23:07.906048,30.0,Female,Engineering,EMEA,22,7.8,9,4.0,3,"Fast performance, excellent reliability, and helpful documentation."
RESP-11127,2026-08-26 11:41:07.906048,38.0,Female,Sales,LATAM,4,6.3,6,3.0,4,The UI update makes navigation horrible. Features crash constantly on Chrome.
RESP-11128,2026-09-02 16:37:07.906048,50.0,Female,Sales,North America,80,3.2,2,1.0,7,Billing is a nightmare. I was overcharged twice and customer support was completely unresponsive.
RESP-11129,2026-07-28 10:25:07.906048,18.0,Non-Binary,Sales,North America,4,5.4,4,3.0,5,Billing is a nightmare. I was overcharged twice and customer support was completely unresponsive.
RESP-11130,2026-08-24 10:40:07.906048,33.0,Female,Marketing,North America,8,5.5,3,1.0,6,Customer service takes 4 days to reply. We are considering switching providers.
RESP-11131,2026-09-11 09:37:07.906048,22.0,Female,Sales,North America,41,5.0,5,4.0,3,Billing is a nightmare. I was overcharged twice and customer support was completely unresponsive.
RESP-11132,2026-09-11 19:33:07.906048,19.0,Male,Engineering,EMEA,24,8.6,7,3.0,6,"Average experience overall. Does what it promises, nothing more, nothing less."
RESP-11133,2026-08-23 07:17:07.906048,45.0,Female,Engineering,EMEA,44,6.4,8,4.0,1,"Features are acceptable, but pricing seems a bit high for small teams."
RESP-11134,2026-08-17 06:17:07.906048,41.0,Male,Customer Support,EMEA,18,4.6,6,3.0,5,Billing is a nightmare. I was overcharged twice and customer support was completely unresponsive.
RESP-11135,2026-08-07 18:40:07.906048,,Male,Engineering,North America,12,4.6,7,4.0,2,"The application works fine, but performance slows down occasionally during peak hours."
RESP-11136,2026-07-07 10:17:07.906048,45.0,Male,Product,APAC,62,6.9,7,4.0,2,The interface is standard. A few bugs here and there.
RESP-11137,2026-07-02 01:37:07.906048,31.0,Male,Sales,North America,1,4.4,5,3.0,4,Billing is a nightmare. I was overcharged twice and customer support was completely unresponsive.
RESP-11138,2026-08-03 15:43:07.906048,31.0,Male,Sales,EMEA,47,6.1,8,4.0,3,"Features are acceptable, but pricing seems a bit high for small teams."
RESP-11139,2026-07-05 06:58:07.906048,57.0,Female,Customer Support,EMEA,7,4.1,3,3.0,4,Constant downtime and sync errors. Frustrating and unhelpful.
RESP-11140,2026-08-11 20:54:07.906048,33.0,Non-Binary,Marketing,North America,46,6.7,4,2.0,7,The UI update makes navigation horrible. Features crash constantly on Chrome.
RESP-11141,2026-08-18 01:18:07.906048,43.0,Female,Sales,North America,4,5.8,6,4.0,2,Terrible experience. Pricing increased without notice and the software is laggy. You can reach my direct desk at +1-555-01441 to discuss.
RESP-11142,2026-08-07 05:54:07.906048,36.0,Male,Customer Support,North America,21,8.0,6,4.0,4,Constant downtime and sync errors. Frustrating and unhelpful.
RESP-11143,2026-06-24 05:15:07.906048,18.0,Female,Customer Support,APAC,53,6.2,10,5.0,2,"Fast performance, excellent reliability, and helpful documentation."
RESP-11144,2026-06-26 03:16:07.906048,,Male,Sales,LATAM,16,3.2,5,4.0,3,Terrible experience. Pricing increased without notice and the software is laggy.
RESP-11145,2026-07-01 03:24:07.906048,30.0,Male,Product,EMEA,33,5.4,9,5.0,2,Customer support was very responsive and resolved my billing issue in 10 minutes.
RESP-11146,2026-07-04 18:27:07.906048,46.0,Male,Marketing,North America,40,6.6,7,3.0,5,"Support is fine, but response times could be improved."
RESP-11147,2026-09-18 00:43:07.906048,43.0,Female,Customer Support,EMEA,33,4.1,5,2.0,4,Constant downtime and sync errors. Frustrating and unhelpful.
RESP-11148,2026-07-21 22:41:07.906048,45.0,Female,Product,APAC,63,2.8,2,2.0,5,The UI update makes navigation horrible. Features crash constantly on Chrome.
RESP-11149,2026-07-17 05:14:07.906048,26.0,Male,Product,APAC,15,9.3,10,5.0,2,The software platform is exceptionally intuitive and saves our team hours.
RESP-11150,2026-06-25 15:28:07.906048,52.0,Male,Marketing,North America,5,7.6,6,5.0,2,Terrible experience. Pricing increased without notice and the software is laggy.
RESP-11151,2026-08-17 02:52:07.906048,26.0,Female,Marketing,North America,2,7.3,3,3.0,4,The UI update makes navigation horrible. Features crash constantly on Chrome.
RESP-11152,2026-08-18 15:18:07.906048,38.0,Non-Binary,Customer Support,APAC,7,4.6,3,1.0,7,Terrible experience. Pricing increased without notice and the software is laggy.
RESP-11153,2026-07-06 17:33:07.906048,35.0,Male,Customer Support,North America,4,6.1,4,2.0,4,Constant downtime and sync errors. Frustrating and unhelpful.
RESP-11154,2026-09-11 16:08:07.906048,34.0,Female,Customer Support,North America,20,4.4,7,5.0,2,"Support is fine, but response times could be improved."
RESP-11155,2026-08-31 23:38:07.906048,49.0,Male,Marketing,North America,5,6.8,10,5.0,1,Great UI and clean design. Very satisfied with recent feature releases. More details at https://internal-feedback-455.org/details.
RESP-11156,2026-07-11 16:04:07.906048,28.0,Male,Engineering,EMEA,1,6.3,4,3.0,4,Customer service takes 4 days to reply. We are considering switching providers.
RESP-11157,2026-08-03 16:01:07.906048,22.0,Female,Product,APAC,1,9.6,10,4.0,3,
RESP-11158,2026-08-01 04:42:07.906048,36.0,Female,Product,LATAM,43,4.9,6,4.0,2,Customer service takes 4 days to reply. We are considering switching providers.
RESP-11159,2026-07-22 07:23:07.906048,32.0,Male,Engineering,EMEA,22,9.5,7,4.0,1,The interface is standard. A few bugs here and there.
RESP-11160,2026-09-02 12:40:07.906048,69.0,Male,Marketing,EMEA,11,6.6,6,3.0,3,Billing is a nightmare. I was overcharged twice and customer support was completely unresponsive.
RESP-11161,2026-06-30 18:35:07.906048,42.0,Female,Engineering,North America,54,7.0,6,3.0,4,Terrible experience. Pricing increased without notice and the software is laggy.
RESP-11162,2026-07-28 07:39:07.906048,31.0,Male,Sales,EMEA,2,6.3,7,4.0,3,"The application works fine, but performance slows down occasionally during peak hours. You can reach my direct desk at +1-555-01462 to discuss."
RESP-11163,2026-07-29 11:07:07.906048,25.0,Male,Marketing,North America,95,7.6,6,3.0,5,Customer service takes 4 days to reply. We are considering switching providers.
RESP-11164,2026-08-02 03:01:07.906048,18.0,Male,Engineering,EMEA,23,9.8,10,5.0,2,Customer support was very responsive and resolved my billing issue in 10 minutes.
RESP-11165,2026-09-06 11:05:07.906048,25.0,Female,Marketing,North America,5,7.0,6,4.0,4,Terrible experience. Pricing increased without notice and the software is laggy.
RESP-11166,2026-07-10 13:49:07.906048,37.0,Male,Marketing,North America,28,5.2,6,3.0,4,Billing is a nightmare. I was overcharged twice and customer support was completely unresponsive. More details at https://internal-feedback-466.org/details.
RESP-11167,2026-06-30 04:53:07.906048,50.0,Female,Customer Support,North America,35,5.6,5,3.0,4,Customer service takes 4 days to reply. We are considering switching providers.
RESP-11168,2026-08-15 13:02:07.906048,47.0,Female,Engineering,North America,14,10.0,9,4.0,5,Great UI and clean design. Very satisfied with recent feature releases.
RESP-11169,2026-07-06 14:03:07.906048,38.0,Female,Sales,North America,48,8.0,8,4.0,3,"The application works fine, but performance slows down occasionally during peak hours."
RESP-11170,2026-06-27 16:26:07.906048,32.0,Male,Customer Support,North America,4,6.9,10,5.0,2,"Fast performance, excellent reliability, and helpful documentation."
RESP-11171,2026-07-29 08:08:07.906048,38.0,Male,Product,LATAM,8,8.5,8,4.0,3,The interface is standard. A few bugs here and there.
RESP-11172,2026-07-10 17:01:07.906048,30.0,Female,Customer Support,EMEA,3,6.5,5,2.0,5,Billing is a nightmare. I was overcharged twice and customer support was completely unresponsive. Contact me at user472@example.com if you want more details.
RESP-11173,2026-07-23 10:48:07.906048,53.0,Male,Sales,EMEA,6,7.7,9,5.0,3,Our account manager is fantastic. Keep up the great work!
RESP-11174,2026-07-14 07:33:07.906048,34.0,Female,Customer Support,APAC,7,4.8,5,3.0,5,Terrible experience. Pricing increased without notice and the software is laggy.
RESP-11175,2026-06-29 06:40:07.906048,35.0,Female,Customer Support,LATAM,60,3.5,1,1.0,6,Billing is a nightmare. I was overcharged twice and customer support was completely unresponsive.
RESP-11176,2026-08-10 08:55:07.906048,18.0,Prefer not to say,Marketing,EMEA,2,6.6,10,5.0,2,"Fast performance, excellent reliability, and helpful documentation."
RESP-11177,2026-06-23 08:56:07.906048,34.0,Male,Engineering,APAC,14,6.5,6,4.0,3,Constant downtime and sync errors. Frustrating and unhelpful.
RESP-11178,2026-09-15 21:57:07.906048,44.0,Female,Marketing,North America,19,4.9,4,3.0,5,The UI update makes navigation horrible. Features crash constantly on Chrome.
RESP-11179,2026-07-21 15:51:07.906048,25.0,Male,Customer Support,North America,55,4.4,5,3.0,4,The UI update makes navigation horrible. Features crash constantly on Chrome.
RESP-11180,2026-08-22 12:07:07.906048,28.0,Female,Product,EMEA,120,10.0,10,5.0,4,Customer support was very responsive and resolved my billing issue in 10 minutes.
RESP-11181,2026-09-01 20:58:07.906048,43.0,Female,Sales,EMEA,34,6.2,4,4.0,3,Terrible experience. Pricing increased without notice and the software is laggy.
RESP-11182,2026-07-16 01:26:07.906048,21.0,Male,Customer Support,EMEA,85,6.0,6,4.0,2,The UI update makes navigation horrible. Features crash constantly on Chrome.
RESP-11183,2026-08-27 07:51:07.906048,46.0,Male,Product,North America,38,5.5,9,4.0,4,Great UI and clean design. Very satisfied with recent feature releases.
RESP-11184,2026-09-03 20:36:07.906048,30.0,Female,Engineering,North America,80,4.9,5,3.0,5,Customer service takes 4 days to reply. We are considering switching providers.
RESP-11185,2026-07-12 15:49:07.906048,32.0,Male,Product,EMEA,30,6.1,4,2.0,5,Terrible experience. Pricing increased without notice and the software is laggy.
RESP-11186,2026-09-18 06:22:07.906048,24.0,Male,Customer Support,North America,2,7.7,7,5.0,1,"Average experience overall. Does what it promises, nothing more, nothing less."
RESP-11187,2026-06-22 19:16:07.906048,39.0,Female,Engineering,EMEA,13,8.2,9,5.0,2,"Fast performance, excellent reliability, and helpful documentation."
RESP-11188,2026-07-10 11:18:07.906048,60.0,Male,Sales,EMEA,25,6.9,9,5.0,3,Customer support was very responsive and resolved my billing issue in 10 minutes.
RESP-11189,2026-08-30 03:25:07.906048,43.0,Male,Marketing,APAC,11,7.6,7,4.0,3,"Average experience overall. Does what it promises, nothing more, nothing less."
RESP-11190,2026-07-08 09:54:07.906048,27.0,Male,Engineering,APAC,8,6.8,8,4.0,4,
RESP-11191,2026-08-22 18:49:07.906048,47.0,Male,Customer Support,APAC,21,7.6,5,3.0,5,Constant downtime and sync errors. Frustrating and unhelpful.
RESP-11192,2026-09-05 22:31:07.906048,32.0,Male,Sales,EMEA,66,5.1,3,1.0,7,Terrible experience. Pricing increased without notice and the software is laggy.
RESP-11193,2026-09-15 06:29:07.906048,49.0,Female,Customer Support,APAC,1,7.6,7,4.0,4,"Support is fine, but response times could be improved."
RESP-11194,2026-08-02 14:57:07.906048,44.0,Male,Engineering,EMEA,36,8.4,10,4.0,4,Our account manager is fantastic. Keep up the great work!
RESP-11195,2026-09-16 08:10:07.906048,18.0,Male,Product,North America,31,4.6,5,3.0,4,Terrible experience. Pricing increased without notice and the software is laggy.
RESP-11196,2026-07-27 23:41:07.906048,25.0,Female,Product,North America,80,6.2,7,4.0,3,"Average experience overall. Does what it promises, nothing more, nothing less."
RESP-11197,2026-07-10 13:44:07.906048,45.0,Male,Product,North America,65,4.6,5,4.0,4,The UI update makes navigation horrible. Features crash constantly on Chrome.
RESP-11198,2026-08-06 04:39:07.906048,37.0,Male,Marketing,EMEA,35,8.2,10,5.0,2,Great UI and clean design. Very satisfied with recent feature releases.
RESP-11199,2026-08-18 10:12:07.906048,25.0,Non-Binary,Engineering,EMEA,18,7.7,7,4.0,4,"Support is fine, but response times could be improved."
RESP-11200,2026-08-01 03:47:07.906048,29.0,Female,Marketing,APAC,6,3.2,4,2.0,5,The UI update makes navigation horrible. Features crash constantly on Chrome.
RESP-11201,2026-08-10 23:14:07.906048,,Female,Engineering,North America,19,8.3,7,5.0,1,"Features are acceptable, but pricing seems a bit high for small teams."
RESP-11202,2026-07-28 10:01:07.906048,35.0,Male,Engineering,North America,35,6.9,10,5.0,2,"Fast performance, excellent reliability, and helpful documentation."
RESP-11203,2026-08-07 04:04:07.906048,58.0,Female,Sales,LATAM,55,3.8,3,2.0,5,Constant downtime and sync errors. Frustrating and unhelpful.
RESP-11204,2026-09-14 16:11:07.906048,44.0,Male,Sales,North America,38,8.5,7,4.0,4,The interface is standard. A few bugs here and there.
RESP-11205,2026-08-04 22:13:07.906048,57.0,Female,Marketing,EMEA,6,6.7,8,4.0,2,The interface is standard. A few bugs here and there.
RESP-11206,2026-07-13 17:27:07.906048,44.0,Female,Customer Support,EMEA,22,5.1,5,3.0,5,The UI update makes navigation horrible. Features crash constantly on Chrome.
RESP-11207,2026-08-28 05:28:07.906048,46.0,Female,Sales,EMEA,10,5.4,6,2.0,5,Terrible experience. Pricing increased without notice and the software is laggy.
RESP-11208,2026-07-21 07:45:07.906048,55.0,Female,Sales,North America,1,3.7,4,2.0,6,Billing is a nightmare. I was overcharged twice and customer support was completely unresponsive.
RESP-11209,2026-09-02 09:35:07.906048,39.0,Male,Product,North America,6,5.3,4,3.0,5,Customer service takes 4 days to reply. We are considering switching providers.
RESP-11210,2026-06-26 01:21:07.906048,34.0,Female,Sales,North America,3,7.9,10,5.0,1,Customer support was very responsive and resolved my billing issue in 10 minutes.
RESP-11211,2026-07-20 20:05:07.906048,46.0,Female,Sales,EMEA,45,5.3,7,4.0,4,"Average experience overall. Does what it promises, nothing more, nothing less."
RESP-11212,2026-06-29 10:24:07.906048,50.0,Female,Engineering,EMEA,8,7.7,10,4.0,5,Customer support was very responsive and resolved my billing issue in 10 minutes.
RESP-11213,2026-06-28 14:52:07.906048,31.0,Male,Marketing,North America,9,3.4,3,1.0,7,Customer service takes 4 days to reply. We are considering switching providers.
RESP-11214,2026-08-19 04:42:07.906048,28.0,Female,Customer Support,EMEA,78,3.5,4,3.0,5,Constant downtime and sync errors. Frustrating and unhelpful.
RESP-11215,2026-07-25 14:54:07.906048,37.0,Male,Engineering,APAC,12,8.6,9,4.0,2,Our account manager is fantastic. Keep up the great work!
RESP-11216,2026-09-07 08:58:07.906048,44.0,Male,Engineering,North America,1,8.3,10,5.0,1,"Fast performance, excellent reliability, and helpful documentation."
RESP-11217,2026-08-06 10:01:07.906048,43.0,Male,Customer Support,EMEA,9,8.1,10,5.0,3,Great UI and clean design. Very satisfied with recent feature releases.
RESP-11218,2026-07-17 12:31:07.906048,21.0,Male,Customer Support,EMEA,4,7.5,8,5.0,2,The interface is standard. A few bugs here and there.
RESP-11219,2026-08-24 19:42:07.906048,55.0,Male,Sales,North America,3,5.7,3,2.0,6,Billing is a nightmare. I was overcharged twice and customer support was completely unresponsive.
RESP-11220,2026-08-16 02:27:07.906048,29.0,Non-Binary,Product,North America,2,8.0,10,5.0,3,Customer support was very responsive and resolved my billing issue in 10 minutes.
RESP-11221,2026-08-31 21:42:07.906048,33.0,Female,Engineering,EMEA,22,7.2,8,4.0,4,"Features are acceptable, but pricing seems a bit high for small teams."
RESP-11222,2026-08-17 20:44:07.906048,26.0,Female,Sales,APAC,6,9.1,8,4.0,2,The interface is standard. A few bugs here and there.
RESP-11223,2026-07-05 23:19:07.906048,62.0,Female,Product,APAC,11,9.0,10,4.0,3,Great UI and clean design. Very satisfied with recent feature releases.
RESP-11224,2026-08-20 06:27:07.906048,38.0,Male,Sales,EMEA,48,6.3,4,1.0,7,Customer service takes 4 days to reply. We are considering switching providers.
RESP-11225,2026-07-26 04:19:07.906048,,Non-Binary,Customer Support,APAC,14,5.8,7,4.0,4,"The application works fine, but performance slows down occasionally during peak hours."
RESP-11226,2026-08-01 14:58:07.906048,44.0,Male,Sales,North America,60,8.2,6,4.0,3,
RESP-11227,2026-09-11 21:09:07.906048,43.0,Female,Sales,EMEA,17,6.9,7,4.0,5,The interface is standard. A few bugs here and there.
RESP-11228,2026-07-23 08:06:07.906048,,Non-Binary,Product,EMEA,13,9.6,10,,1,Our account manager is fantastic. Keep up the great work!
RESP-11229,2026-08-15 00:24:07.906048,44.0,Female,Sales,North America,34,2.7,4,2.0,5,Terrible experience. Pricing increased without notice and the software is laggy.
RESP-11230,2026-07-23 15:42:07.906048,27.0,Female,Product,APAC,2,8.0,8,5.0,3,The interface is standard. A few bugs here and there.
RESP-11231,2026-06-29 11:11:07.906048,31.0,Female,Engineering,EMEA,3,6.9,8,4.0,2,"Average experience overall. Does what it promises, nothing more, nothing less."
RESP-11232,2026-07-31 18:11:07.906048,18.0,Female,Engineering,North America,26,10.0,10,5.0,3,The software platform is exceptionally intuitive and saves our team hours.
RESP-11233,2026-08-13 16:14:07.906048,22.0,Male,Engineering,LATAM,17,10.0,10,4.0,3,Great UI and clean design. Very satisfied with recent feature releases.
RESP-11234,2026-07-27 14:47:07.906048,54.0,Female,Customer Support,North America,38,5.5,6,3.0,4,Billing is a nightmare. I was overcharged twice and customer support was completely unresponsive.
RESP-11235,2026-07-26 02:25:07.906048,52.0,Female,Sales,North America,60,8.3,8,4.0,4,"Average experience overall. Does what it promises, nothing more, nothing less."
RESP-11236,2026-09-02 18:36:07.906048,36.0,Male,Product,North America,12,10.0,7,3.0,4,"Features are acceptable, but pricing seems a bit high for small teams."
RESP-11237,2026-06-23 14:42:07.906048,52.0,Male,Sales,APAC,22,6.1,5,2.0,7,The UI update makes navigation horrible. Features crash constantly on Chrome.
RESP-11238,2026-07-17 13:02:07.906048,34.0,Male,Product,APAC,17,10.0,10,5.0,4,Great UI and clean design. Very satisfied with recent feature releases.
RESP-11239,2026-09-01 23:58:07.906048,33.0,Female,Engineering,North America,96,7.7,7,3.0,5,"Support is fine, but response times could be improved."
RESP-11240,2026-09-11 18:55:07.906048,36.0,Male,Product,EMEA,43,7.0,7,1.0,7,"Support is fine, but response times could be improved."
RESP-11241,2026-07-28 01:09:07.906048,34.0,Male,Marketing,North America,59,7.8,7,5.0,1,"Features are acceptable, but pricing seems a bit high for small teams. Contact me at user541@example.com if you want more details."
RESP-11242,2026-09-08 22:22:07.906048,33.0,Female,Marketing,APAC,8,6.0,5,2.0,6,Billing is a nightmare. I was overcharged twice and customer support was completely unresponsive.
RESP-11243,2026-07-08 20:16:07.906048,47.0,Male,Marketing,EMEA,36,6.6,6,4.0,3,Billing is a nightmare. I was overcharged twice and customer support was completely unresponsive.
RESP-11244,2026-07-10 20:51:07.906048,37.0,Female,Marketing,EMEA,8,8.6,8,4.0,4,"Average experience overall. Does what it promises, nothing more, nothing less."
RESP-11245,2026-09-05 02:21:07.906048,43.0,Female,Customer Support,LATAM,6,5.5,6,5.0,2,The UI update makes navigation horrible. Features crash constantly on Chrome.
RESP-11246,2026-09-10 05:37:07.906048,46.0,Male,Engineering,North America,70,5.2,6,4.0,4,Constant downtime and sync errors. Frustrating and unhelpful.
RESP-11247,2026-07-10 23:50:07.906048,39.0,Male,Engineering,North America,1,8.3,8,4.0,4,The interface is standard. A few bugs here and there.
RESP-11248,2026-06-26 06:43:07.906048,26.0,Female,Product,EMEA,81,6.3,5,3.0,5,Customer service takes 4 days to reply. We are considering switching providers.
RESP-11249,2026-06-29 01:41:07.906048,22.0,Male,Customer Support,LATAM,4,6.8,5,4.0,3,Customer service takes 4 days to reply. We are considering switching providers.
RESP-11250,2026-07-14 11:09:07.906048,37.0,Male,Marketing,North America,42,7.5,10,4.0,4,Customer support was very responsive and resolved my billing issue in 10 minutes.
RESP-11251,2026-08-28 11:18:07.906048,34.0,Male,Sales,North America,8,8.2,7,4.0,3,"Support is fine, but response times could be improved."
RESP-11252,2026-08-05 20:09:07.906048,36.0,Female,Engineering,North America,11,9.1,8,4.0,3,The interface is standard. A few bugs here and there.
RESP-11253,2026-07-31 22:39:07.906048,35.0,Male,Engineering,EMEA,6,9.3,10,5.0,2,"Fast performance, excellent reliability, and helpful documentation."
RESP-11254,2026-08-12 12:19:07.906048,61.0,Female,Customer Support,North America,22,4.5,5,3.0,5,Customer service takes 4 days to reply. We are considering switching providers. You can reach my direct desk at +1-555-01554 to discuss.
RESP-11255,2026-09-09 01:27:07.906048,22.0,Male,Sales,EMEA,11,7.2,8,4.0,3,"Average experience overall. Does what it promises, nothing more, nothing less."
RESP-11256,2026-06-29 01:54:07.906048,18.0,Female,Engineering,LATAM,26,10.0,9,5.0,2,The software platform is exceptionally intuitive and saves our team hours.
RESP-11257,2026-08-22 11:11:07.906048,39.0,Female,Sales,EMEA,1,5.0,5,3.0,4,Constant downtime and sync errors. Frustrating and unhelpful.
RESP-11258,2026-09-12 08:27:07.906048,32.0,Male,Engineering,North America,2,10.0,10,5.0,1,Great UI and clean design. Very satisfied with recent feature releases.
RESP-11259,2026-07-10 03:25:07.906048,39.0,Female,Customer Support,EMEA,3,4.7,4,3.0,4,Billing is a nightmare. I was overcharged twice and customer support was completely unresponsive.
RESP-11260,2026-09-04 08:10:07.906048,41.0,Female,Sales,North America,14,4.7,5,3.0,4,Customer service takes 4 days to reply. We are considering switching providers.
RESP-11261,2026-08-22 18:19:07.906048,48.0,Female,Marketing,APAC,41,6.9,8,4.0,1,"Features are acceptable, but pricing seems a bit high for small teams."
RESP-11262,2026-06-22 05:50:07.906048,20.0,Male,Sales,EMEA,53,7.1,7,3.0,5,The interface is standard. A few bugs here and there.
RESP-11263,2026-07-11 18:51:07.906048,30.0,Female,Sales,North America,7,7.4,7,3.0,5,"The application works fine, but performance slows down occasionally during peak hours."
RESP-11264,2026-08-14 11:12:07.906048,40.0,Male,Engineering,EMEA,21,6.3,8,4.0,2,"Support is fine, but response times could be improved."
RESP-11265,2026-08-05 03:46:07.906048,,Female,Engineering,EMEA,36,8.4,10,5.0,2,Great UI and clean design. Very satisfied with recent feature releases.
RESP-11266,2026-08-07 10:55:07.906048,57.0,Female,Sales,EMEA,9,5.0,7,4.0,3,The interface is standard. A few bugs here and there. You can reach my direct desk at +1-555-01566 to discuss.
RESP-11267,2026-07-11 19:33:07.906048,45.0,Female,Sales,North America,13,3.8,1,2.0,5,Terrible experience. Pricing increased without notice and the software is laggy.
RESP-11268,2026-08-20 16:35:07.906048,35.0,Male,Customer Support,APAC,18,4.1,5,3.0,3,Terrible experience. Pricing increased without notice and the software is laggy.
RESP-11269,2026-07-14 22:02:07.906048,27.0,Female,Sales,LATAM,4,4.9,6,4.0,4,Terrible experience. Pricing increased without notice and the software is laggy.
RESP-11270,2026-07-25 23:45:07.906048,,Female,Customer Support,EMEA,1,6.3,5,3.0,3,Constant downtime and sync errors. Frustrating and unhelpful.
RESP-11271,2026-07-24 03:26:07.906048,30.0,Non-Binary,Product,LATAM,4,9.0,9,4.0,2,Our account manager is fantastic. Keep up the great work!
RESP-11272,2026-08-20 10:09:07.906048,42.0,Male,Marketing,North America,24,4.3,6,3.0,5,Customer service takes 4 days to reply. We are considering switching providers.
RESP-11273,2026-06-29 01:31:07.906048,38.0,Female,Engineering,EMEA,2,8.2,7,5.0,1,"Support is fine, but response times could be improved."
RESP-11274,2026-07-09 10:33:07.906048,22.0,Female,Sales,EMEA,6,4.2,5,3.0,4,The UI update makes navigation horrible. Features crash constantly on Chrome.
RESP-11275,2026-07-08 23:39:07.906048,31.0,Male,Engineering,EMEA,10,8.6,10,5.0,2,"Fast performance, excellent reliability, and helpful documentation."
RESP-11276,2026-06-30 16:46:07.906048,44.0,Female,Engineering,EMEA,2,6.8,5,3.0,6,The UI update makes navigation horrible. Features crash constantly on Chrome.
RESP-11277,2026-07-09 14:59:07.906048,39.0,Female,Product,North America,6,5.7,5,4.0,4,Customer service takes 4 days to reply. We are considering switching providers.
RESP-11278,2026-08-14 13:50:07.906048,41.0,Male,Engineering,North America,59,8.9,9,4.0,3,Great UI and clean design. Very satisfied with recent feature releases.
RESP-11279,2026-08-25 20:03:07.906048,39.0,Male,Sales,North America,1,5.1,4,1.0,6,Customer service takes 4 days to reply. We are considering switching providers.
RESP-11280,2026-08-19 08:50:07.906048,52.0,Male,Customer Support,North America,26,5.0,4,3.0,5,Customer service takes 4 days to reply. We are considering switching providers.
RESP-11281,2026-08-02 16:59:07.906048,38.0,Female,Marketing,APAC,12,3.2,3,2.0,5,Constant downtime and sync errors. Frustrating and unhelpful.
RESP-11282,2026-06-25 15:50:07.906048,32.0,Female,Customer Support,North America,27,6.9,8,4.0,2,"Support is fine, but response times could be improved."
RESP-11283,2026-09-15 06:02:07.906048,26.0,Male,Engineering,North America,22,8.9,10,,2,"Fast performance, excellent reliability, and helpful documentation."
RESP-11284,2026-07-06 01:37:07.906048,38.0,Female,Sales,EMEA,7,6.0,5,4.0,4,Customer service takes 4 days to reply. We are considering switching providers.
RESP-11285,2026-08-20 02:22:07.906048,18.0,Male,Customer Support,EMEA,46,3.2,4,3.0,4,Billing is a nightmare. I was overcharged twice and customer support was completely unresponsive.
RESP-11286,2026-09-11 02:25:07.906048,34.0,Male,Engineering,APAC,17,9.5,8,5.0,2,"Average experience overall. Does what it promises, nothing more, nothing less."
RESP-11287,2026-08-22 17:46:07.906048,33.0,Female,Sales,EMEA,42,5.0,3,2.0,5,Terrible experience. Pricing increased without notice and the software is laggy.
RESP-11288,2026-07-10 13:34:07.906048,22.0,Non-Binary,Engineering,North America,13,7.0,6,4.0,3,Terrible experience. Pricing increased without notice and the software is laggy.
RESP-11289,2026-07-19 08:42:07.906048,26.0,Male,Engineering,APAC,101,10.0,10,5.0,3,"Fast performance, excellent reliability, and helpful documentation."
RESP-11290,2026-06-23 15:49:07.906048,44.0,Male,Sales,EMEA,36,4.9,6,3.0,5,
RESP-11291,2026-08-15 02:08:07.906048,38.0,Female,Engineering,North America,82,8.8,9,4.0,5,
RESP-11292,2026-08-15 02:38:07.906048,37.0,Female,Customer Support,EMEA,18,6.3,6,4.0,3,Terrible experience. Pricing increased without notice and the software is laggy.
RESP-11293,2026-08-25 05:39:07.906048,39.0,Male,Customer Support,LATAM,16,6.1,6,4.0,3,Terrible experience. Pricing increased without notice and the software is laggy.
RESP-11294,2026-06-21 22:20:07.906048,36.0,Female,Marketing,North America,34,6.9,7,4.0,3,"The application works fine, but performance slows down occasionally during peak hours."
RESP-11295,2026-09-02 13:07:07.906048,48.0,Non-Binary,Engineering,North America,51,8.3,7,4.0,4,"Support is fine, but response times could be improved."
RESP-11296,2026-08-26 10:11:07.906048,37.0,Female,Engineering,North America,80,8.1,8,4.0,2,"Support is fine, but response times could be improved."
RESP-11297,2026-07-03 14:53:07.906048,21.0,Male,Engineering,North America,10,7.6,7,4.0,4,"Average experience overall. Does what it promises, nothing more, nothing less."
RESP-11298,2026-07-22 05:27:07.906048,52.0,Female,Customer Support,EMEA,39,7.8,6,3.0,4,Billing is a nightmare. I was overcharged twice and customer support was completely unresponsive.
RESP-11299,2026-08-17 09:47:07.906048,39.0,Male,Marketing,EMEA,6,4.5,3,2.0,6,Terrible experience. Pricing increased without notice and the software is laggy.
RESP-11300,2026-08-04 13:30:07.906048,30.0,Female,Engineering,North America,19,9.2,10,5.0,2,The software platform is exceptionally intuitive and saves our team hours.
RESP-11301,2026-07-01 07:11:07.906048,23.0,Female,Product,LATAM,5,8.5,9,4.0,3,The software platform is exceptionally intuitive and saves our team hours.
RESP-11302,2026-06-28 19:14:07.906048,39.0,Female,Engineering,APAC,11,8.7,8,5.0,3,"Average experience overall. Does what it promises, nothing more, nothing less."
RESP-11303,2026-08-30 06:31:07.906048,34.0,Male,Customer Support,EMEA,65,7.2,6,4.0,2,Constant downtime and sync errors. Frustrating and unhelpful.
RESP-11304,2026-07-04 23:28:07.906048,51.0,Female,Marketing,APAC,4,6.4,9,3.0,4,Our account manager is fantastic. Keep up the great work!
RESP-11305,2026-07-06 10:18:07.906048,32.0,Male,Product,North America,25,4.5,3,2.0,7,The UI update makes navigation horrible. Features crash constantly on Chrome.
RESP-11306,2026-09-03 17:22:07.906048,27.0,Male,Marketing,EMEA,22,6.4,7,4.0,4,"Average experience overall. Does what it promises, nothing more, nothing less."
RESP-11307,2026-08-15 00:48:07.906048,44.0,Female,Marketing,EMEA,4,5.0,4,3.0,4,Billing is a nightmare. I was overcharged twice and customer support was completely unresponsive.
RESP-11308,2026-08-14 08:46:07.906048,45.0,Male,Sales,APAC,10,4.9,5,2.0,5,Constant downtime and sync errors. Frustrating and unhelpful.
RESP-11309,2026-08-03 01:58:07.906048,37.0,Female,Marketing,APAC,20,4.6,5,3.0,5,Constant downtime and sync errors. Frustrating and unhelpful.
RESP-11310,2026-08-11 03:36:07.906048,42.0,Non-Binary,Engineering,North America,5,7.0,5,3.0,5,Terrible experience. Pricing increased without notice and the software is laggy.
RESP-11311,2026-08-14 02:24:07.906048,35.0,Male,Product,LATAM,39,6.4,6,3.0,4,Terrible experience. Pricing increased without notice and the software is laggy.
RESP-11312,2026-09-16 01:05:07.906048,38.0,Female,Customer Support,North America,86,1.9,4,2.0,5,Constant downtime and sync errors. Frustrating and unhelpful.
RESP-11313,2026-07-11 00:12:07.906048,47.0,Female,Marketing,APAC,6,7.6,10,5.0,3,The software platform is exceptionally intuitive and saves our team hours.
RESP-11314,2026-07-10 06:02:07.906048,42.0,Female,Sales,LATAM,5,9.3,9,3.0,4,"Fast performance, excellent reliability, and helpful documentation."
RESP-11315,2026-06-26 02:10:07.906048,34.0,Prefer not to say,Customer Support,North America,15,6.4,6,4.0,4,Terrible experience. Pricing increased without notice and the software is laggy.
RESP-11316,2026-08-19 04:17:07.906048,49.0,Female,Customer Support,APAC,34,5.2,9,5.0,2,Customer support was very responsive and resolved my billing issue in 10 minutes.
RESP-11317,2026-08-09 08:30:07.906048,18.0,Male,Marketing,North America,8,6.4,8,4.0,2,"Average experience overall. Does what it promises, nothing more, nothing less."
RESP-11318,2026-06-30 22:51:07.906048,56.0,Female,Engineering,EMEA,1,7.1,6,3.0,5,Terrible experience. Pricing increased without notice and the software is laggy.
RESP-11319,2026-07-23 17:59:07.906048,18.0,Non-Binary,Engineering,EMEA,19,7.8,7,5.0,1,"Support is fine, but response times could be improved."
RESP-11320,2026-07-07 00:29:07.906048,29.0,Female,Engineering,EMEA,76,7.6,9,4.0,3,Our account manager is fantastic. Keep up the great work!
RESP-11321,2026-07-20 18:35:07.906048,35.0,Male,Engineering,LATAM,12,6.4,5,3.0,5,Customer service takes 4 days to reply. We are considering switching providers.
RESP-11322,2026-09-14 13:18:07.906048,34.0,Male,Product,EMEA,14,9.8,10,5.0,3,The software platform is exceptionally intuitive and saves our team hours.
RESP-11323,2026-08-21 10:33:07.906048,46.0,Male,Engineering,EMEA,84,5.5,6,4.0,3,Billing is a nightmare. I was overcharged twice and customer support was completely unresponsive.
RESP-11324,2026-06-21 14:55:07.906048,25.0,Female,Product,APAC,29,8.4,9,5.0,3,Great UI and clean design. Very satisfied with recent feature releases.
RESP-11325,2026-07-13 16:00:07.906048,38.0,Female,Sales,LATAM,31,5.8,5,2.0,7,Terrible experience. Pricing increased without notice and the software is laggy.
RESP-11326,2026-06-21 20:57:07.906048,30.0,Female,Engineering,North America,20,10.0,9,5.0,1,"Fast performance, excellent reliability, and helpful documentation."
RESP-11327,2026-08-24 06:41:07.906048,38.0,Male,Marketing,LATAM,89,7.0,9,5.0,3,The software platform is exceptionally intuitive and saves our team hours.
RESP-11328,2026-08-02 04:32:07.906048,35.0,Female,Customer Support,North America,29,5.0,5,4.0,4,Billing is a nightmare. I was overcharged twice and customer support was completely unresponsive.
RESP-11329,2026-09-18 09:39:07.906048,36.0,Male,Sales,APAC,55,5.6,5,3.0,3,Customer service takes 4 days to reply. We are considering switching providers.
RESP-11330,2026-08-25 23:07:07.906048,30.0,Female,Customer Support,North America,29,5.6,5,3.0,6,Terrible experience. Pricing increased without notice and the software is laggy.
RESP-11331,2026-08-06 13:16:07.906048,30.0,Male,Marketing,North America,32,4.8,5,4.0,4,Constant downtime and sync errors. Frustrating and unhelpful.
RESP-11332,2026-09-01 08:44:07.906048,38.0,Non-Binary,Engineering,EMEA,9,6.5,5,3.0,5,Customer service takes 4 days to reply. We are considering switching providers.
RESP-11333,2026-08-23 08:57:07.906048,45.0,Male,Product,EMEA,9,4.6,4,4.0,3,Customer service takes 4 days to reply. We are considering switching providers.
RESP-11334,2026-07-12 21:08:07.906048,30.0,Female,Product,North America,37,5.9,5,4.0,4,Terrible experience. Pricing increased without notice and the software is laggy.
RESP-11335,2026-08-07 15:56:07.906048,27.0,Female,Customer Support,North America,9,5.6,7,4.0,4,The interface is standard. A few bugs here and there.
RESP-11336,2026-08-09 23:32:07.906048,42.0,Female,Engineering,EMEA,20,8.2,7,3.0,3,"Support is fine, but response times could be improved."
RESP-11337,2026-07-31 13:14:07.906048,35.0,Female,Customer Support,LATAM,7,2.5,0,1.0,7,Billing is a nightmare. I was overcharged twice and customer support was completely unresponsive.
RESP-11338,2026-07-07 01:38:07.906048,44.0,Male,Engineering,North America,41,7.5,5,2.0,5,Billing is a nightmare. I was overcharged twice and customer support was completely unresponsive.
RESP-11339,2026-07-11 01:03:07.906048,26.0,Male,Engineering,North America,3,8.5,6,3.0,5,The UI update makes navigation horrible. Features crash constantly on Chrome.
RESP-11340,2026-07-16 05:38:07.906048,18.0,Non-Binary,Sales,EMEA,43,5.8,8,5.0,2,"The application works fine, but performance slows down occasionally during peak hours."
RESP-11341,2026-06-21 20:44:07.906048,30.0,Female,Sales,North America,23,5.0,5,3.0,4,Customer service takes 4 days to reply. We are considering switching providers.
RESP-11342,2026-09-11 11:10:07.906048,28.0,Male,Product,APAC,5,6.7,7,5.0,3,"Average experience overall. Does what it promises, nothing more, nothing less."
RESP-11343,2026-08-21 16:33:07.906048,35.0,Male,Marketing,APAC,19,5.7,7,4.0,3,"Features are acceptable, but pricing seems a bit high for small teams."
RESP-11344,2026-08-22 00:09:07.906048,29.0,Male,Marketing,EMEA,8,5.5,6,3.0,4,Terrible experience. Pricing increased without notice and the software is laggy. More details at https://internal-feedback-644.org/details.
RESP-11345,2026-08-11 10:49:07.906048,43.0,Female,Sales,North America,10,6.3,6,3.0,3,Terrible experience. Pricing increased without notice and the software is laggy. You can reach my direct desk at +1-555-01645 to discuss.
RESP-11346,2026-08-21 23:29:07.906048,33.0,Female,Sales,APAC,11,9.5,10,5.0,1,The software platform is exceptionally intuitive and saves our team hours.
RESP-11347,2026-09-17 07:24:07.906048,37.0,Female,Sales,EMEA,2,4.9,5,3.0,4,Terrible experience. Pricing increased without notice and the software is laggy.
RESP-11348,2026-07-25 14:31:07.906048,37.0,Male,Product,APAC,103,6.8,9,5.0,1,Customer support was very responsive and resolved my billing issue in 10 minutes.
RESP-11349,2026-08-24 01:38:07.906048,37.0,Non-Binary,Engineering,EMEA,1,7.6,9,4.0,5,The software platform is exceptionally intuitive and saves our team hours.
RESP-11350,2026-07-23 07:09:07.906048,35.0,Female,Product,APAC,27,6.3,5,3.0,3,Billing is a nightmare. I was overcharged twice and customer support was completely unresponsive.
RESP-11351,2026-09-05 19:50:07.906048,41.0,Female,Customer Support,EMEA,12,7.1,6,5.0,3,Billing is a nightmare. I was overcharged twice and customer support was completely unresponsive.
RESP-11352,2026-09-06 03:55:07.906048,,Male,Sales,EMEA,25,2.4,1,2.0,6,The UI update makes navigation horrible. Features crash constantly on Chrome.
RESP-11353,2026-09-10 03:28:07.906048,49.0,Male,Marketing,LATAM,11,5.7,8,3.0,4,"Support is fine, but response times could be improved. More details at https://internal-feedback-653.org/details."
RESP-11354,2026-06-21 10:23:07.906048,33.0,Female,Sales,EMEA,27,7.2,7,2.0,6,"The application works fine, but performance slows down occasionally during peak hours."
RESP-11355,2026-07-17 18:40:07.906048,22.0,Male,Product,EMEA,32,6.9,6,3.0,4,Customer service takes 4 days to reply. We are considering switching providers.
RESP-11356,2026-07-02 23:51:07.906048,37.0,Prefer not to say,Product,North America,29,6.1,7,4.0,2,"Support is fine, but response times could be improved."
RESP-11357,2026-07-31 19:11:07.906048,27.0,Non-Binary,Sales,EMEA,3,6.7,7,3.0,5,"The application works fine, but performance slows down occasionally during peak hours."
RESP-11358,2026-08-04 12:45:07.906048,42.0,Female,Sales,EMEA,26,7.4,8,5.0,3,"The application works fine, but performance slows down occasionally during peak hours."
RESP-11359,2026-07-13 23:20:07.906048,58.0,Male,Customer Support,North America,8,5.8,9,5.0,1,Great UI and clean design. Very satisfied with recent feature releases.
RESP-11360,2026-08-25 01:13:07.906048,28.0,Male,Product,North America,1,6.1,7,4.0,3,"Average experience overall. Does what it promises, nothing more, nothing less."
RESP-11361,2026-07-15 05:17:07.906048,39.0,Female,Engineering,EMEA,13,8.4,8,5.0,1,"Average experience overall. Does what it promises, nothing more, nothing less."
RESP-11362,2026-09-05 18:59:07.906048,18.0,Male,Customer Support,APAC,14,4.9,3,2.0,5,The UI update makes navigation horrible. Features crash constantly on Chrome. Contact me at user662@example.com if you want more details.
RESP-11363,2026-07-06 22:19:07.906048,40.0,Male,Customer Support,EMEA,16,6.6,6,3.0,5,Constant downtime and sync errors. Frustrating and unhelpful.
RESP-11364,2026-07-23 23:48:07.906048,27.0,Male,Marketing,North America,30,8.7,10,5.0,1,"Fast performance, excellent reliability, and helpful documentation."
RESP-11365,2026-08-15 22:37:07.906048,29.0,Female,Engineering,EMEA,9,3.8,2,2.0,6,The UI update makes navigation horrible. Features crash constantly on Chrome.
RESP-11366,2026-08-14 10:06:07.906048,24.0,Male,Marketing,North America,10,6.7,10,5.0,2,Customer support was very responsive and resolved my billing issue in 10 minutes.
RESP-11367,2026-06-27 23:07:07.906048,43.0,Male,Product,EMEA,2,4.7,5,3.0,4,Constant downtime and sync errors. Frustrating and unhelpful.
RESP-11368,2026-09-05 02:30:07.906048,46.0,Female,Engineering,North America,28,10.0,10,5.0,3,Customer support was very responsive and resolved my billing issue in 10 minutes. Contact me at user668@example.com if you want more details.
RESP-11369,2026-08-13 18:24:07.906048,36.0,Male,Engineering,North America,21,7.0,6,3.0,5,The UI update makes navigation horrible. Features crash constantly on Chrome.
RESP-11370,2026-09-07 05:28:07.906048,27.0,Male,Product,North America,11,8.4,9,5.0,1,Our account manager is fantastic. Keep up the great work!
RESP-11371,2026-09-07 00:40:07.906048,51.0,Male,Engineering,North America,30,7.6,6,3.0,4,Terrible experience. Pricing increased without notice and the software is laggy.
RESP-11372,2026-08-09 01:46:07.906048,28.0,Female,Product,North America,19,6.1,9,5.0,2,Great UI and clean design. Very satisfied with recent feature releases.
RESP-11373,2026-09-10 21:52:07.906048,18.0,Male,Sales,North America,16,4.6,7,3.0,3,"Average experience overall. Does what it promises, nothing more, nothing less."
RESP-11374,2026-09-05 07:08:07.906048,40.0,Female,Engineering,EMEA,18,10.0,10,5.0,2,The software platform is exceptionally intuitive and saves our team hours.
RESP-11375,2026-09-15 04:07:07.906048,24.0,Female,Product,EMEA,25,8.7,7,4.0,3,The interface is standard. A few bugs here and there.
RESP-11376,2026-09-05 11:39:07.906048,45.0,Male,Sales,North America,26,8.9,9,5.0,1,Our account manager is fantastic. Keep up the great work!
RESP-11377,2026-09-02 20:23:07.906048,32.0,Female,Customer Support,APAC,9,5.6,7,5.0,2,"The application works fine, but performance slows down occasionally during peak hours."
RESP-11378,2026-08-02 04:24:07.906048,42.0,Male,Sales,North America,4,6.4,7,4.0,4,"Features are acceptable, but pricing seems a bit high for small teams."
RESP-11379,2026-07-10 00:34:07.906048,50.0,Female,Customer Support,EMEA,5,5.1,4,3.0,6,Constant downtime and sync errors. Frustrating and unhelpful.
RESP-11380,2026-09-10 21:42:07.906048,23.0,Female,Engineering,North America,25,7.3,6,3.0,5,Customer service takes 4 days to reply. We are considering switching providers.
RESP-11381,2026-08-24 23:17:07.906048,30.0,Female,Sales,North America,50,4.4,4,3.0,5,Billing is a nightmare. I was overcharged twice and customer support was completely unresponsive.
RESP-11382,2026-07-16 07:09:07.906048,35.0,Prefer not to say,Product,EMEA,13,7.4,6,4.0,3,The UI update makes navigation horrible. Features crash constantly on Chrome.
RESP-11383,2026-07-21 15:08:07.906048,51.0,Male,Sales,EMEA,5,4.8,7,4.0,4,"The application works fine, but performance slows down occasionally during peak hours."
RESP-11384,2026-08-21 16:30:07.906048,29.0,Male,Customer Support,APAC,34,6.2,3,3.0,3,Constant downtime and sync errors. Frustrating and unhelpful. Contact me at user684@example.com if you want more details.
RESP-11385,2026-08-02 22:40:07.906048,30.0,Female,Sales,EMEA,43,6.3,7,3.0,5,"Features are acceptable, but pricing seems a bit high for small teams."
RESP-11386,2026-06-28 06:35:07.906048,40.0,Female,Marketing,LATAM,52,6.9,5,2.0,4,The UI update makes navigation horrible. Features crash constantly on Chrome.
RESP-11387,2026-07-03 16:06:07.906048,30.0,Non-Binary,Engineering,North America,23,10.0,9,4.0,3,Our account manager is fantastic. Keep up the great work!
RESP-11388,2026-08-27 01:11:07.906048,37.0,Female,Product,North America,48,7.2,4,3.0,4,Constant downtime and sync errors. Frustrating and unhelpful.
RESP-11389,2026-07-20 12:17:07.906048,20.0,Female,Sales,North America,1,7.1,6,4.0,3,Customer service takes 4 days to reply. We are considering switching providers.
RESP-11390,2026-08-05 15:06:07.906048,58.0,Male,Engineering,North America,3,10.0,10,4.0,5,The software platform is exceptionally intuitive and saves our team hours. Contact me at user690@example.com if you want more details.
RESP-11391,2026-08-28 22:29:07.906048,22.0,Female,Engineering,EMEA,3,9.7,10,5.0,2,The software platform is exceptionally intuitive and saves our team hours.
RESP-11392,2026-08-27 13:07:07.906048,32.0,Male,Engineering,EMEA,30,9.4,8,3.0,5,"The application works fine, but performance slows down occasionally during peak hours."
RESP-11393,2026-07-05 23:20:07.906048,35.0,Male,Customer Support,North America,2,5.0,7,3.0,5,"Support is fine, but response times could be improved."
RESP-11394,2026-06-29 19:06:07.906048,,Female,Sales,LATAM,17,6.3,8,4.0,3,The interface is standard. A few bugs here and there.
RESP-11395,2026-08-13 03:28:07.906048,22.0,Female,Marketing,APAC,16,4.5,5,3.0,3,
RESP-11396,2026-08-26 16:30:07.906048,55.0,Female,Sales,North America,9,6.7,10,5.0,4,The software platform is exceptionally intuitive and saves our team hours.
RESP-11397,2026-07-04 08:30:07.906048,43.0,Male,Engineering,North America,50,8.1,9,5.0,2,Our account manager is fantastic. Keep up the great work!
RESP-11398,2026-07-24 10:00:07.906048,40.0,Male,Customer Support,North America,5,5.5,7,5.0,3,"Features are acceptable, but pricing seems a bit high for small teams. Contact me at user698@example.com if you want more details."
RESP-11399,2026-09-07 06:23:07.906048,26.0,Female,Marketing,North America,11,8.0,7,4.0,3,
RESP-11400,2026-09-13 22:06:07.906048,41.0,Female,Engineering,North America,36,5.9,7,4.0,3,"Average experience overall. Does what it promises, nothing more, nothing less."
RESP-11401,2026-07-31 19:22:07.906048,28.0,Male,Engineering,EMEA,1,10.0,10,5.0,2,"Fast performance, excellent reliability, and helpful documentation."
RESP-11402,2026-06-28 02:20:07.906048,48.0,Male,Engineering,North America,27,9.1,10,5.0,1,The software platform is exceptionally intuitive and saves our team hours.
RESP-11403,2026-07-14 03:12:07.906048,26.0,Female,Marketing,North America,41,6.4,5,4.0,2,Customer service takes 4 days to reply. We are considering switching providers.
RESP-11404,2026-07-11 21:47:07.906048,34.0,Female,Customer Support,LATAM,65,5.3,5,3.0,2,The UI update makes navigation horrible. Features crash constantly on Chrome. Contact me at user704@example.com if you want more details.
RESP-11405,2026-07-12 10:44:07.906048,30.0,Female,Sales,EMEA,51,6.7,5,1.0,7,Customer service takes 4 days to reply. We are considering switching providers.
RESP-11406,2026-08-04 09:22:07.906048,26.0,Male,Marketing,LATAM,10,8.8,6,4.0,5,Constant downtime and sync errors. Frustrating and unhelpful.
RESP-11407,2026-08-12 10:21:07.906048,43.0,Non-Binary,Marketing,North America,22,6.7,8,5.0,2,"Features are acceptable, but pricing seems a bit high for small teams."
RESP-11408,2026-07-01 23:12:07.906048,41.0,Female,Customer Support,North America,2,5.7,3,3.0,3,The UI update makes navigation horrible. Features crash constantly on Chrome.
RESP-11409,2026-09-08 23:35:07.906048,48.0,Male,Product,EMEA,8,7.3,7,2.0,5,
RESP-11410,2026-08-15 17:43:07.906048,18.0,Female,Engineering,North America,3,10.0,10,5.0,1,Customer support was very responsive and resolved my billing issue in 10 minutes.
RESP-11411,2026-08-13 16:38:07.906048,46.0,Female,Engineering,North America,10,7.1,8,4.0,3,"Features are acceptable, but pricing seems a bit high for small teams."
RESP-11412,2026-09-17 19:06:07.906048,61.0,Female,Sales,EMEA,50,6.0,6,3.0,5,Terrible experience. Pricing increased without notice and the software is laggy.
RESP-11413,2026-08-16 11:22:07.906048,31.0,Male,Engineering,EMEA,11,9.9,10,5.0,2,Customer support was very responsive and resolved my billing issue in 10 minutes.
RESP-11414,2026-09-12 13:08:07.906048,54.0,Male,Customer Support,EMEA,20,5.7,6,3.0,5,Terrible experience. Pricing increased without notice and the software is laggy.
RESP-11415,2026-07-16 16:53:07.906048,33.0,Male,Product,EMEA,14,9.0,10,5.0,1,The software platform is exceptionally intuitive and saves our team hours.
RESP-11416,2026-07-12 13:15:07.906048,22.0,Female,Engineering,EMEA,15,6.3,9,5.0,1,The software platform is exceptionally intuitive and saves our team hours.
RESP-11417,2026-08-06 10:15:07.906048,32.0,Female,Engineering,North America,84,7.4,8,5.0,1,"Support is fine, but response times could be improved."
RESP-11418,2026-08-05 17:10:07.906048,46.0,Female,Sales,North America,9,8.2,8,2.0,5,"The application works fine, but performance slows down occasionally during peak hours."
RESP-11419,2026-07-11 07:47:07.906048,27.0,Male,Product,North America,24,6.3,5,3.0,4,Constant downtime and sync errors. Frustrating and unhelpful.
RESP-11420,2026-08-22 21:50:07.906048,29.0,Female,Sales,North America,14,5.8,6,2.0,5,Customer service takes 4 days to reply. We are considering switching providers.
RESP-11421,2026-06-23 14:35:07.906048,41.0,Male,Customer Support,LATAM,2,5.9,7,4.0,5,"Features are acceptable, but pricing seems a bit high for small teams. You can reach my direct desk at +1-555-01721 to discuss."
RESP-11422,2026-08-22 02:20:07.906048,36.0,Female,Engineering,EMEA,17,6.2,6,3.0,4,Terrible experience. Pricing increased without notice and the software is laggy.
RESP-11423,2026-08-01 02:05:07.906048,41.0,Female,Engineering,APAC,41,7.1,8,4.0,3,"The application works fine, but performance slows down occasionally during peak hours."
RESP-11424,2026-08-21 22:50:07.906048,38.0,Female,Product,North America,3,7.5,7,2.0,5,"The application works fine, but performance slows down occasionally during peak hours."
RESP-11425,2026-08-02 21:04:07.906048,40.0,Female,Product,North America,2,7.4,8,4.0,3,The interface is standard. A few bugs here and there. Contact me at user725@example.com if you want more details.
RESP-11426,2026-09-16 21:37:07.906048,31.0,Female,Engineering,North America,5,9.6,10,5.0,2,Customer support was very responsive and resolved my billing issue in 10 minutes. More details at https://internal-feedback-726.org/details.
RESP-11427,2026-07-21 01:30:07.906048,38.0,Female,Product,North America,35,9.6,10,5.0,2,"Fast performance, excellent reliability, and helpful documentation."
RESP-11428,2026-09-17 08:56:07.906048,26.0,Male,Customer Support,North America,31,4.2,4,3.0,3,The UI update makes navigation horrible. Features crash constantly on Chrome.
RESP-11429,2026-06-26 18:55:07.906048,48.0,Male,Product,APAC,20,7.5,6,2.0,5,Billing is a nightmare. I was overcharged twice and customer support was completely unresponsive.
RESP-11430,2026-08-21 11:30:07.906048,29.0,Female,Sales,EMEA,16,7.0,6,4.0,3,Customer service takes 4 days to reply. We are considering switching providers.
RESP-11431,2026-07-31 19:41:07.906048,47.0,Female,Customer Support,EMEA,53,7.8,9,5.0,3,Customer support was very responsive and resolved my billing issue in 10 minutes.
RESP-11432,2026-09-02 22:24:07.906048,33.0,Female,Sales,EMEA,35,7.1,10,5.0,1,Great UI and clean design. Very satisfied with recent feature releases.
RESP-11433,2026-08-31 00:09:07.906048,38.0,Female,Customer Support,LATAM,41,5.9,5,2.0,5,Billing is a nightmare. I was overcharged twice and customer support was completely unresponsive.
RESP-11434,2026-08-31 23:02:07.906048,31.0,Female,Engineering,North America,41,8.7,9,5.0,3,The software platform is exceptionally intuitive and saves our team hours.
RESP-11435,2026-06-29 11:13:07.906048,25.0,Male,Engineering,North America,25,8.7,8,4.0,3,
RESP-11436,2026-09-02 22:53:07.906048,,Female,Sales,North America,15,4.6,3,2.0,5,Constant downtime and sync errors. Frustrating and unhelpful.
RESP-11437,2026-07-10 04:54:07.906048,25.0,Female,Marketing,APAC,49,6.8,6,3.0,4,Customer service takes 4 days to reply. We are considering switching providers.
RESP-11438,2026-06-23 06:03:07.906048,32.0,Female,Engineering,LATAM,63,9.9,7,5.0,2,"Features are acceptable, but pricing seems a bit high for small teams."
RESP-11439,2026-07-10 12:53:07.906048,38.0,Female,Customer Support,North America,1,5.2,7,4.0,3,"Features are acceptable, but pricing seems a bit high for small teams."
RESP-11440,2026-08-03 01:50:07.906048,46.0,Male,Product,APAC,2,7.5,4,3.0,4,Constant downtime and sync errors. Frustrating and unhelpful.
RESP-11441,2026-08-26 17:32:07.906048,31.0,Female,Engineering,APAC,77,7.3,7,5.0,1,"Features are acceptable, but pricing seems a bit high for small teams."
RESP-11442,2026-07-10 14:49:07.906048,27.0,Female,Customer Support,North America,8,2.0,0,1.0,6,Constant downtime and sync errors. Frustrating and unhelpful.
RESP-11443,2026-07-01 02:40:07.906048,21.0,Male,Sales,North America,50,6.0,5,4.0,4,Constant downtime and sync errors. Frustrating and unhelpful.
RESP-11444,2026-08-18 01:52:07.906048,40.0,Female,Product,EMEA,12,7.8,10,5.0,3,Great UI and clean design. Very satisfied with recent feature releases.
RESP-11445,2026-09-17 11:48:07.906048,49.0,Male,Engineering,LATAM,4,6.9,7,3.0,5,"Support is fine, but response times could be improved."
RESP-11446,2026-08-14 00:27:07.906048,48.0,Male,Customer Support,North America,3,3.8,2,2.0,4,The UI update makes navigation horrible. Features crash constantly on Chrome.
RESP-11447,2026-08-22 03:16:07.906048,43.0,Female,Marketing,APAC,5,5.2,4,3.0,4,Constant downtime and sync errors. Frustrating and unhelpful.
RESP-11448,2026-08-10 10:42:07.906048,42.0,Male,Product,North America,7,8.4,7,5.0,1,"Average experience overall. Does what it promises, nothing more, nothing less."
RESP-11449,2026-08-30 08:27:07.906048,52.0,Female,Customer Support,APAC,17,8.5,8,5.0,2,"Support is fine, but response times could be improved. More details at https://internal-feedback-749.org/details."
RESP-11450,2026-09-16 18:19:07.906048,39.0,Male,Sales,EMEA,30,8.1,8,4.0,3,"The application works fine, but performance slows down occasionally during peak hours."
RESP-11451,2026-08-08 21:54:07.906048,42.0,Female,Customer Support,EMEA,104,3.5,6,3.0,4,Billing is a nightmare. I was overcharged twice and customer support was completely unresponsive.
RESP-11452,2026-07-28 10:51:07.906048,32.0,Female,Product,APAC,14,8.6,6,3.0,4,Customer service takes 4 days to reply. We are considering switching providers.
RESP-11453,2026-09-06 08:55:07.906048,22.0,Male,Customer Support,APAC,18,4.5,4,2.0,6,Terrible experience. Pricing increased without notice and the software is laggy.
RESP-11454,2026-09-16 05:11:07.906048,29.0,Male,Engineering,APAC,18,6.8,6,3.0,5,Constant downtime and sync errors. Frustrating and unhelpful.
RESP-11455,2026-07-02 13:36:07.906048,35.0,Prefer not to say,Product,North America,19,6.6,8,4.0,3,"Support is fine, but response times could be improved."
RESP-11456,2026-08-11 23:25:07.906048,36.0,Male,Customer Support,EMEA,18,6.6,7,4.0,2,"The application works fine, but performance slows down occasionally during peak hours."
RESP-11457,2026-08-31 06:17:07.906048,55.0,Female,Customer Support,North America,1,6.9,8,3.0,2,"Average experience overall. Does what it promises, nothing more, nothing less."
RESP-11458,2026-08-07 22:35:07.906048,36.0,Female,Engineering,EMEA,1,7.6,8,4.0,4,"The application works fine, but performance slows down occasionally during peak hours. You can reach my direct desk at +1-555-01758 to discuss."
RESP-11459,2026-07-27 18:26:07.906048,47.0,Female,Customer Support,EMEA,3,5.4,4,2.0,6,Constant downtime and sync errors. Frustrating and unhelpful.
RESP-11460,2026-08-18 21:52:07.906048,31.0,Female,Sales,EMEA,3,6.7,9,5.0,3,Great UI and clean design. Very satisfied with recent feature releases.
RESP-11461,2026-07-15 06:03:07.906048,32.0,Female,Customer Support,EMEA,30,6.4,8,3.0,3,"The application works fine, but performance slows down occasionally during peak hours."
RESP-11462,2026-07-22 08:42:07.906048,22.0,Male,Engineering,LATAM,6,9.5,10,5.0,1,Our account manager is fantastic. Keep up the great work!
RESP-11463,2026-09-18 05:54:07.906048,28.0,Female,Customer Support,North America,55,3.6,5,3.0,5,Customer service takes 4 days to reply. We are considering switching providers. Contact me at user763@example.com if you want more details.
RESP-11464,2026-08-17 05:20:07.906048,41.0,Female,Product,EMEA,64,7.3,8,5.0,3,"Support is fine, but response times could be improved."
RESP-11465,2026-09-07 12:06:07.906048,36.0,Female,Engineering,North America,90,6.1,8,5.0,1,"Average experience overall. Does what it promises, nothing more, nothing less."
RESP-11466,2026-09-01 15:21:07.906048,45.0,Male,Product,North America,68,7.2,8,4.0,3,"Features are acceptable, but pricing seems a bit high for small teams."
RESP-11467,2026-08-18 15:29:07.906048,37.0,Male,Sales,North America,8,5.7,5,3.0,4,
RESP-11468,2026-09-04 14:33:07.906048,32.0,Male,Product,LATAM,18,7.2,7,3.0,5,"Features are acceptable, but pricing seems a bit high for small teams."
RESP-11469,2026-07-16 18:50:07.906048,57.0,Female,Marketing,APAC,5,5.3,5,3.0,6,Terrible experience. Pricing increased without notice and the software is laggy.
RESP-11470,2026-08-17 06:45:07.906048,35.0,Male,Customer Support,LATAM,40,3.3,3,3.0,5,The UI update makes navigation horrible. Features crash constantly on Chrome.
RESP-11471,2026-08-13 02:17:07.906048,47.0,Female,Marketing,LATAM,53,3.4,6,2.0,5,Constant downtime and sync errors. Frustrating and unhelpful.
RESP-11472,2026-08-15 23:00:07.906048,31.0,Male,Product,North America,46,7.1,8,3.0,3,"The application works fine, but performance slows down occasionally during peak hours."
RESP-11473,2026-07-06 02:49:07.906048,43.0,Male,Sales,North America,14,5.4,6,4.0,4,Customer service takes 4 days to reply. We are considering switching providers.
RESP-11474,2026-07-15 21:25:07.906048,45.0,Female,Sales,EMEA,35,5.0,6,4.0,1,Billing is a nightmare. I was overcharged twice and customer support was completely unresponsive.
RESP-11475,2026-07-16 17:45:07.906048,38.0,Male,Customer Support,EMEA,3,7.5,10,4.0,3,Customer support was very responsive and resolved my billing issue in 10 minutes.
RESP-11476,2026-08-14 02:47:07.906048,18.0,Male,Marketing,EMEA,1,5.2,4,2.0,7,Customer service takes 4 days to reply. We are considering switching providers.
RESP-11477,2026-09-16 11:17:07.906048,36.0,Female,Marketing,North America,34,8.6,7,3.0,4,"The application works fine, but performance slows down occasionally during peak hours. More details at https://internal-feedback-777.org/details."
RESP-11478,2026-09-14 19:22:07.906048,48.0,Male,Marketing,EMEA,14,8.9,7,5.0,1,The interface is standard. A few bugs here and there. More details at https://internal-feedback-778.org/details.
RESP-11479,2026-07-11 09:18:07.906048,41.0,Female,Sales,EMEA,120,3.1,3,1.0,7,The UI update makes navigation horrible. Features crash constantly on Chrome. You can reach my direct desk at +1-555-01779 to discuss.
RESP-11480,2026-07-18 09:02:07.906048,40.0,Female,Marketing,North America,3,6.6,7,4.0,3,"Features are acceptable, but pricing seems a bit high for small teams."
RESP-11481,2026-06-24 04:28:07.906048,18.0,Female,Engineering,EMEA,47,7.1,6,3.0,3,Billing is a nightmare. I was overcharged twice and customer support was completely unresponsive.
RESP-11482,2026-07-26 20:01:07.906048,28.0,Female,Customer Support,EMEA,16,1.1,0,2.0,5,Terrible experience. Pricing increased without notice and the software is laggy.
RESP-11483,2026-09-04 01:28:07.906048,40.0,Male,Engineering,EMEA,43,5.5,6,3.0,4,The UI update makes navigation horrible. Features crash constantly on Chrome.
RESP-11484,2026-09-11 08:36:07.906048,40.0,Female,Sales,North America,41,7.2,6,3.0,5,Customer service takes 4 days to reply. We are considering switching providers.
RESP-11485,2026-07-12 05:24:07.906048,48.0,Male,Sales,APAC,60,9.0,9,3.0,5,Our account manager is fantastic. Keep up the great work!
RESP-11486,2026-07-14 20:41:07.906048,34.0,Female,Sales,North America,9,7.4,9,3.0,5,"Fast performance, excellent reliability, and helpful documentation."
RESP-11487,2026-07-10 19:37:07.906048,40.0,Non-Binary,Customer Support,North America,72,6.0,7,4.0,4,"Average experience overall. Does what it promises, nothing more, nothing less."
RESP-11488,2026-07-22 10:48:07.906048,36.0,Male,Sales,APAC,4,6.0,7,3.0,5,"The application works fine, but performance slows down occasionally during peak hours."
RESP-11489,2026-09-01 08:51:07.906048,26.0,Male,Sales,EMEA,3,8.5,10,5.0,2,Customer support was very responsive and resolved my billing issue in 10 minutes.
RESP-11490,2026-08-18 03:47:07.906048,,Female,Engineering,North America,14,10.0,10,5.0,2,"Fast performance, excellent reliability, and helpful documentation."
RESP-11491,2026-08-30 16:12:07.906048,40.0,Female,Sales,EMEA,43,5.1,5,4.0,4,Billing is a nightmare. I was overcharged twice and customer support was completely unresponsive.
RESP-11492,2026-08-12 09:55:07.906048,37.0,Female,Engineering,EMEA,16,4.7,4,,5,Terrible experience. Pricing increased without notice and the software is laggy.
RESP-11493,2026-07-14 03:17:07.906048,29.0,Male,Engineering,APAC,43,4.6,4,1.0,7,Billing is a nightmare. I was overcharged twice and customer support was completely unresponsive. Contact me at user793@example.com if you want more details.
RESP-11494,2026-07-11 11:03:07.906048,19.0,Male,Customer Support,APAC,32,7.5,7,4.0,4,"Average experience overall. Does what it promises, nothing more, nothing less."
RESP-11495,2026-06-21 18:01:07.906048,42.0,Female,Customer Support,EMEA,6,5.4,6,4.0,3,Customer service takes 4 days to reply. We are considering switching providers.
RESP-11496,2026-08-30 05:30:07.906048,33.0,Female,Customer Support,EMEA,72,5.8,6,3.0,5,Billing is a nightmare. I was overcharged twice and customer support was completely unresponsive.
RESP-11497,2026-09-05 04:21:07.906048,41.0,Male,Sales,North America,2,3.3,4,2.0,6,Terrible experience. Pricing increased without notice and the software is laggy.
RESP-11498,2026-08-29 02:04:07.906048,54.0,Female,Sales,North America,55,4.9,3,2.0,5,Customer service takes 4 days to reply. We are considering switching providers.
RESP-11499,2026-06-27 15:17:07.906048,18.0,Male,Product,EMEA,9,6.9,9,5.0,2,"Fast performance, excellent reliability, and helpful documentation."
RESP-11500,2026-08-28 12:58:07.906048,29.0,Male,Customer Support,EMEA,17,5.8,5,4.0,4,Customer service takes 4 days to reply. We are considering switching providers.
RESP-11501,2026-06-25 01:26:07.906048,33.0,Male,Sales,EMEA,14,5.4,4,2.0,6,The UI update makes navigation horrible. Features crash constantly on Chrome.
RESP-11502,2026-06-30 10:39:07.906048,50.0,Female,Engineering,North America,5,6.1,5,2.0,7,The UI update makes navigation horrible. Features crash constantly on Chrome.
RESP-11503,2026-07-30 14:00:07.906048,19.0,Female,Sales,North America,11,4.8,9,5.0,2,"Fast performance, excellent reliability, and helpful documentation."
RESP-11504,2026-08-02 19:03:07.906048,55.0,Male,Sales,EMEA,6,7.8,7,4.0,3,"The application works fine, but performance slows down occasionally during peak hours."
RESP-11505,2026-09-02 09:23:07.906048,37.0,Non-Binary,Sales,North America,6,6.4,6,4.0,5,Constant downtime and sync errors. Frustrating and unhelpful.
RESP-11506,2026-08-21 02:21:07.906048,35.0,Female,Customer Support,APAC,5,6.4,6,3.0,4,Terrible experience. Pricing increased without notice and the software is laggy.
RESP-11507,2026-07-04 17:45:07.906048,34.0,Female,Customer Support,North America,17,4.2,4,3.0,5,Constant downtime and sync errors. Frustrating and unhelpful.
RESP-11508,2026-07-11 07:03:07.906048,,Male,Customer Support,EMEA,39,1.1,0,2.0,5,Billing is a nightmare. I was overcharged twice and customer support was completely unresponsive.
RESP-11509,2026-07-16 15:38:07.906048,46.0,Male,Marketing,LATAM,21,5.7,6,4.0,3,The UI update makes navigation horrible. Features crash constantly on Chrome.
RESP-11510,2026-07-02 01:42:07.906048,25.0,Male,Marketing,North America,54,5.2,7,5.0,1,The interface is standard. A few bugs here and there.
RESP-11511,2026-07-16 19:53:07.906048,39.0,Prefer not to say,Marketing,EMEA,25,7.0,7,4.0,2,The interface is standard. A few bugs here and there.
RESP-11512,2026-08-25 12:21:07.906048,32.0,Female,Product,North America,29,10.0,8,4.0,3,"Support is fine, but response times could be improved."
RESP-11513,2026-07-12 16:00:07.906048,28.0,Female,Engineering,EMEA,27,8.7,8,4.0,3,"Features are acceptable, but pricing seems a bit high for small teams."
RESP-11514,2026-09-04 02:57:07.906048,61.0,Male,Engineering,EMEA,15,10.0,9,5.0,3,"Fast performance, excellent reliability, and helpful documentation."
RESP-11515,2026-08-02 04:44:07.906048,40.0,Male,Engineering,EMEA,29,8.6,9,5.0,1,Our account manager is fantastic. Keep up the great work!
RESP-11516,2026-07-20 00:07:07.906048,42.0,Female,Customer Support,EMEA,2,4.6,7,3.0,5,"Support is fine, but response times could be improved."
RESP-11517,2026-07-28 01:24:07.906048,47.0,Female,Product,APAC,48,7.8,8,4.0,4,"The application works fine, but performance slows down occasionally during peak hours."
RESP-11518,2026-08-23 19:05:07.906048,21.0,Male,Engineering,North America,37,10.0,10,5.0,1,Customer support was very responsive and resolved my billing issue in 10 minutes. More details at https://internal-feedback-818.org/details.
RESP-11519,2026-08-06 10:51:07.906048,53.0,Female,Product,North America,7,10.0,10,5.0,4,The software platform is exceptionally intuitive and saves our team hours.
RESP-11520,2026-06-21 14:18:07.906048,,Female,Engineering,APAC,36,6.8,8,4.0,4,"Support is fine, but response times could be improved."
RESP-11521,2026-09-11 22:48:07.906048,28.0,Male,Product,EMEA,1,7.7,9,4.0,2,Our account manager is fantastic. Keep up the great work!
RESP-11522,2026-06-26 21:08:07.906048,31.0,Male,Sales,APAC,6,3.9,7,3.0,5,"Average experience overall. Does what it promises, nothing more, nothing less."
RESP-11523,2026-09-13 10:00:07.906048,41.0,Male,Engineering,EMEA,2,8.9,10,3.0,5,Customer support was very responsive and resolved my billing issue in 10 minutes.
RESP-11524,2026-06-23 11:23:07.906048,38.0,Female,Sales,APAC,37,8.3,5,4.0,4,Billing is a nightmare. I was overcharged twice and customer support was completely unresponsive.
RESP-11525,2026-08-29 07:53:07.906048,34.0,Male,Sales,EMEA,34,6.1,7,4.0,5,"Average experience overall. Does what it promises, nothing more, nothing less."
RESP-11526,2026-08-08 01:28:07.906048,35.0,Male,Sales,APAC,41,5.0,3,2.0,5,Customer service takes 4 days to reply. We are considering switching providers.
RESP-11527,2026-08-05 10:57:07.906048,26.0,Male,Sales,LATAM,1,6.5,7,3.0,4,"Average experience overall. Does what it promises, nothing more, nothing less."
RESP-11528,2026-06-27 11:47:07.906048,21.0,Male,Marketing,EMEA,17,7.1,5,1.0,7,Constant downtime and sync errors. Frustrating and unhelpful.
RESP-11529,2026-07-12 10:16:07.906048,43.0,Female,Customer Support,North America,30,5.6,5,2.0,6,Terrible experience. Pricing increased without notice and the software is laggy.
RESP-11530,2026-08-29 22:05:07.906048,42.0,Female,Sales,North America,5,6.3,6,4.0,3,Billing is a nightmare. I was overcharged twice and customer support was completely unresponsive.
RESP-11531,2026-09-09 03:42:07.906048,51.0,Female,Customer Support,North America,26,5.2,4,3.0,4,Terrible experience. Pricing increased without notice and the software is laggy.
RESP-11532,2026-08-07 13:28:07.906048,28.0,Female,Marketing,North America,3,8.0,7,4.0,3,The interface is standard. A few bugs here and there.
RESP-11533,2026-07-22 17:48:07.906048,42.0,Male,Sales,North America,5,7.1,9,5.0,3,Customer support was very responsive and resolved my billing issue in 10 minutes.
RESP-11534,2026-06-26 08:03:07.906048,33.0,Male,Sales,EMEA,16,4.5,3,3.0,4,Customer service takes 4 days to reply. We are considering switching providers.
RESP-11535,2026-08-21 08:05:07.906048,47.0,Male,Engineering,EMEA,26,6.2,7,4.0,3,"Average experience overall. Does what it promises, nothing more, nothing less."
RESP-11536,2026-07-16 00:01:07.906048,46.0,Male,Engineering,EMEA,4,7.3,6,4.0,3,Billing is a nightmare. I was overcharged twice and customer support was completely unresponsive. You can reach my direct desk at +1-555-01836 to discuss.
RESP-11537,2026-06-25 21:24:07.906048,38.0,Female,Customer Support,EMEA,5,6.6,6,3.0,4,Billing is a nightmare. I was overcharged twice and customer support was completely unresponsive.
RESP-11538,2026-08-19 20:49:07.906048,32.0,Female,Engineering,North America,6,7.9,8,4.0,3,"The application works fine, but performance slows down occasionally during peak hours."
RESP-11539,2026-08-03 15:44:07.906048,45.0,Female,Customer Support,North America,7,4.5,3,1.0,6,Constant downtime and sync errors. Frustrating and unhelpful.
RESP-11540,2026-06-22 00:25:07.906048,42.0,Female,Marketing,North America,7,6.9,5,2.0,4,The UI update makes navigation horrible. Features crash constantly on Chrome.
RESP-11541,2026-06-30 22:10:07.906048,29.0,Female,Engineering,EMEA,13,7.2,8,5.0,2,"Average experience overall. Does what it promises, nothing more, nothing less."
RESP-11542,2026-08-22 20:51:07.906048,22.0,Male,Customer Support,North America,26,6.8,8,4.0,4,"Features are acceptable, but pricing seems a bit high for small teams. You can reach my direct desk at +1-555-01842 to discuss."
RESP-11543,2026-06-26 16:06:07.906048,33.0,Prefer not to say,Sales,North America,14,6.5,6,3.0,5,Constant downtime and sync errors. Frustrating and unhelpful.
RESP-11544,2026-09-06 21:03:07.906048,51.0,Female,Product,EMEA,36,6.8,6,4.0,2,The UI update makes navigation horrible. Features crash constantly on Chrome.
RESP-11545,2026-07-18 23:02:07.906048,47.0,Female,Sales,APAC,31,6.3,7,4.0,4,The interface is standard. A few bugs here and there.
RESP-11546,2026-06-28 22:06:07.906048,24.0,Male,Marketing,North America,4,8.5,9,5.0,2,The software platform is exceptionally intuitive and saves our team hours.
RESP-11547,2026-08-28 07:39:07.906048,24.0,Female,Customer Support,EMEA,2,4.6,5,3.0,5,Customer service takes 4 days to reply. We are considering switching providers.
RESP-11548,2026-08-07 03:20:07.906048,48.0,Male,Engineering,EMEA,51,8.3,5,2.0,6,Terrible experience. Pricing increased without notice and the software is laggy.
RESP-11549,2026-07-18 12:55:07.906048,24.0,Male,Customer Support,APAC,2,5.4,4,3.0,4,The UI update makes navigation horrible. Features crash constantly on Chrome.
RESP-11550,2026-07-27 11:45:07.906048,41.0,Non-Binary,Product,LATAM,4,7.9,7,4.0,3,"Support is fine, but response times could be improved."
RESP-11551,2026-06-22 20:50:07.906048,29.0,Female,Customer Support,North America,1,4.5,5,2.0,6,Customer service takes 4 days to reply. We are considering switching providers.
RESP-11552,2026-08-19 14:00:07.906048,52.0,Male,Marketing,North America,24,6.7,7,3.0,4,"Average experience overall. Does what it promises, nothing more, nothing less."
RESP-11553,2026-07-23 20:39:07.906048,28.0,Female,Product,APAC,21,9.0,10,5.0,2,Our account manager is fantastic. Keep up the great work!
RESP-11554,2026-08-24 04:54:07.906048,47.0,Male,Engineering,EMEA,105,6.3,7,5.0,3,The interface is standard. A few bugs here and there.
RESP-11555,2026-08-16 11:25:07.906048,37.0,Female,Engineering,EMEA,53,5.7,4,2.0,6,The UI update makes navigation horrible. Features crash constantly on Chrome.
RESP-11556,2026-08-18 13:17:07.906048,38.0,Female,Customer Support,EMEA,13,3.6,6,4.0,3,The UI update makes navigation horrible. Features crash constantly on Chrome.
RESP-11557,2026-08-31 07:13:07.906048,18.0,Male,Sales,EMEA,12,4.2,6,3.0,4,Terrible experience. Pricing increased without notice and the software is laggy.
RESP-11558,2026-08-16 17:53:07.906048,18.0,Male,Marketing,LATAM,9,7.4,6,4.0,4,Billing is a nightmare. I was overcharged twice and customer support was completely unresponsive.
RESP-11559,2026-07-28 15:01:07.906048,,Male,Product,LATAM,4,5.2,6,4.0,3,Constant downtime and sync errors. Frustrating and unhelpful.
RESP-11560,2026-07-26 00:49:07.906048,38.0,Male,Sales,APAC,4,5.6,5,4.0,2,Constant downtime and sync errors. Frustrating and unhelpful. More details at https://internal-feedback-860.org/details.
RESP-11561,2026-07-01 16:52:07.906048,24.0,Male,Engineering,North America,4,8.6,9,5.0,3,Our account manager is fantastic. Keep up the great work!
RESP-11562,2026-08-30 02:10:07.906048,25.0,Female,Marketing,APAC,3,7.1,9,5.0,2,Our account manager is fantastic. Keep up the great work!
RESP-11563,2026-08-28 10:34:07.906048,41.0,Male,Sales,North America,7,5.4,9,5.0,1,"Fast performance, excellent reliability, and helpful documentation."
RESP-11564,2026-07-13 02:35:07.906048,41.0,Male,Marketing,North America,9,6.8,8,5.0,2,"The application works fine, but performance slows down occasionally during peak hours."
RESP-11565,2026-09-06 13:58:07.906048,34.0,Male,Sales,APAC,79,6.2,7,3.0,3,"Features are acceptable, but pricing seems a bit high for small teams."
RESP-11566,2026-08-12 22:49:07.906048,43.0,Male,Customer Support,North America,21,5.2,5,3.0,3,Billing is a nightmare. I was overcharged twice and customer support was completely unresponsive.
RESP-11567,2026-08-03 00:32:07.906048,24.0,Female,Engineering,North America,106,7.4,8,4.0,3,"Features are acceptable, but pricing seems a bit high for small teams."
RESP-11568,2026-06-22 12:22:07.906048,32.0,Male,Customer Support,North America,12,8.9,10,4.0,3,Great UI and clean design. Very satisfied with recent feature releases.
RESP-11569,2026-07-25 09:18:07.906048,52.0,Female,Sales,APAC,15,7.2,7,4.0,2,"The application works fine, but performance slows down occasionally during peak hours."
RESP-11570,2026-08-17 14:25:07.906048,36.0,Female,Customer Support,EMEA,10,9.2,8,3.0,4,"The application works fine, but performance slows down occasionally during peak hours."
RESP-11571,2026-06-29 00:26:07.906048,37.0,Male,Engineering,EMEA,5,7.0,5,3.0,6,Billing is a nightmare. I was overcharged twice and customer support was completely unresponsive.
RESP-11572,2026-08-01 07:14:07.906048,59.0,Female,Marketing,North America,4,6.4,7,2.0,6,"Support is fine, but response times could be improved."
RESP-11573,2026-09-18 08:24:07.906048,22.0,Male,Product,APAC,70,5.3,6,4.0,4,Customer service takes 4 days to reply. We are considering switching providers.
RESP-11574,2026-08-24 10:18:07.906048,43.0,Female,Engineering,APAC,104,6.5,6,3.0,4,Customer service takes 4 days to reply. We are considering switching providers.
RESP-11575,2026-08-09 03:49:07.906048,52.0,Female,Engineering,North America,2,10.0,10,5.0,2,"Fast performance, excellent reliability, and helpful documentation."
RESP-11576,2026-08-07 21:56:07.906048,32.0,Male,Engineering,EMEA,4,6.9,6,4.0,3,Customer service takes 4 days to reply. We are considering switching providers.
RESP-11577,2026-06-24 21:06:07.906048,44.0,Male,Customer Support,North America,14,8.4,8,5.0,3,The interface is standard. A few bugs here and there.
RESP-11578,2026-09-15 02:22:07.906048,26.0,Male,Customer Support,LATAM,5,3.6,4,2.0,5,The UI update makes navigation horrible. Features crash constantly on Chrome.
RESP-11579,2026-09-12 11:26:07.906048,29.0,Male,Customer Support,EMEA,11,3.9,3,1.0,5,Billing is a nightmare. I was overcharged twice and customer support was completely unresponsive.
RESP-11580,2026-08-21 08:34:07.906048,39.0,Male,Engineering,LATAM,4,7.2,8,5.0,3,"The application works fine, but performance slows down occasionally during peak hours."
RESP-11581,2026-06-29 20:26:07.906048,43.0,Female,Sales,North America,15,5.9,8,4.0,4,"Features are acceptable, but pricing seems a bit high for small teams."
RESP-11582,2026-07-09 15:30:07.906048,47.0,Female,Customer Support,APAC,8,6.9,5,2.0,6,Billing is a nightmare. I was overcharged twice and customer support was completely unresponsive. You can reach my direct desk at +1-555-01882 to discuss.
RESP-11583,2026-07-07 11:49:07.906048,51.0,Female,Sales,APAC,11,6.7,7,3.0,4,"Support is fine, but response times could be improved."
RESP-11584,2026-08-06 16:52:07.906048,35.0,Male,Product,EMEA,3,6.7,7,3.0,3,"The application works fine, but performance slows down occasionally during peak hours."
RESP-11585,2026-07-09 15:26:07.906048,47.0,Male,Engineering,LATAM,14,7.5,8,5.0,3,"The application works fine, but performance slows down occasionally during peak hours."
RESP-11586,2026-08-22 13:30:07.906048,32.0,Female,Customer Support,North America,99,5.0,6,5.0,2,Constant downtime and sync errors. Frustrating and unhelpful.
RESP-11587,2026-08-09 00:16:07.906048,45.0,Male,Sales,North America,10,4.6,5,3.0,6,Billing is a nightmare. I was overcharged twice and customer support was completely unresponsive.
RESP-11588,2026-06-22 12:43:07.906048,38.0,Male,Sales,EMEA,51,4.7,5,3.0,3,The UI update makes navigation horrible. Features crash constantly on Chrome.
RESP-11589,2026-08-26 21:44:07.906048,40.0,Female,Marketing,APAC,45,8.0,9,4.0,3,"Fast performance, excellent reliability, and helpful documentation."
RESP-11590,2026-07-07 22:27:07.906048,40.0,Female,Customer Support,EMEA,73,2.8,2,1.0,7,Billing is a nightmare. I was overcharged twice and customer support was completely unresponsive.
RESP-11591,2026-09-03 04:20:07.906048,19.0,Male,Product,North America,38,9.7,10,5.0,3,Customer support was very responsive and resolved my billing issue in 10 minutes.
RESP-11592,2026-07-22 21:28:07.906048,24.0,Male,Engineering,EMEA,26,7.2,7,5.0,3,The interface is standard. A few bugs here and there.
RESP-11593,2026-07-21 10:00:07.906048,37.0,Male,Engineering,North America,47,6.5,6,3.0,4,Constant downtime and sync errors. Frustrating and unhelpful.
RESP-11594,2026-06-22 00:06:07.906048,19.0,Female,Marketing,EMEA,2,7.6,7,4.0,4,"Features are acceptable, but pricing seems a bit high for small teams."
RESP-11595,2026-09-17 20:04:07.906048,44.0,Prefer not to say,Customer Support,EMEA,15,7.7,8,4.0,3,"The application works fine, but performance slows down occasionally during peak hours."
RESP-11596,2026-08-15 00:30:07.906048,,Female,Sales,APAC,109,7.7,8,4.0,2,
RESP-11597,2026-07-28 23:40:07.906048,,Female,Engineering,North America,36,8.5,9,5.0,2,"Fast performance, excellent reliability, and helpful documentation."
RESP-11598,2026-06-29 15:17:07.906048,24.0,Prefer not to say,Engineering,EMEA,79,9.3,9,4.0,4,Customer support was very responsive and resolved my billing issue in 10 minutes. You can reach my direct desk at +1-555-01898 to discuss.
RESP-11599,2026-08-22 20:44:07.906048,49.0,Female,Product,North America,37,4.7,2,2.0,5,The UI update makes navigation horrible. Features crash constantly on Chrome.
RESP-11600,2026-07-16 09:16:07.906048,56.0,Male,Engineering,North America,50,6.9,7,4.0,4,"The application works fine, but performance slows down occasionally during peak hours."
RESP-11601,2026-09-17 21:16:07.906048,37.0,Female,Sales,APAC,30,4.6,5,3.0,3,Billing is a nightmare. I was overcharged twice and customer support was completely unresponsive.
RESP-11602,2026-09-14 11:45:07.906048,41.0,Male,Engineering,LATAM,35,9.5,10,5.0,1,"Fast performance, excellent reliability, and helpful documentation."
RESP-11603,2026-08-26 02:49:07.906048,38.0,Male,Sales,North America,18,5.4,5,3.0,5,Terrible experience. Pricing increased without notice and the software is laggy.
RESP-11604,2026-09-16 08:05:07.906048,41.0,Female,Engineering,APAC,62,9.0,7,5.0,3,"Average experience overall. Does what it promises, nothing more, nothing less."
RESP-11605,2026-06-30 10:45:07.906048,34.0,Male,Customer Support,APAC,42,6.3,7,3.0,5,"Support is fine, but response times could be improved."
RESP-11606,2026-07-16 03:12:07.906048,35.0,Female,Engineering,APAC,45,6.4,6,3.0,5,Customer service takes 4 days to reply. We are considering switching providers.
RESP-11607,2026-07-13 17:35:07.906048,,Male,Marketing,North America,27,5.6,6,3.0,4,Customer service takes 4 days to reply. We are considering switching providers.
RESP-11608,2026-06-27 10:07:07.906048,59.0,Female,Engineering,LATAM,9,9.6,9,3.0,4,Great UI and clean design. Very satisfied with recent feature releases.
RESP-11609,2026-09-16 10:35:07.906048,21.0,Female,Customer Support,North America,1,4.3,4,2.0,6,The UI update makes navigation horrible. Features crash constantly on Chrome.
RESP-11610,2026-06-26 08:07:07.906048,34.0,Female,Product,North America,66,7.5,7,3.0,4,"The application works fine, but performance slows down occasionally during peak hours. More details at https://internal-feedback-110.org/details."
RESP-11611,2026-09-06 01:01:07.906048,24.0,Female,Customer Support,North America,22,4.3,3,3.0,4,Constant downtime and sync errors. Frustrating and unhelpful.
RESP-11612,2026-08-29 01:48:07.906048,51.0,Male,Customer Support,EMEA,9,5.0,6,3.0,5,Constant downtime and sync errors. Frustrating and unhelpful.
RESP-11613,2026-07-24 18:27:07.906048,30.0,Female,Sales,North America,4,5.9,5,2.0,6,Billing is a nightmare. I was overcharged twice and customer support was completely unresponsive.
RESP-11614,2026-06-22 15:12:07.906048,21.0,Female,Sales,North America,43,4.8,5,4.0,3,Constant downtime and sync errors. Frustrating and unhelpful.
RESP-11615,2026-06-21 11:45:07.906048,42.0,Female,Customer Support,North America,44,4.1,5,2.0,6,Constant downtime and sync errors. Frustrating and unhelpful.
RESP-11616,2026-07-09 07:12:07.906048,53.0,Female,Product,APAC,41,7.7,7,2.0,5,"Support is fine, but response times could be improved."
RESP-11617,2026-08-04 09:21:07.906048,42.0,Male,Customer Support,APAC,25,4.2,2,2.0,6,The UI update makes navigation horrible. Features crash constantly on Chrome.
RESP-11618,2026-08-01 03:40:07.906048,38.0,Non-Binary,Customer Support,North America,11,4.3,8,3.0,4,"The application works fine, but performance slows down occasionally during peak hours."
RESP-11619,2026-08-12 14:48:07.906048,40.0,Female,Marketing,APAC,9,5.1,4,2.0,6,Billing is a nightmare. I was overcharged twice and customer support was completely unresponsive.
RESP-11620,2026-08-29 10:00:07.906048,50.0,Male,Sales,APAC,1,5.9,7,4.0,4,The interface is standard. A few bugs here and there.
RESP-11621,2026-07-24 21:40:07.906048,27.0,Male,Engineering,APAC,44,9.1,10,5.0,2,Our account manager is fantastic. Keep up the great work!
RESP-11622,2026-07-05 08:58:07.906048,34.0,Female,Customer Support,North America,3,7.8,9,5.0,1,"Fast performance, excellent reliability, and helpful documentation."
RESP-11623,2026-08-31 22:41:07.906048,31.0,Male,Product,EMEA,24,6.2,6,4.0,4,The UI update makes navigation horrible. Features crash constantly on Chrome.
RESP-11624,2026-07-20 21:11:07.906048,24.0,Male,Engineering,LATAM,17,10.0,10,5.0,2,Customer support was very responsive and resolved my billing issue in 10 minutes.
RESP-11625,2026-07-16 18:14:07.906048,32.0,Male,Customer Support,EMEA,18,4.0,3,1.0,7,Customer service takes 4 days to reply. We are considering switching providers.
RESP-11626,2026-08-28 17:29:07.906048,47.0,Male,Engineering,North America,63,9.3,10,5.0,2,Customer support was very responsive and resolved my billing issue in 10 minutes.
RESP-11627,2026-09-13 00:19:07.906048,41.0,Female,Customer Support,EMEA,1,4.4,5,3.0,5,The UI update makes navigation horrible. Features crash constantly on Chrome.
RESP-11628,2026-09-11 06:53:07.906048,42.0,Male,Engineering,EMEA,36,6.4,6,3.0,6,Terrible experience. Pricing increased without notice and the software is laggy.
RESP-11629,2026-07-03 07:27:07.906048,37.0,Male,Sales,EMEA,2,4.9,3,3.0,5,Billing is a nightmare. I was overcharged twice and customer support was completely unresponsive.
RESP-11630,2026-08-05 05:24:07.906048,41.0,Male,Marketing,North America,1,6.4,4,1.0,5,Constant downtime and sync errors. Frustrating and unhelpful.
RESP-11631,2026-06-29 07:10:07.906048,27.0,Male,Sales,North America,14,6.9,8,3.0,4,"Features are acceptable, but pricing seems a bit high for small teams."
RESP-11632,2026-09-15 10:17:07.906048,32.0,Female,Customer Support,APAC,2,6.5,7,4.0,3,"The application works fine, but performance slows down occasionally during peak hours."
RESP-11633,2026-07-10 07:28:07.906048,37.0,Prefer not to say,Marketing,APAC,38,5.1,5,3.0,5,Constant downtime and sync errors. Frustrating and unhelpful.
RESP-11634,2026-07-08 17:01:07.906048,38.0,Male,Product,North America,19,5.8,5,3.0,4,Customer service takes 4 days to reply. We are considering switching providers.
RESP-11635,2026-09-08 22:34:07.906048,39.0,Female,Engineering,LATAM,1,6.3,4,2.0,6,The UI update makes navigation horrible. Features crash constantly on Chrome.
RESP-11636,2026-09-16 01:08:07.906048,34.0,Female,Sales,North America,1,5.8,7,,3,The interface is standard. A few bugs here and there.
RESP-11637,2026-08-22 17:28:07.906048,32.0,Male,Engineering,EMEA,23,7.4,7,4.0,3,"The application works fine, but performance slows down occasionally during peak hours."
RESP-11638,2026-07-01 19:57:07.906048,67.0,Female,Product,APAC,40,5.9,7,4.0,4,The interface is standard. A few bugs here and there.
RESP-11639,2026-08-03 16:01:07.906048,45.0,Female,Product,APAC,14,7.7,7,3.0,4,"Features are acceptable, but pricing seems a bit high for small teams."
RESP-11640,2026-09-02 10:27:07.906048,40.0,Female,Customer Support,LATAM,20,8.9,9,4.0,5,Great UI and clean design. Very satisfied with recent feature releases.
RESP-11641,2026-08-11 11:08:07.906048,33.0,Female,Marketing,North America,39,5.7,7,4.0,3,"Features are acceptable, but pricing seems a bit high for small teams."
RESP-11642,2026-07-02 20:59:07.906048,31.0,Female,Customer Support,APAC,23,4.8,6,4.0,4,Customer service takes 4 days to reply. We are considering switching providers.
RESP-11643,2026-07-06 09:51:07.906048,34.0,Female,Customer Support,North America,7,6.3,7,4.0,3,"Support is fine, but response times could be improved. More details at https://internal-feedback-143.org/details."
RESP-11644,2026-09-06 17:07:07.906048,38.0,Female,Engineering,APAC,23,6.9,6,3.0,5,Customer service takes 4 days to reply. We are considering switching providers.
RESP-11645,2026-08-07 08:57:07.906048,18.0,Male,Marketing,APAC,24,7.5,8,4.0,3,The interface is standard. A few bugs here and there.
RESP-11646,2026-08-23 11:11:07.906048,20.0,Male,Engineering,EMEA,32,6.6,8,4.0,3,"Support is fine, but response times could be improved. More details at https://internal-feedback-146.org/details."
RESP-11647,2026-07-24 12:23:07.906048,29.0,Female,Marketing,North America,24,9.2,9,4.0,2,Customer support was very responsive and resolved my billing issue in 10 minutes.
RESP-11648,2026-08-07 20:45:07.906048,38.0,Female,Marketing,APAC,84,7.0,6,1.0,7,Terrible experience. Pricing increased without notice and the software is laggy.
RESP-11649,2026-09-16 21:07:07.906048,33.0,Male,Marketing,North America,6,5.6,8,5.0,1,"The application works fine, but performance slows down occasionally during peak hours."
RESP-11650,2026-07-20 14:44:07.906048,50.0,Female,Engineering,North America,73,6.8,6,5.0,2,Terrible experience. Pricing increased without notice and the software is laggy.
RESP-11651,2026-08-20 16:07:07.906048,21.0,Female,Sales,APAC,19,5.2,6,3.0,5,Customer service takes 4 days to reply. We are considering switching providers.
RESP-11652,2026-07-06 11:11:07.906048,28.0,Female,Sales,EMEA,27,8.1,8,3.0,4,"The application works fine, but performance slows down occasionally during peak hours."
RESP-11653,2026-07-01 21:32:07.906048,51.0,Male,Sales,APAC,3,4.1,1,1.0,7,The UI update makes navigation horrible. Features crash constantly on Chrome.
RESP-11654,2026-08-30 11:14:07.906048,37.0,Male,Engineering,North America,12,6.7,8,4.0,3,"Support is fine, but response times could be improved."
RESP-11655,2026-09-04 21:51:07.906048,44.0,Male,Product,North America,36,6.5,2,2.0,6,Terrible experience. Pricing increased without notice and the software is laggy.
RESP-11656,2026-08-20 02:08:07.906048,56.0,Male,Customer Support,APAC,30,5.5,3,2.0,6,Customer service takes 4 days to reply. We are considering switching providers.
RESP-11657,2026-07-05 04:17:07.906048,29.0,Male,Sales,EMEA,1,5.6,6,3.0,4,Billing is a nightmare. I was overcharged twice and customer support was completely unresponsive.
RESP-11658,2026-07-12 14:15:07.906048,35.0,Female,Sales,North America,19,3.8,5,2.0,4,The UI update makes navigation horrible. Features crash constantly on Chrome.
RESP-11659,2026-09-10 22:43:07.906048,33.0,Male,Sales,APAC,3,5.4,4,3.0,4,Customer service takes 4 days to reply. We are considering switching providers.
RESP-11660,2026-07-16 22:11:07.906048,,Female,Customer Support,EMEA,120,5.4,6,4.0,5,Constant downtime and sync errors. Frustrating and unhelpful.
RESP-11661,2026-09-02 15:19:07.906048,32.0,Male,Customer Support,EMEA,55,4.6,1,2.0,6,Billing is a nightmare. I was overcharged twice and customer support was completely unresponsive.
RESP-11662,2026-07-16 16:12:07.906048,44.0,Male,Product,EMEA,1,8.3,9,4.0,3,Customer support was very responsive and resolved my billing issue in 10 minutes.
RESP-11663,2026-09-13 11:49:07.906048,41.0,Male,Sales,APAC,47,7.4,8,5.0,2,"Average experience overall. Does what it promises, nothing more, nothing less."
RESP-11664,2026-09-11 05:48:07.906048,42.0,Female,Product,APAC,61,7.2,7,3.0,4,The interface is standard. A few bugs here and there.
RESP-11665,2026-06-24 20:01:07.906048,32.0,Female,Product,APAC,11,7.6,8,5.0,2,"The application works fine, but performance slows down occasionally during peak hours."
RESP-11666,2026-08-29 06:40:07.906048,29.0,Male,Engineering,North America,31,4.5,5,2.0,5,The UI update makes navigation horrible. Features crash constantly on Chrome.
RESP-11667,2026-07-06 04:37:07.906048,48.0,Male,Product,APAC,15,6.7,7,3.0,5,"Average experience overall. Does what it promises, nothing more, nothing less. Contact me at user167@example.com if you want more details."
RESP-11668,2026-07-10 07:34:07.906048,31.0,Male,Engineering,EMEA,26,9.2,6,4.0,2,Terrible experience. Pricing increased without notice and the software is laggy.
RESP-11669,2026-08-01 07:50:07.906048,38.0,Female,Marketing,EMEA,10,5.9,9,5.0,1,Great UI and clean design. Very satisfied with recent feature releases.
RESP-11670,2026-08-11 19:25:07.906048,37.0,Male,Sales,North America,10,4.9,7,3.0,5,"Support is fine, but response times could be improved."
RESP-11671,2026-07-20 06:18:07.906048,50.0,Male,Product,APAC,14,10.0,8,4.0,4,"The application works fine, but performance slows down occasionally during peak hours."
RESP-11672,2026-08-11 17:24:07.906048,45.0,Male,Product,APAC,4,10.0,9,5.0,2,Customer support was very responsive and resolved my billing issue in 10 minutes.
RESP-11673,2026-07-06 07:12:07.906048,23.0,Male,Marketing,North America,43,7.2,7,4.0,4,The interface is standard. A few bugs here and there.
RESP-11674,2026-06-22 22:49:07.906048,24.0,Male,Marketing,EMEA,11,8.2,10,5.0,2,"Fast performance, excellent reliability, and helpful documentation."
RESP-11675,2026-08-11 08:25:07.906048,41.0,Male,Sales,APAC,13,2.7,0,1.0,6,Terrible experience. Pricing increased without notice and the software is laggy.
RESP-11676,2026-08-06 12:12:07.906048,35.0,Male,Engineering,North America,54,6.5,6,2.0,5,Terrible experience. Pricing increased without notice and the software is laggy.
RESP-11677,2026-08-22 00:14:07.906048,31.0,Non-Binary,Sales,LATAM,17,5.3,3,2.0,4,Billing is a nightmare. I was overcharged twice and customer support was completely unresponsive.
RESP-11678,2026-08-18 10:11:07.906048,46.0,Female,Engineering,EMEA,19,7.3,7,3.0,4,"Support is fine, but response times could be improved. You can reach my direct desk at +1-555-01178 to discuss."
RESP-11679,2026-09-09 17:09:07.906048,37.0,Female,Customer Support,EMEA,76,4.8,4,2.0,6,The UI update makes navigation horrible. Features crash constantly on Chrome.
RESP-11680,2026-08-01 07:02:07.906048,36.0,Male,Sales,North America,53,2.2,2,2.0,6,The UI update makes navigation horrible. Features crash constantly on Chrome.
RESP-11681,2026-06-21 16:39:07.906048,43.0,Male,Product,North America,5,7.9,7,4.0,3,"Support is fine, but response times could be improved."
RESP-11682,2026-08-16 16:47:07.906048,32.0,Male,Customer Support,LATAM,16,6.3,5,3.0,5,Billing is a nightmare. I was overcharged twice and customer support was completely unresponsive.
RESP-11683,2026-08-20 16:52:07.906048,51.0,Male,Marketing,North America,86,8.9,10,4.0,3,Customer support was very responsive and resolved my billing issue in 10 minutes.
RESP-11684,2026-08-06 21:00:07.906048,28.0,Female,Engineering,APAC,12,6.5,7,4.0,4,The interface is standard. A few bugs here and there.
RESP-11685,2026-08-21 23:28:07.906048,42.0,Male,Product,North America,12,6.0,7,3.0,4,"Average experience overall. Does what it promises, nothing more, nothing less."
RESP-11686,2026-07-20 01:31:07.906048,50.0,Male,Product,North America,6,3.3,3,2.0,7,Terrible experience. Pricing increased without notice and the software is laggy.
RESP-11687,2026-07-04 08:00:07.906048,22.0,Female,Sales,North America,3,5.6,5,3.0,5,Terrible experience. Pricing increased without notice and the software is laggy.
RESP-11688,2026-08-19 18:01:07.906048,32.0,Female,Customer Support,EMEA,33,6.9,7,5.0,2,"Support is fine, but response times could be improved."
RESP-11689,2026-07-13 00:11:07.906048,47.0,Male,Marketing,LATAM,36,5.6,6,4.0,5,Customer service takes 4 days to reply. We are considering switching providers.
RESP-11690,2026-08-01 00:13:07.906048,47.0,Female,Engineering,North America,84,10.0,7,5.0,1,"Support is fine, but response times could be improved."
RESP-11691,2026-08-04 04:29:07.906048,34.0,Male,Customer Support,North America,36,5.1,6,4.0,5,Constant downtime and sync errors. Frustrating and unhelpful.
RESP-11692,2026-08-02 21:20:07.906048,28.0,Female,Sales,North America,7,6.2,7,5.0,1,"Support is fine, but response times could be improved."
RESP-11693,2026-08-13 19:14:07.906048,45.0,Male,Engineering,EMEA,1,5.7,6,3.0,5,Billing is a nightmare. I was overcharged twice and customer support was completely unresponsive.
RESP-11694,2026-06-23 14:12:07.906048,47.0,Male,Sales,EMEA,102,6.4,6,4.0,4,Terrible experience. Pricing increased without notice and the software is laggy.
RESP-11695,2026-09-18 00:17:07.906048,24.0,Male,Engineering,APAC,10,4.7,1,2.0,5,Constant downtime and sync errors. Frustrating and unhelpful.
RESP-11696,2026-08-24 09:48:07.906048,23.0,Female,Engineering,EMEA,9,8.7,8,5.0,1,"Features are acceptable, but pricing seems a bit high for small teams."
RESP-11697,2026-07-29 05:25:07.906048,38.0,Male,Engineering,EMEA,57,8.8,10,5.0,2,"Fast performance, excellent reliability, and helpful documentation. More details at https://internal-feedback-197.org/details."
RESP-11698,2026-07-08 03:51:07.906048,42.0,Female,Product,North America,22,9.3,9,4.0,5,Great UI and clean design. Very satisfied with recent feature releases.
RESP-11699,2026-06-28 03:45:07.906048,33.0,Female,Customer Support,LATAM,6,4.0,4,2.0,5,Terrible experience. Pricing increased without notice and the software is laggy.
RESP-11700,2026-08-20 10:30:07.906048,42.0,Prefer not to say,Product,North America,53,7.5,8,4.0,3,"Features are acceptable, but pricing seems a bit high for small teams."
RESP-11701,2026-07-19 11:12:07.906048,28.0,Male,Sales,North America,120,6.8,7,4.0,3,The interface is standard. A few bugs here and there.
RESP-11702,2026-07-11 14:15:07.906048,18.0,Male,Sales,EMEA,3,6.7,8,4.0,3,"The application works fine, but performance slows down occasionally during peak hours."
RESP-11703,2026-07-25 03:17:07.906048,31.0,Female,Customer Support,EMEA,48,4.2,4,4.0,5,Constant downtime and sync errors. Frustrating and unhelpful.
RESP-11704,2026-08-13 07:17:07.906048,36.0,Female,Sales,EMEA,12,2.4,3,2.0,6,Terrible experience. Pricing increased without notice and the software is laggy.
RESP-11705,2026-08-20 09:27:07.906048,33.0,Female,Engineering,EMEA,18,8.2,10,5.0,2,The software platform is exceptionally intuitive and saves our team hours.
RESP-11706,2026-08-18 00:09:07.906048,24.0,Male,Customer Support,APAC,60,5.3,7,4.0,2,"Features are acceptable, but pricing seems a bit high for small teams."
RESP-11707,2026-09-06 15:14:07.906048,18.0,Male,Engineering,North America,88,6.8,10,5.0,1,"Fast performance, excellent reliability, and helpful documentation."
RESP-11708,2026-07-10 15:05:07.906048,30.0,Male,Customer Support,APAC,8,6.6,6,2.0,7,Billing is a nightmare. I was overcharged twice and customer support was completely unresponsive.
RESP-11709,2026-08-17 05:57:07.906048,44.0,Male,Customer Support,EMEA,6,5.4,8,4.0,2,The interface is standard. A few bugs here and there.
RESP-11710,2026-06-30 00:59:07.906048,48.0,Female,Engineering,EMEA,3,5.7,5,3.0,4,Terrible experience. Pricing increased without notice and the software is laggy.
RESP-11711,2026-08-09 06:07:07.906048,47.0,Female,Engineering,EMEA,20,4.8,5,4.0,4,The UI update makes navigation horrible. Features crash constantly on Chrome.
RESP-11712,2026-08-12 11:56:07.906048,27.0,Female,Marketing,North America,1,4.8,6,3.0,4,Customer service takes 4 days to reply. We are considering switching providers.
RESP-11713,2026-07-10 09:39:07.906048,24.0,Female,Sales,APAC,13,9.6,9,4.0,2,Great UI and clean design. Very satisfied with recent feature releases.
RESP-11714,2026-07-26 04:38:07.906048,40.0,Female,Engineering,EMEA,2,8.8,9,5.0,3,Customer support was very responsive and resolved my billing issue in 10 minutes.
RESP-11715,2026-09-03 09:19:07.906048,42.0,Non-Binary,Product,North America,13,7.6,9,3.0,3,Our account manager is fantastic. Keep up the great work!
RESP-11716,2026-07-04 07:08:07.906048,40.0,Female,Engineering,EMEA,1,7.4,6,3.0,6,Billing is a nightmare. I was overcharged twice and customer support was completely unresponsive.
RESP-11717,2026-07-30 01:07:07.906048,18.0,Male,Customer Support,LATAM,44,5.1,8,3.0,5,"Features are acceptable, but pricing seems a bit high for small teams."
RESP-11718,2026-09-12 21:17:07.906048,27.0,Female,Product,EMEA,6,9.1,7,5.0,3,The interface is standard. A few bugs here and there.
RESP-11719,2026-08-05 07:27:07.906048,35.0,Prefer not to say,Engineering,LATAM,10,7.0,10,4.0,2,Customer support was very responsive and resolved my billing issue in 10 minutes.
RESP-11720,2026-08-25 04:52:07.906048,40.0,Male,Engineering,North America,49,8.6,10,5.0,2,Great UI and clean design. Very satisfied with recent feature releases.
RESP-11721,2026-09-03 08:36:07.906048,43.0,Male,Engineering,North America,33,7.2,7,5.0,3,"Average experience overall. Does what it promises, nothing more, nothing less."
RESP-11722,2026-07-09 06:44:07.906048,37.0,Female,Sales,North America,6,8.9,8,4.0,3,"Features are acceptable, but pricing seems a bit high for small teams."
RESP-11723,2026-07-10 13:55:07.906048,39.0,Male,Engineering,EMEA,2,8.8,8,3.0,4,"Features are acceptable, but pricing seems a bit high for small teams."
RESP-11724,2026-08-28 05:08:07.906048,36.0,Male,Customer Support,North America,31,7.4,7,4.0,3,The interface is standard. A few bugs here and there.
RESP-11725,2026-08-27 17:43:07.906048,42.0,Female,Engineering,North America,12,6.8,7,4.0,3,"The application works fine, but performance slows down occasionally during peak hours."
RESP-11726,2026-06-26 08:34:07.906048,39.0,Female,Customer Support,LATAM,35,7.1,9,5.0,2,Our account manager is fantastic. Keep up the great work!
RESP-11727,2026-07-19 23:10:07.906048,36.0,Female,Product,APAC,15,6.8,10,,4,Our account manager is fantastic. Keep up the great work! You can reach my direct desk at +1-555-01227 to discuss.
RESP-11728,2026-07-26 19:24:07.906048,33.0,Male,Marketing,APAC,11,6.7,7,4.0,2,The interface is standard. A few bugs here and there.
RESP-11729,2026-09-03 13:18:07.906048,36.0,Male,Customer Support,North America,15,8.0,7,4.0,2,"Support is fine, but response times could be improved."
RESP-11730,2026-07-28 21:48:07.906048,40.0,Male,Sales,North America,34,4.4,4,2.0,5,Customer service takes 4 days to reply. We are considering switching providers. You can reach my direct desk at +1-555-01230 to discuss.
RESP-11731,2026-09-12 06:35:07.906048,38.0,Female,Customer Support,North America,56,5.8,6,3.0,4,The UI update makes navigation horrible. Features crash constantly on Chrome.
RESP-11732,2026-09-18 15:15:07.906048,39.0,Female,Customer Support,APAC,2,6.2,5,,4,Terrible experience. Pricing increased without notice and the software is laggy.
RESP-11733,2026-08-30 04:57:07.906048,49.0,Male,Sales,LATAM,18,6.8,5,2.0,7,Constant downtime and sync errors. Frustrating and unhelpful.
RESP-11734,2026-08-19 21:58:07.906048,38.0,Female,Engineering,EMEA,1,7.0,10,5.0,1,"Fast performance, excellent reliability, and helpful documentation."
RESP-11735,2026-07-26 05:04:07.906048,29.0,Male,Product,North America,16,10.0,10,5.0,2,Customer support was very responsive and resolved my billing issue in 10 minutes.
RESP-11736,2026-06-26 23:23:07.906048,44.0,Male,Sales,EMEA,52,4.1,3,2.0,5,Customer service takes 4 days to reply. We are considering switching providers.
RESP-11737,2026-08-11 12:33:07.906048,22.0,Female,Engineering,North America,11,9.9,10,5.0,1,Customer support was very responsive and resolved my billing issue in 10 minutes.
RESP-11738,2026-07-23 11:51:07.906048,25.0,Male,Sales,North America,65,7.8,6,3.0,4,Billing is a nightmare. I was overcharged twice and customer support was completely unresponsive. More details at https://internal-feedback-238.org/details.
RESP-11739,2026-07-22 12:31:07.906048,39.0,Female,Sales,EMEA,24,8.9,7,5.0,3,"Average experience overall. Does what it promises, nothing more, nothing less."
RESP-11740,2026-08-21 20:02:07.906048,41.0,Male,Marketing,APAC,66,4.1,3,2.0,6,The UI update makes navigation horrible. Features crash constantly on Chrome.
RESP-11741,2026-08-01 16:02:07.906048,23.0,Female,Marketing,North America,34,5.2,8,4.0,4,"Average experience overall. Does what it promises, nothing more, nothing less."
RESP-11742,2026-08-27 15:06:07.906048,32.0,Male,Marketing,North America,3,8.7,8,4.0,3,"The application works fine, but performance slows down occasionally during peak hours."
RESP-11743,2026-07-26 18:38:07.906048,29.0,Female,Engineering,LATAM,7,4.9,1,1.0,7,Customer service takes 4 days to reply. We are considering switching providers.
RESP-11744,2026-07-04 12:26:07.906048,31.0,Female,Sales,North America,13,3.6,5,3.0,5,Customer service takes 4 days to reply. We are considering switching providers.
RESP-11745,2026-08-01 11:05:07.906048,45.0,Male,Sales,North America,5,5.3,5,2.0,5,Customer service takes 4 days to reply. We are considering switching providers.
RESP-11746,2026-09-14 12:46:07.906048,43.0,Female,Engineering,North America,17,8.0,5,2.0,6,Billing is a nightmare. I was overcharged twice and customer support was completely unresponsive.
RESP-11747,2026-09-01 01:52:07.906048,35.0,Male,Sales,North America,16,8.4,8,5.0,2,"Features are acceptable, but pricing seems a bit high for small teams."
RESP-11748,2026-07-09 11:00:07.906048,30.0,Female,Marketing,North America,76,6.2,7,4.0,4,"Features are acceptable, but pricing seems a bit high for small teams."
RESP-11749,2026-07-26 03:47:07.906048,22.0,Male,Engineering,APAC,14,6.8,7,4.0,4,The interface is standard. A few bugs here and there.
RESP-11750,2026-09-12 10:36:07.906048,50.0,Female,Customer Support,North America,37,6.0,9,5.0,1,The software platform is exceptionally intuitive and saves our team hours.
RESP-11751,2026-07-02 01:46:07.906048,41.0,Male,Engineering,EMEA,69,8.4,7,4.0,4,"Average experience overall. Does what it promises, nothing more, nothing less."
RESP-11752,2026-07-13 19:06:07.906048,28.0,Female,Engineering,EMEA,51,8.4,8,5.0,1,"Features are acceptable, but pricing seems a bit high for small teams."
RESP-11753,2026-07-14 12:59:07.906048,43.0,Female,Engineering,EMEA,6,7.4,6,4.0,2,Billing is a nightmare. I was overcharged twice and customer support was completely unresponsive.
RESP-11754,2026-08-11 07:47:07.906048,35.0,Female,Product,APAC,17,4.4,2,1.0,7,Constant downtime and sync errors. Frustrating and unhelpful.
RESP-11755,2026-07-27 21:46:07.906048,33.0,Male,Marketing,APAC,11,5.1,6,3.0,2,Billing is a nightmare. I was overcharged twice and customer support was completely unresponsive.
RESP-11756,2026-06-28 03:06:07.906048,40.0,Female,Product,North America,13,9.4,10,5.0,1,Great UI and clean design. Very satisfied with recent feature releases.
RESP-11757,2026-08-16 13:36:07.906048,28.0,Male,Sales,APAC,11,6.3,7,4.0,4,"Support is fine, but response times could be improved."
RESP-11758,2026-06-29 20:35:07.906048,32.0,Male,Engineering,EMEA,43,7.2,8,4.0,3,The interface is standard. A few bugs here and there.
RESP-11759,2026-08-14 12:26:07.906048,37.0,Female,Customer Support,LATAM,15,7.2,6,2.0,6,Customer service takes 4 days to reply. We are considering switching providers.
RESP-11760,2026-08-05 13:43:07.906048,31.0,Male,Sales,EMEA,18,4.3,3,3.0,5,The UI update makes navigation horrible. Features crash constantly on Chrome.
RESP-11761,2026-08-04 08:54:07.906048,42.0,Female,Marketing,LATAM,98,6.2,6,3.0,5,Customer service takes 4 days to reply. We are considering switching providers.
RESP-11762,2026-06-27 00:22:07.906048,54.0,Female,Engineering,APAC,2,7.9,10,5.0,1,Customer support was very responsive and resolved my billing issue in 10 minutes.
RESP-11763,2026-08-17 11:17:07.906048,28.0,Male,Sales,North America,17,5.3,8,5.0,2,
RESP-11764,2026-07-29 18:14:07.906048,19.0,Male,Engineering,EMEA,36,7.9,9,3.0,4,Customer support was very responsive and resolved my billing issue in 10 minutes.
RESP-11765,2026-07-27 22:34:07.906048,18.0,Male,Sales,LATAM,4,5.7,6,3.0,5,Billing is a nightmare. I was overcharged twice and customer support was completely unresponsive.
RESP-11766,2026-08-13 14:55:07.906048,34.0,Female,Marketing,APAC,23,4.4,5,3.0,5,The UI update makes navigation horrible. Features crash constantly on Chrome.
RESP-11767,2026-08-14 12:04:07.906048,29.0,Female,Sales,North America,7,6.3,6,3.0,5,Billing is a nightmare. I was overcharged twice and customer support was completely unresponsive.
RESP-11768,2026-06-22 07:03:07.906048,38.0,Female,Sales,APAC,49,4.0,2,2.0,5,Terrible experience. Pricing increased without notice and the software is laggy.
RESP-11769,2026-07-02 05:04:07.906048,37.0,Male,Sales,North America,10,6.2,6,4.0,5,Constant downtime and sync errors. Frustrating and unhelpful. Contact me at user269@example.com if you want more details.
RESP-11770,2026-07-12 05:27:07.906048,19.0,Male,Sales,North America,10,8.1,6,4.0,3,Billing is a nightmare. I was overcharged twice and customer support was completely unresponsive.
RESP-11771,2026-08-20 23:00:07.906048,18.0,Male,Marketing,EMEA,22,6.1,6,4.0,4,Billing is a nightmare. I was overcharged twice and customer support was completely unresponsive. Contact me at user271@example.com if you want more details.
RESP-11772,2026-08-11 20:20:07.906048,38.0,Female,Product,North America,5,5.5,8,4.0,2,"Support is fine, but response times could be improved."
RESP-11773,2026-08-28 03:03:07.906048,37.0,Female,Product,APAC,9,7.1,8,3.0,2,"The application works fine, but performance slows down occasionally during peak hours."
RESP-11774,2026-08-26 14:17:07.906048,31.0,Female,Marketing,North America,13,5.3,4,1.0,7,Customer service takes 4 days to reply. We are considering switching providers.
RESP-11775,2026-09-05 17:27:07.906048,19.0,Female,Sales,APAC,11,6.9,7,3.0,6,"Average experience overall. Does what it promises, nothing more, nothing less."
RESP-11776,2026-07-24 20:30:07.906048,40.0,Female,Customer Support,North America,18,5.3,4,3.0,4,Billing is a nightmare. I was overcharged twice and customer support was completely unresponsive.
RESP-11777,2026-07-21 23:55:07.906048,48.0,Male,Sales,North America,22,8.6,9,5.0,2,The software platform is exceptionally intuitive and saves our team hours.
RESP-11778,2026-09-03 17:34:07.906048,38.0,Male,Sales,North America,21,7.7,9,4.0,2,Great UI and clean design. Very satisfied with recent feature releases.
RESP-11779,2026-07-12 07:48:07.906048,27.0,Male,Marketing,North America,26,6.3,7,4.0,2,"Average experience overall. Does what it promises, nothing more, nothing less."
RESP-11780,2026-08-01 10:42:07.906048,36.0,Female,Engineering,North America,9,8.8,10,5.0,1,The software platform is exceptionally intuitive and saves our team hours.
RESP-11781,2026-07-08 10:19:07.906048,22.0,Female,Product,North America,4,6.7,8,4.0,4,The interface is standard. A few bugs here and there.
RESP-11782,2026-09-11 04:28:07.906048,46.0,Male,Sales,EMEA,35,6.1,6,4.0,3,Billing is a nightmare. I was overcharged twice and customer support was completely unresponsive.
RESP-11783,2026-07-27 15:26:07.906048,36.0,Female,Customer Support,North America,46,5.0,6,3.0,4,Customer service takes 4 days to reply. We are considering switching providers.
RESP-11784,2026-07-10 01:33:07.906048,18.0,Non-Binary,Customer Support,EMEA,8,6.6,6,3.0,4,The UI update makes navigation horrible. Features crash constantly on Chrome.
RESP-11785,2026-08-22 05:19:07.906048,,Male,Product,North America,13,9.4,8,5.0,3,The interface is standard. A few bugs here and there.
RESP-11786,2026-07-12 23:00:07.906048,40.0,Female,Customer Support,APAC,17,6.7,9,5.0,1,Great UI and clean design. Very satisfied with recent feature releases.
RESP-11787,2026-09-13 20:33:07.906048,32.0,Male,Customer Support,LATAM,19,6.9,8,4.0,3,"Features are acceptable, but pricing seems a bit high for small teams."
RESP-11788,2026-07-24 00:38:07.906048,33.0,Female,Engineering,EMEA,26,9.1,9,5.0,2,Our account manager is fantastic. Keep up the great work!
RESP-11789,2026-08-19 18:12:07.906048,23.0,Male,Customer Support,North America,2,6.3,7,4.0,4,"Average experience overall. Does what it promises, nothing more, nothing less."
RESP-11790,2026-07-22 00:18:07.906048,41.0,Male,Engineering,North America,31,6.0,8,4.0,4,"Support is fine, but response times could be improved."
RESP-11791,2026-09-01 14:14:07.906048,29.0,Female,Marketing,LATAM,2,9.1,10,5.0,2,The software platform is exceptionally intuitive and saves our team hours. Contact me at user291@example.com if you want more details.
RESP-11792,2026-09-09 15:56:07.906048,18.0,Female,Customer Support,North America,16,8.2,6,3.0,6,Billing is a nightmare. I was overcharged twice and customer support was completely unresponsive.
RESP-11793,2026-08-30 20:29:07.906048,32.0,Male,Customer Support,North America,43,5.1,5,3.0,4,Customer service takes 4 days to reply. We are considering switching providers.
RESP-11794,2026-09-05 07:20:07.906048,45.0,Male,Engineering,North America,15,7.1,7,3.0,5,"The application works fine, but performance slows down occasionally during peak hours."
RESP-11795,2026-06-30 02:38:07.906048,32.0,Female,Engineering,North America,4,8.6,10,5.0,4,The software platform is exceptionally intuitive and saves our team hours.
RESP-11796,2026-09-12 02:33:07.906048,53.0,Male,Marketing,North America,101,7.3,9,5.0,1,The software platform is exceptionally intuitive and saves our team hours.
RESP-11797,2026-08-16 03:04:07.906048,40.0,Female,Engineering,APAC,53,7.4,9,4.0,4,Customer support was very responsive and resolved my billing issue in 10 minutes.
RESP-11798,2026-09-07 04:05:07.906048,39.0,Female,Engineering,North America,36,5.8,4,2.0,6,Terrible experience. Pricing increased without notice and the software is laggy.
RESP-11799,2026-08-21 12:58:07.906048,34.0,Female,Engineering,EMEA,13,8.2,7,2.0,5,"The application works fine, but performance slows down occasionally during peak hours. You can reach my direct desk at +1-555-01299 to discuss."
RESP-11800,2026-07-09 02:34:07.906048,35.0,Female,Product,North America,5,8.1,10,5.0,1,The software platform is exceptionally intuitive and saves our team hours.
RESP-11801,2026-08-14 19:13:07.906048,33.0,Female,Marketing,North America,69,7.6,7,4.0,4,
RESP-11802,2026-06-29 03:01:07.906048,32.0,Prefer not to say,Sales,LATAM,19,6.5,4,3.0,5,Terrible experience. Pricing increased without notice and the software is laggy.
RESP-11803,2026-08-22 13:20:07.906048,41.0,Female,Sales,North America,46,5.6,6,5.0,3,Billing is a nightmare. I was overcharged twice and customer support was completely unresponsive. Contact me at user303@example.com if you want more details.
RESP-11804,2026-07-27 18:01:07.906048,26.0,Female,Sales,APAC,11,7.5,7,4.0,2,"The application works fine, but performance slows down occasionally during peak hours."
RESP-11805,2026-07-04 14:19:07.906048,25.0,Female,Marketing,EMEA,10,6.6,9,5.0,1,Customer support was very responsive and resolved my billing issue in 10 minutes.
RESP-11806,2026-09-17 01:43:07.906048,24.0,Male,Customer Support,North America,102,4.8,5,2.0,6,Customer service takes 4 days to reply. We are considering switching providers.
RESP-11807,2026-09-10 00:55:07.906048,56.0,Male,Engineering,LATAM,18,7.4,8,4.0,2,"Features are acceptable, but pricing seems a bit high for small teams."
RESP-11808,2026-09-09 08:38:07.906048,41.0,Female,Engineering,North America,4,5.1,5,3.0,5,Billing is a nightmare. I was overcharged twice and customer support was completely unresponsive.
RESP-11809,2026-08-30 22:26:07.906048,39.0,Female,Engineering,APAC,6,7.4,10,4.0,3,Great UI and clean design. Very satisfied with recent feature releases.
RESP-11810,2026-08-22 05:15:07.906048,25.0,Female,Customer Support,North America,16,6.5,7,3.0,5,"Support is fine, but response times could be improved."
RESP-11811,2026-08-18 21:33:07.906048,42.0,Female,Marketing,APAC,2,7.0,6,2.0,6,Customer service takes 4 days to reply. We are considering switching providers.
RESP-11812,2026-06-30 11:44:07.906048,34.0,Female,Sales,North America,15,8.3,7,3.0,4,"Support is fine, but response times could be improved."
RESP-11813,2026-09-09 23:48:07.906048,38.0,Female,Engineering,EMEA,14,7.3,7,4.0,3,"Support is fine, but response times could be improved."
RESP-11814,2026-09-08 05:49:07.906048,26.0,Female,Engineering,APAC,37,8.4,7,4.0,3,"Average experience overall. Does what it promises, nothing more, nothing less."
RESP-11815,2026-08-27 05:56:07.906048,37.0,Male,Product,LATAM,11,8.5,10,5.0,3,The software platform is exceptionally intuitive and saves our team hours.
RESP-11816,2026-09-12 09:35:07.906048,31.0,Female,Sales,LATAM,98,9.5,7,4.0,4,"Average experience overall. Does what it promises, nothing more, nothing less."
RESP-11817,2026-08-09 17:14:07.906048,28.0,Non-Binary,Marketing,APAC,5,6.7,6,4.0,3,Constant downtime and sync errors. Frustrating and unhelpful.
RESP-11818,2026-07-31 05:29:07.906048,43.0,Male,Customer Support,APAC,22,3.9,5,3.0,3,Constant downtime and sync errors. Frustrating and unhelpful.
RESP-11819,2026-09-16 01:20:07.906048,,Male,Sales,North America,3,7.3,8,5.0,2,"Average experience overall. Does what it promises, nothing more, nothing less."
RESP-11820,2026-08-01 17:06:07.906048,41.0,Female,Engineering,North America,32,10.0,9,4.0,3,Great UI and clean design. Very satisfied with recent feature releases.
RESP-11821,2026-08-17 15:50:07.906048,42.0,Female,Engineering,North America,120,7.2,8,4.0,3,"Average experience overall. Does what it promises, nothing more, nothing less."
RESP-11822,2026-07-24 12:23:07.906048,27.0,Female,Customer Support,North America,42,6.8,5,3.0,4,Customer service takes 4 days to reply. We are considering switching providers.
RESP-11823,2026-08-17 05:02:07.906048,27.0,Male,Marketing,North America,20,8.3,8,5.0,3,"Support is fine, but response times could be improved."
RESP-11824,2026-08-24 17:59:07.906048,33.0,Female,Customer Support,EMEA,16,7.0,8,5.0,3,"The application works fine, but performance slows down occasionally during peak hours."
RESP-11825,2026-08-16 03:50:07.906048,38.0,Male,Customer Support,North America,44,5.7,6,4.0,4,Terrible experience. Pricing increased without notice and the software is laggy. You can reach my direct desk at +1-555-01325 to discuss.
RESP-11826,2026-08-06 06:02:07.906048,34.0,Non-Binary,Engineering,EMEA,66,6.7,6,4.0,2,Terrible experience. Pricing increased without notice and the software is laggy.
RESP-11827,2026-07-17 22:49:07.906048,40.0,Female,Product,North America,109,7.2,9,5.0,2,Our account manager is fantastic. Keep up the great work! You can reach my direct desk at +1-555-01327 to discuss.
RESP-11828,2026-08-17 21:17:07.906048,53.0,Male,Marketing,North America,13,7.2,7,4.0,3,"Support is fine, but response times could be improved."
RESP-11829,2026-09-10 16:47:07.906048,30.0,Female,Sales,EMEA,113,7.4,9,3.0,4,"Fast performance, excellent reliability, and helpful documentation."
RESP-11830,2026-06-21 13:30:07.906048,18.0,Female,Product,APAC,5,7.8,10,4.0,4,Our account manager is fantastic. Keep up the great work!
RESP-11831,2026-07-02 23:52:07.906048,44.0,Female,Customer Support,APAC,8,4.9,7,4.0,2,The interface is standard. A few bugs here and there. You can reach my direct desk at +1-555-01331 to discuss.
RESP-11832,2026-07-01 17:17:07.906048,52.0,Female,Customer Support,EMEA,3,6.3,8,3.0,4,The interface is standard. A few bugs here and there.
RESP-11833,2026-09-12 00:42:07.906048,39.0,Male,Marketing,North America,8,7.8,8,4.0,3,"Support is fine, but response times could be improved."
RESP-11834,2026-08-19 14:07:07.906048,25.0,Female,Marketing,EMEA,36,7.1,8,4.0,5,"The application works fine, but performance slows down occasionally during peak hours."
RESP-11835,2026-09-14 14:26:07.906048,34.0,Female,Customer Support,North America,47,4.2,5,3.0,4,Terrible experience. Pricing increased without notice and the software is laggy.
RESP-11836,2026-08-12 09:27:07.906048,24.0,Male,Engineering,North America,37,7.4,6,3.0,5,Terrible experience. Pricing increased without notice and the software is laggy. You can reach my direct desk at +1-555-01336 to discuss.
RESP-11837,2026-08-01 11:55:07.906048,42.0,Male,Sales,EMEA,24,7.4,8,4.0,4,The interface is standard. A few bugs here and there.
RESP-11838,2026-08-31 06:02:07.906048,22.0,Female,Product,North America,18,5.2,6,4.0,4,Customer service takes 4 days to reply. We are considering switching providers.
RESP-11839,2026-07-05 10:13:07.906048,32.0,Male,Engineering,North America,30,4.6,5,3.0,5,Billing is a nightmare. I was overcharged twice and customer support was completely unresponsive.
RESP-11840,2026-07-25 06:16:07.906048,25.0,Male,Sales,LATAM,12,8.3,8,4.0,4,The interface is standard. A few bugs here and there.
RESP-11841,2026-08-01 21:44:07.906048,37.0,Female,Sales,LATAM,45,6.8,6,2.0,6,Customer service takes 4 days to reply. We are considering switching providers.
RESP-11842,2026-07-17 19:15:07.906048,32.0,Female,Sales,North America,28,6.9,8,5.0,2,"The application works fine, but performance slows down occasionally during peak hours."
RESP-11843,2026-07-24 08:33:07.906048,37.0,Female,Customer Support,North America,29,3.9,2,1.0,7,Billing is a nightmare. I was overcharged twice and customer support was completely unresponsive.
RESP-11844,2026-06-27 23:17:07.906048,36.0,Male,Product,North America,19,8.4,10,4.0,2,"Fast performance, excellent reliability, and helpful documentation. Contact me at user344@example.com if you want more details."
RESP-11845,2026-07-08 18:13:07.906048,26.0,Male,Engineering,North America,52,8.1,8,4.0,3,"The application works fine, but performance slows down occasionally during peak hours."
RESP-11846,2026-07-21 03:15:07.906048,42.0,Male,Engineering,LATAM,7,5.3,6,3.0,6,Constant downtime and sync errors. Frustrating and unhelpful.
RESP-11847,2026-08-31 13:42:07.906048,35.0,Male,Engineering,North America,12,9.8,10,5.0,2,Our account manager is fantastic. Keep up the great work!
RESP-11848,2026-07-07 08:46:07.906048,26.0,Female,Product,APAC,37,7.5,8,4.0,2,"Support is fine, but response times could be improved."
RESP-11849,2026-07-22 03:19:07.906048,58.0,Female,Customer Support,North America,17,4.9,3,2.0,6,Terrible experience. Pricing increased without notice and the software is laggy.
RESP-11850,2026-06-26 18:48:07.906048,40.0,Female,Sales,LATAM,53,5.4,7,5.0,1,"Average experience overall. Does what it promises, nothing more, nothing less."
RESP-11851,2026-08-10 01:55:07.906048,34.0,Male,Marketing,North America,11,3.5,4,3.0,4,Terrible experience. Pricing increased without notice and the software is laggy.
RESP-11852,2026-08-14 22:53:07.906048,50.0,Male,Product,APAC,12,8.2,7,4.0,5,The interface is standard. A few bugs here and there.
RESP-11853,2026-09-06 20:05:07.906048,54.0,Female,Marketing,North America,53,6.9,6,2.0,6,Terrible experience. Pricing increased without notice and the software is laggy.
RESP-11854,2026-09-02 15:52:07.906048,34.0,Male,Product,EMEA,15,7.0,6,3.0,4,Billing is a nightmare. I was overcharged twice and customer support was completely unresponsive. You can reach my direct desk at +1-555-01354 to discuss.
RESP-11855,2026-07-16 14:59:07.906048,39.0,Female,Sales,North America,18,7.9,6,3.0,4,Billing is a nightmare. I was overcharged twice and customer support was completely unresponsive.
RESP-11856,2026-07-03 06:24:07.906048,26.0,Female,Marketing,North America,10,4.4,7,3.0,3,"Features are acceptable, but pricing seems a bit high for small teams."
RESP-11857,2026-07-04 23:43:07.906048,34.0,Female,Sales,LATAM,8,5.1,7,4.0,2,"Features are acceptable, but pricing seems a bit high for small teams."
RESP-11858,2026-09-16 03:32:07.906048,34.0,Female,Marketing,LATAM,26,5.2,6,4.0,3,Billing is a nightmare. I was overcharged twice and customer support was completely unresponsive.
RESP-11859,2026-08-20 12:45:07.906048,37.0,Female,Marketing,APAC,4,6.1,6,4.0,3,Customer service takes 4 days to reply. We are considering switching providers.
RESP-11860,2026-06-24 18:32:07.906048,39.0,Female,Marketing,EMEA,51,6.6,6,3.0,5,Customer service takes 4 days to reply. We are considering switching providers.
RESP-11861,2026-07-03 06:01:07.906048,41.0,Female,Customer Support,APAC,37,6.1,7,3.0,6,The interface is standard. A few bugs here and there.
RESP-11862,2026-08-03 15:54:07.906048,38.0,Female,Engineering,North America,6,7.2,10,5.0,2,The software platform is exceptionally intuitive and saves our team hours.
RESP-11863,2026-07-09 15:29:07.906048,23.0,Male,Customer Support,North America,29,4.2,3,4.0,3,Customer service takes 4 days to reply. We are considering switching providers.
RESP-11864,2026-09-01 06:29:07.906048,26.0,Female,Product,North America,23,9.8,8,4.0,4,"Average experience overall. Does what it promises, nothing more, nothing less."
RESP-11865,2026-08-11 12:43:07.906048,30.0,Non-Binary,Product,EMEA,5,10.0,10,5.0,1,The software platform is exceptionally intuitive and saves our team hours.
RESP-11866,2026-08-15 01:52:07.906048,33.0,Female,Engineering,North America,8,7.9,5,3.0,4,Billing is a nightmare. I was overcharged twice and customer support was completely unresponsive.
RESP-11867,2026-08-01 14:17:07.906048,46.0,Female,Engineering,North America,13,6.6,5,4.0,4,Constant downtime and sync errors. Frustrating and unhelpful.
RESP-11868,2026-07-13 23:40:07.906048,24.0,Female,Engineering,EMEA,29,9.9,10,4.0,2,"Fast performance, excellent reliability, and helpful documentation."
RESP-11869,2026-08-12 23:41:07.906048,32.0,Female,Marketing,APAC,25,4.3,2,1.0,7,Constant downtime and sync errors. Frustrating and unhelpful.
RESP-11870,2026-08-24 11:14:07.906048,45.0,Male,Marketing,North America,19,6.0,8,4.0,4,"Average experience overall. Does what it promises, nothing more, nothing less."
RESP-11871,2026-07-24 07:49:07.906048,33.0,Female,Engineering,North America,36,6.7,8,5.0,1,
RESP-11872,2026-08-05 09:15:07.906048,40.0,Non-Binary,Customer Support,North America,35,3.8,3,2.0,6,Billing is a nightmare. I was overcharged twice and customer support was completely unresponsive.
RESP-11873,2026-09-04 12:18:07.906048,34.0,Male,Marketing,North America,24,6.1,8,3.0,3,"Support is fine, but response times could be improved."
RESP-11874,2026-07-04 07:44:07.906048,38.0,Male,Marketing,North America,38,5.2,7,3.0,5,"Support is fine, but response times could be improved."
RESP-11875,2026-08-09 00:16:07.906048,33.0,Male,Customer Support,EMEA,10,5.5,5,4.0,5,The UI update makes navigation horrible. Features crash constantly on Chrome.
RESP-11876,2026-07-22 07:09:07.906048,42.0,Male,Customer Support,EMEA,52,5.5,5,2.0,6,The UI update makes navigation horrible. Features crash constantly on Chrome.
RESP-11877,2026-08-23 04:37:07.906048,20.0,Female,Customer Support,EMEA,23,4.6,8,3.0,4,"Average experience overall. Does what it promises, nothing more, nothing less."
RESP-11878,2026-06-22 15:12:07.906048,32.0,Male,Sales,North America,42,5.4,6,4.0,4,Constant downtime and sync errors. Frustrating and unhelpful.
RESP-11879,2026-08-20 06:48:07.906048,38.0,Female,Customer Support,APAC,19,5.2,6,3.0,5,Terrible experience. Pricing increased without notice and the software is laggy.
RESP-11880,2026-06-30 04:50:07.906048,41.0,Female,Customer Support,North America,6,6.7,9,5.0,2,"Fast performance, excellent reliability, and helpful documentation."
RESP-11881,2026-06-26 18:28:07.906048,50.0,Female,Product,EMEA,19,7.1,8,3.0,6,The interface is standard. A few bugs here and there.
RESP-11882,2026-08-25 03:46:07.906048,32.0,Male,Customer Support,APAC,12,6.7,6,3.0,4,The UI update makes navigation horrible. Features crash constantly on Chrome.
RESP-11883,2026-08-17 13:43:07.906048,50.0,Male,Marketing,North America,29,7.4,8,5.0,2,"Features are acceptable, but pricing seems a bit high for small teams."
RESP-11884,2026-09-09 11:38:07.906048,29.0,Female,Engineering,North America,16,8.6,10,4.0,3,"Fast performance, excellent reliability, and helpful documentation."
RESP-11885,2026-08-06 17:02:07.906048,49.0,Male,Sales,APAC,44,8.1,5,4.0,4,The UI update makes navigation horrible. Features crash constantly on Chrome.
RESP-11886,2026-08-07 15:26:07.906048,44.0,Female,Engineering,North America,28,6.0,6,3.0,3,Constant downtime and sync errors. Frustrating and unhelpful.
RESP-11887,2026-08-23 13:44:07.906048,26.0,Female,Engineering,EMEA,28,7.0,9,5.0,2,Our account manager is fantastic. Keep up the great work!
RESP-11888,2026-07-20 01:07:07.906048,39.0,Female,Marketing,North America,6,9.1,8,4.0,3,The interface is standard. A few bugs here and there.
RESP-11889,2026-06-24 06:18:07.906048,35.0,Female,Product,EMEA,100,6.9,9,4.0,2,Customer support was very responsive and resolved my billing issue in 10 minutes.
RESP-11890,2026-07-11 15:28:07.906048,42.0,Female,Engineering,North America,45,3.5,6,3.0,5,Terrible experience. Pricing increased without notice and the software is laggy.
RESP-11891,2026-07-12 08:41:07.906048,33.0,Male,Sales,North America,38,5.7,6,4.0,2,The UI update makes navigation horrible. Features crash constantly on Chrome.
RESP-11892,2026-07-21 03:36:07.906048,32.0,Male,Marketing,EMEA,10,6.7,6,3.0,6,The UI update makes navigation horrible. Features crash constantly on Chrome.
RESP-11893,2026-09-13 20:27:07.906048,49.0,Female,Engineering,North America,19,3.8,3,3.0,5,Terrible experience. Pricing increased without notice and the software is laggy.
RESP-11894,2026-09-01 09:02:07.906048,35.0,Male,Customer Support,North America,4,7.5,10,5.0,1,Great UI and clean design. Very satisfied with recent feature releases.
RESP-11895,2026-09-13 04:14:07.906048,44.0,Male,Marketing,North America,19,5.4,8,3.0,4,The interface is standard. A few bugs here and there.
RESP-11896,2026-09-18 19:34:07.906048,33.0,Male,Customer Support,North America,4,6.0,6,3.0,3,Customer service takes 4 days to reply. We are considering switching providers.
RESP-11897,2026-07-29 23:32:07.906048,52.0,Male,Engineering,North America,20,7.4,6,2.0,6,Constant downtime and sync errors. Frustrating and unhelpful.
RESP-11898,2026-07-11 09:03:07.906048,29.0,Female,Sales,North America,26,4.1,4,2.0,6,Customer service takes 4 days to reply. We are considering switching providers.
RESP-11899,2026-08-10 08:11:07.906048,29.0,Male,Marketing,LATAM,12,4.9,5,4.0,3,Constant downtime and sync errors. Frustrating and unhelpful.
RESP-11900,2026-09-08 05:50:07.906048,51.0,Male,Customer Support,North America,17,4.1,2,2.0,6,Customer service takes 4 days to reply. We are considering switching providers.
RESP-11901,2026-08-01 20:33:07.906048,31.0,Female,Engineering,EMEA,51,9.3,9,4.0,4,The software platform is exceptionally intuitive and saves our team hours.
RESP-11902,2026-08-05 10:14:07.906048,52.0,Female,Marketing,North America,3,6.3,8,4.0,4,"Average experience overall. Does what it promises, nothing more, nothing less."
RESP-11903,2026-07-03 00:58:07.906048,44.0,Male,Engineering,North America,38,6.9,4,4.0,3,Terrible experience. Pricing increased without notice and the software is laggy.
RESP-11904,2026-07-28 18:46:07.906048,34.0,Female,Marketing,LATAM,5,5.1,6,5.0,3,Billing is a nightmare. I was overcharged twice and customer support was completely unresponsive.
RESP-11905,2026-07-25 18:29:07.906048,18.0,Prefer not to say,Engineering,North America,1,9.5,10,5.0,3,Great UI and clean design. Very satisfied with recent feature releases.
RESP-11906,2026-07-22 14:13:07.906048,35.0,Female,Product,LATAM,5,9.5,9,3.0,4,Our account manager is fantastic. Keep up the great work!
RESP-11907,2026-09-08 19:08:07.906048,37.0,Male,Sales,North America,35,7.8,10,5.0,2,The software platform is exceptionally intuitive and saves our team hours.
RESP-11908,2026-06-26 06:40:07.906048,47.0,Female,Sales,APAC,13,6.7,6,4.0,2,Constant downtime and sync errors. Frustrating and unhelpful.
RESP-11909,2026-09-16 10:25:07.906048,51.0,Male,Engineering,EMEA,50,8.1,9,5.0,2,Our account manager is fantastic. Keep up the great work!
RESP-11910,2026-06-21 16:23:07.906048,29.0,Male,Sales,APAC,18,4.2,4,3.0,5,Constant downtime and sync errors. Frustrating and unhelpful.
RESP-11911,2026-09-14 01:03:07.906048,44.0,Female,Product,EMEA,1,6.9,6,4.0,3,Terrible experience. Pricing increased without notice and the software is laggy.
RESP-11912,2026-08-09 06:21:07.906048,43.0,Male,Product,EMEA,31,6.3,5,2.0,6,Billing is a nightmare. I was overcharged twice and customer support was completely unresponsive.
RESP-11913,2026-08-23 03:51:07.906048,46.0,Female,Sales,North America,3,3.3,4,2.0,6,Customer service takes 4 days to reply. We are considering switching providers.
RESP-11914,2026-07-07 18:47:07.906048,40.0,Female,Sales,North America,38,7.6,9,4.0,4,Great UI and clean design. Very satisfied with recent feature releases.
RESP-11915,2026-08-18 19:40:07.906048,18.0,Female,Marketing,LATAM,5,5.5,5,4.0,3,Billing is a nightmare. I was overcharged twice and customer support was completely unresponsive. More details at https://internal-feedback-415.org/details.
RESP-11916,2026-09-08 07:36:07.906048,34.0,Male,Product,North America,11,9.1,7,3.0,3,"Average experience overall. Does what it promises, nothing more, nothing less."
RESP-11917,2026-07-03 11:51:07.906048,24.0,Female,Customer Support,North America,35,6.8,7,4.0,4,"Support is fine, but response times could be improved."
RESP-11918,2026-07-02 09:04:07.906048,33.0,Female,Sales,APAC,75,6.8,7,4.0,2,"Features are acceptable, but pricing seems a bit high for small teams."
RESP-11919,2026-07-18 07:10:07.906048,45.0,Female,Sales,North America,12,6.9,7,5.0,1,The interface is standard. A few bugs here and there.
RESP-11920,2026-07-05 11:54:07.906048,39.0,Male,Customer Support,LATAM,43,4.6,7,4.0,2,"Average experience overall. Does what it promises, nothing more, nothing less."
RESP-11921,2026-06-30 21:34:07.906048,47.0,Male,Engineering,APAC,6,10.0,8,3.0,2,"Average experience overall. Does what it promises, nothing more, nothing less."
RESP-11922,2026-08-20 23:45:07.906048,,Female,Customer Support,EMEA,40,5.6,2,2.0,4,The UI update makes navigation horrible. Features crash constantly on Chrome.
RESP-11923,2026-07-10 04:26:07.906048,23.0,Female,Sales,APAC,26,6.5,5,4.0,2,Billing is a nightmare. I was overcharged twice and customer support was completely unresponsive.
RESP-11924,2026-08-19 23:20:07.906048,18.0,Non-Binary,Marketing,North America,6,5.5,7,4.0,4,"Average experience overall. Does what it promises, nothing more, nothing less."
RESP-11925,2026-09-06 12:21:07.906048,37.0,Female,Engineering,North America,9,6.3,5,2.0,7,Billing is a nightmare. I was overcharged twice and customer support was completely unresponsive.
RESP-11926,2026-08-18 14:57:07.906048,33.0,Male,Customer Support,EMEA,4,6.2,5,2.0,5,Customer service takes 4 days to reply. We are considering switching providers.
RESP-11927,2026-07-01 16:24:07.906048,26.0,Male,Sales,North America,12,6.3,8,4.0,5,"Features are acceptable, but pricing seems a bit high for small teams."
RESP-11928,2026-08-11 13:30:07.906048,18.0,Male,Customer Support,APAC,6,4.3,5,4.0,3,Constant downtime and sync errors. Frustrating and unhelpful.
RESP-11929,2026-07-26 08:49:07.906048,28.0,Female,Engineering,LATAM,25,5.5,6,3.0,6,Billing is a nightmare. I was overcharged twice and customer support was completely unresponsive.
RESP-11930,2026-07-21 20:15:07.906048,34.0,Male,Customer Support,EMEA,120,3.6,5,3.0,3,The UI update makes navigation horrible. Features crash constantly on Chrome. More details at https://internal-feedback-430.org/details.
RESP-11931,2026-07-19 14:36:07.906048,42.0,Male,Customer Support,North America,1,7.3,7,4.0,3,The interface is standard. A few bugs here and there. More details at https://internal-feedback-431.org/details.
RESP-11932,2026-09-12 14:09:07.906048,37.0,Male,Customer Support,LATAM,19,4.6,4,2.0,5,Customer service takes 4 days to reply. We are considering switching providers.
RESP-11933,2026-08-26 18:23:07.906048,52.0,Female,Customer Support,EMEA,21,5.0,6,4.0,4,Constant downtime and sync errors. Frustrating and unhelpful.
RESP-11934,2026-07-02 23:41:07.906048,25.0,Female,Customer Support,EMEA,59,7.7,6,3.0,6,Terrible experience. Pricing increased without notice and the software is laggy.
RESP-11935,2026-08-02 18:45:07.906048,44.0,Female,Marketing,North America,17,4.8,2,3.0,3,The UI update makes navigation horrible. Features crash constantly on Chrome.
RESP-11936,2026-07-19 13:56:07.906048,36.0,Male,Sales,LATAM,19,4.9,4,3.0,3,Constant downtime and sync errors. Frustrating and unhelpful.
RESP-11937,2026-09-16 22:55:07.906048,42.0,Male,Marketing,EMEA,16,5.3,7,5.0,2,The interface is standard. A few bugs here and there.
RESP-11938,2026-09-16 23:07:07.906048,31.0,Female,Sales,APAC,8,8.4,9,5.0,1,The software platform is exceptionally intuitive and saves our team hours.
RESP-11939,2026-07-19 16:46:07.906048,46.0,Female,Engineering,APAC,2,10.0,10,5.0,2,Customer support was very responsive and resolved my billing issue in 10 minutes.
RESP-11940,2026-07-22 15:08:07.906048,38.0,Female,Engineering,North America,13,8.8,6,3.0,4,Terrible experience. Pricing increased without notice and the software is laggy.
RESP-11941,2026-08-13 21:19:07.906048,29.0,Male,Sales,EMEA,2,7.2,8,4.0,3,"Average experience overall. Does what it promises, nothing more, nothing less."
RESP-11942,2026-08-03 01:53:07.906048,35.0,Male,Marketing,APAC,20,5.6,7,4.0,3,The interface is standard. A few bugs here and there.
RESP-11943,2026-07-10 02:52:07.906048,33.0,Female,Marketing,North America,9,9.4,7,3.0,3,The interface is standard. A few bugs here and there.
RESP-11944,2026-08-19 09:04:07.906048,40.0,Female,Marketing,APAC,19,6.9,8,5.0,2,"The application works fine, but performance slows down occasionally during peak hours."
RESP-11945,2026-07-21 00:18:07.906048,24.0,Female,Customer Support,LATAM,4,6.8,7,4.0,3,"Features are acceptable, but pricing seems a bit high for small teams."
RESP-11946,2026-08-18 18:36:07.906048,35.0,Male,Sales,EMEA,65,5.8,10,4.0,4,Our account manager is fantastic. Keep up the great work!
RESP-11947,2026-07-25 11:20:07.906048,39.0,Male,Engineering,APAC,54,7.3,4,1.0,7,The UI update makes navigation horrible. Features crash constantly on Chrome.
RESP-11948,2026-08-22 23:02:07.906048,36.0,Male,Sales,APAC,6,8.5,10,3.0,4,Great UI and clean design. Very satisfied with recent feature releases.
RESP-11949,2026-08-20 01:01:07.906048,49.0,Female,Sales,APAC,11,6.8,6,4.0,4,Billing is a nightmare. I was overcharged twice and customer support was completely unresponsive.
RESP-11950,2026-08-05 17:37:07.906048,,Non-Binary,Engineering,North America,23,9.9,7,3.0,4,The interface is standard. A few bugs here and there.
RESP-11951,2026-08-23 08:49:07.906048,35.0,Female,Engineering,North America,3,8.1,7,3.0,5,"The application works fine, but performance slows down occasionally during peak hours."
RESP-11952,2026-08-01 10:16:07.906048,38.0,Male,Customer Support,EMEA,11,4.2,5,3.0,5,Terrible experience. Pricing increased without notice and the software is laggy.
RESP-11953,2026-07-01 09:26:07.906048,38.0,Female,Marketing,EMEA,7,5.6,7,3.0,5,The interface is standard. A few bugs here and there.
RESP-11954,2026-07-07 07:55:07.906048,40.0,Male,Product,EMEA,60,7.5,10,5.0,1,The software platform is exceptionally intuitive and saves our team hours.
RESP-11955,2026-07-13 01:55:07.906048,18.0,Male,Product,APAC,46,6.4,9,5.0,2,Customer support was very responsive and resolved my billing issue in 10 minutes.
RESP-11956,2026-06-26 15:09:07.906048,32.0,Male,Customer Support,North America,21,3.8,2,2.0,4,Billing is a nightmare. I was overcharged twice and customer support was completely unresponsive.
RESP-11957,2026-08-23 23:10:07.906048,,Male,Sales,EMEA,18,7.8,9,3.0,5,Customer support was very responsive and resolved my billing issue in 10 minutes.
RESP-11958,2026-07-24 00:08:07.906048,48.0,Female,Customer Support,North America,65,4.7,5,2.0,6,Constant downtime and sync errors. Frustrating and unhelpful.
RESP-11959,2026-06-29 08:35:07.906048,35.0,Female,Marketing,APAC,65,6.7,6,4.0,3,Billing is a nightmare. I was overcharged twice and customer support was completely unresponsive.
RESP-11960,2026-09-02 17:41:07.906048,34.0,Male,Engineering,EMEA,84,8.1,8,4.0,4,"Average experience overall. Does what it promises, nothing more, nothing less."
RESP-11961,2026-08-21 11:16:07.906048,44.0,Female,Sales,North America,4,5.1,4,3.0,4,Customer service takes 4 days to reply. We are considering switching providers.
RESP-11962,2026-07-31 15:23:07.906048,40.0,Female,Marketing,North America,5,8.7,9,5.0,2,Customer support was very responsive and resolved my billing issue in 10 minutes.
RESP-11963,2026-07-13 05:01:07.906048,24.0,Female,Sales,APAC,28,4.3,3,3.0,4,Customer service takes 4 days to reply. We are considering switching providers.
RESP-11964,2026-07-04 14:21:07.906048,35.0,Male,Customer Support,EMEA,19,5.9,4,4.0,2,Billing is a nightmare. I was overcharged twice and customer support was completely unresponsive.
RESP-11965,2026-08-01 04:40:07.906048,32.0,Female,Customer Support,North America,1,5.9,7,4.0,4,"Average experience overall. Does what it promises, nothing more, nothing less. More details at https://internal-feedback-465.org/details."
RESP-11966,2026-09-08 14:42:07.906048,18.0,Female,Engineering,LATAM,2,7.6,9,4.0,3,The software platform is exceptionally intuitive and saves our team hours. Contact me at user466@example.com if you want more details.
RESP-11967,2026-07-07 21:31:07.906048,29.0,Female,Sales,APAC,53,4.1,4,3.0,5,The UI update makes navigation horrible. Features crash constantly on Chrome.
RESP-11968,2026-08-11 02:53:07.906048,34.0,Female,Sales,LATAM,49,7.3,9,5.0,2,Our account manager is fantastic. Keep up the great work! You can reach my direct desk at +1-555-01468 to discuss.
RESP-11969,2026-09-15 11:49:07.906048,34.0,Male,Engineering,EMEA,11,8.8,8,4.0,3,"Features are acceptable, but pricing seems a bit high for small teams."
RESP-11970,2026-08-17 06:45:07.906048,21.0,Prefer not to say,Engineering,EMEA,54,6.7,6,3.0,5,Customer service takes 4 days to reply. We are considering switching providers.
RESP-11971,2026-07-30 12:54:07.906048,47.0,Male,Marketing,APAC,22,7.6,9,4.0,4,"Fast performance, excellent reliability, and helpful documentation."
RESP-11972,2026-08-24 09:56:07.906048,34.0,Female,Sales,EMEA,40,6.6,6,3.0,4,Customer service takes 4 days to reply. We are considering switching providers.
RESP-11973,2026-09-03 03:40:07.906048,36.0,Male,Customer Support,APAC,14,3.6,4,2.0,6,Constant downtime and sync errors. Frustrating and unhelpful. Contact me at user473@example.com if you want more details.
RESP-11974,2026-08-13 02:05:07.906048,40.0,Male,Sales,North America,3,4.7,1,3.0,5,Constant downtime and sync errors. Frustrating and unhelpful. Contact me at user474@example.com if you want more details.
RESP-11975,2026-09-07 09:44:07.906048,28.0,Female,Product,EMEA,14,9.0,9,5.0,1,Great UI and clean design. Very satisfied with recent feature releases.
RESP-11976,2026-08-06 06:06:07.906048,40.0,Male,Sales,North America,15,6.5,4,3.0,4,Billing is a nightmare. I was overcharged twice and customer support was completely unresponsive.
RESP-11977,2026-09-03 15:26:07.906048,32.0,Male,Sales,North America,20,5.2,3,2.0,6,Terrible experience. Pricing increased without notice and the software is laggy.
RESP-11978,2026-09-14 14:56:07.906048,27.0,Male,Product,North America,3,6.0,4,2.0,6,Terrible experience. Pricing increased without notice and the software is laggy.
RESP-11979,2026-08-05 01:16:07.906048,41.0,Male,Marketing,North America,115,5.7,4,2.0,7,Customer service takes 4 days to reply. We are considering switching providers.
RESP-11980,2026-08-14 09:23:07.906048,50.0,Female,Engineering,LATAM,7,7.0,6,3.0,4,Billing is a nightmare. I was overcharged twice and customer support was completely unresponsive.
RESP-11981,2026-08-14 19:01:07.906048,43.0,Female,Marketing,North America,6,5.2,4,3.0,6,Constant downtime and sync errors. Frustrating and unhelpful.
RESP-11982,2026-08-30 06:28:07.906048,45.0,Male,Sales,EMEA,18,3.4,4,3.0,4,Customer service takes 4 days to reply. We are considering switching providers.
RESP-11983,2026-09-03 00:11:07.906048,30.0,Female,Sales,APAC,19,7.7,8,5.0,1,The interface is standard. A few bugs here and there.
RESP-11984,2026-06-23 09:23:07.906048,20.0,Female,Engineering,EMEA,14,9.2,6,2.0,6,The UI update makes navigation horrible. Features crash constantly on Chrome.
RESP-11985,2026-08-25 22:38:07.906048,50.0,Male,Engineering,North America,36,5.8,6,3.0,5,Terrible experience. Pricing increased without notice and the software is laggy.
RESP-11986,2026-08-30 11:37:07.906048,56.0,Male,Marketing,APAC,18,6.7,7,3.0,3,"The application works fine, but performance slows down occasionally during peak hours."
RESP-11987,2026-08-22 23:30:07.906048,51.0,Female,Sales,EMEA,23,4.6,4,3.0,3,Constant downtime and sync errors. Frustrating and unhelpful.
RESP-11988,2026-08-24 04:09:07.906048,,Male,Sales,APAC,31,5.6,6,4.0,4,Billing is a nightmare. I was overcharged twice and customer support was completely unresponsive.
RESP-11989,2026-06-24 16:00:07.906048,24.0,Male,Marketing,APAC,1,6.0,6,3.0,4,Constant downtime and sync errors. Frustrating and unhelpful.
RESP-11990,2026-07-30 17:23:07.906048,25.0,Male,Marketing,LATAM,21,5.9,7,4.0,3,"The application works fine, but performance slows down occasionally during peak hours."
RESP-11991,2026-09-02 13:51:07.906048,19.0,Female,Engineering,EMEA,52,10.0,8,5.0,2,"Features are acceptable, but pricing seems a bit high for small teams."
RESP-11992,2026-09-13 00:02:07.906048,34.0,Female,Customer Support,North America,1,4.8,4,3.0,3,Constant downtime and sync errors. Frustrating and unhelpful.
RESP-11993,2026-07-11 14:14:07.906048,52.0,Female,Engineering,EMEA,13,6.5,9,4.0,3,Customer support was very responsive and resolved my billing issue in 10 minutes.
RESP-11994,2026-08-12 01:38:07.906048,34.0,Female,Marketing,North America,63,5.4,8,4.0,3,"Features are acceptable, but pricing seems a bit high for small teams."
RESP-11995,2026-09-01 07:56:07.906048,39.0,Female,Customer Support,APAC,11,7.1,8,4.0,3,"Average experience overall. Does what it promises, nothing more, nothing less."
RESP-11996,2026-08-27 15:47:07.906048,49.0,Female,Product,North America,15,4.8,6,3.0,3,Constant downtime and sync errors. Frustrating and unhelpful.
RESP-11997,2026-08-15 15:23:07.906048,31.0,Female,Engineering,North America,96,6.6,9,5.0,1,Our account manager is fantastic. Keep up the great work!
RESP-11998,2026-06-22 14:57:07.906048,56.0,Male,Engineering,APAC,6,9.9,10,4.0,3,Our account manager is fantastic. Keep up the great work! Contact me at user498@example.com if you want more details.
RESP-11999,2026-08-25 02:10:07.906048,55.0,Female,Sales,EMEA,2,6.4,6,2.0,7,Terrible experience. Pricing increased without notice and the software is laggy.
RESP-12000,2026-08-29 12:47:07.906048,34.0,Male,Sales,North America,48,6.3,5,3.0,5,Terrible experience. Pricing increased without notice and the software is laggy.
RESP-12001,2026-08-24 23:56:07.906048,30.0,Male,Engineering,EMEA,49,10.0,10,5.0,1,Customer support was very responsive and resolved my billing issue in 10 minutes.
RESP-12002,2026-08-28 20:43:07.906048,42.0,Female,Product,APAC,16,7.7,10,5.0,2,Our account manager is fantastic. Keep up the great work! You can reach my direct desk at +1-555-01502 to discuss.
RESP-12003,2026-07-29 17:21:07.906048,32.0,Male,Engineering,North America,18,6.6,4,2.0,5,Terrible experience. Pricing increased without notice and the software is laggy.
RESP-12004,2026-09-18 09:05:07.906048,24.0,Male,Sales,APAC,44,5.6,5,3.0,3,Terrible experience. Pricing increased without notice and the software is laggy.
RESP-12005,2026-08-29 07:28:07.906048,48.0,Female,Marketing,North America,33,4.8,3,2.0,7,Terrible experience. Pricing increased without notice and the software is laggy.
RESP-12006,2026-08-12 00:31:07.906048,48.0,Male,Sales,APAC,8,7.9,8,4.0,2,"Average experience overall. Does what it promises, nothing more, nothing less."
RESP-12007,2026-09-13 00:26:07.906048,37.0,Female,Marketing,APAC,1,7.4,6,5.0,2,Terrible experience. Pricing increased without notice and the software is laggy.
RESP-12008,2026-09-10 16:17:07.906048,23.0,Male,Engineering,North America,16,9.4,9,5.0,1,"Fast performance, excellent reliability, and helpful documentation."
RESP-12009,2026-09-02 06:02:07.906048,23.0,Female,Sales,EMEA,48,7.8,5,2.0,6,Terrible experience. Pricing increased without notice and the software is laggy.
RESP-12010,2026-08-10 16:09:07.906048,37.0,Male,Engineering,North America,55,7.1,8,3.0,3,"Average experience overall. Does what it promises, nothing more, nothing less."
RESP-12011,2026-08-07 09:07:07.906048,31.0,Female,Engineering,APAC,76,6.3,8,4.0,3,"Support is fine, but response times could be improved."
RESP-12012,2026-07-20 12:35:07.906048,32.0,Male,Product,EMEA,51,7.2,7,3.0,5,"Features are acceptable, but pricing seems a bit high for small teams."
RESP-12013,2026-07-13 12:28:07.906048,46.0,Female,Engineering,EMEA,21,6.4,6,2.0,5,Terrible experience. Pricing increased without notice and the software is laggy.
RESP-12014,2026-08-06 01:16:07.906048,43.0,Male,Customer Support,North America,15,5.7,5,3.0,4,Customer service takes 4 days to reply. We are considering switching providers.
RESP-12015,2026-08-11 22:35:07.906048,49.0,Male,Sales,North America,36,7.7,8,4.0,2,"Features are acceptable, but pricing seems a bit high for small teams."
RESP-12016,2026-07-12 22:45:07.906048,26.0,Female,Sales,North America,33,5.7,6,4.0,3,Billing is a nightmare. I was overcharged twice and customer support was completely unresponsive.
RESP-12017,2026-09-11 23:24:07.906048,32.0,Male,Product,North America,19,7.5,9,5.0,1,Our account manager is fantastic. Keep up the great work! More details at https://internal-feedback-517.org/details.
RESP-12018,2026-08-10 02:17:07.906048,43.0,Female,Engineering,EMEA,3,7.6,9,5.0,2,Customer support was very responsive and resolved my billing issue in 10 minutes.
RESP-12019,2026-08-07 07:50:07.906048,40.0,Male,Customer Support,APAC,63,6.7,5,3.0,4,The UI update makes navigation horrible. Features crash constantly on Chrome.
RESP-12020,2026-07-30 03:33:07.906048,,Male,Product,EMEA,15,6.3,6,4.0,4,Billing is a nightmare. I was overcharged twice and customer support was completely unresponsive.
RESP-12021,2026-06-26 04:01:07.906048,40.0,Male,Customer Support,EMEA,11,2.2,4,4.0,3,Billing is a nightmare. I was overcharged twice and customer support was completely unresponsive.
RESP-12022,2026-09-08 08:34:07.906048,54.0,Male,Product,LATAM,24,8.0,6,3.0,4,Billing is a nightmare. I was overcharged twice and customer support was completely unresponsive.
RESP-12023,2026-07-19 11:17:07.906048,41.0,Female,Engineering,APAC,27,9.2,6,3.0,4,Constant downtime and sync errors. Frustrating and unhelpful.
RESP-12024,2026-08-17 18:17:07.906048,46.0,Female,Sales,LATAM,6,6.7,7,3.0,4,The interface is standard. A few bugs here and there.
RESP-12025,2026-08-14 14:38:07.906048,32.0,Female,Sales,EMEA,44,5.0,6,3.0,5,Billing is a nightmare. I was overcharged twice and customer support was completely unresponsive.
RESP-12026,2026-08-12 13:04:07.906048,36.0,Male,Marketing,North America,9,4.8,4,3.0,5,Constant downtime and sync errors. Frustrating and unhelpful.
RESP-12027,2026-08-07 06:07:07.906048,,Female,Product,North America,5,8.0,7,2.0,6,The interface is standard. A few bugs here and there.
RESP-12028,2026-07-07 06:29:07.906048,52.0,Male,Sales,APAC,13,6.2,5,3.0,3,The UI update makes navigation horrible. Features crash constantly on Chrome.
RESP-12029,2026-07-16 04:41:07.906048,43.0,Male,Customer Support,North America,32,5.3,4,3.0,3,The UI update makes navigation horrible. Features crash constantly on Chrome.
RESP-12030,2026-08-07 02:49:07.906048,35.0,Female,Engineering,North America,81,10.0,10,4.0,3,Our account manager is fantastic. Keep up the great work!
RESP-12031,2026-08-30 23:33:07.906048,49.0,Male,Customer Support,EMEA,40,4.1,2,1.0,7,Terrible experience. Pricing increased without notice and the software is laggy.
RESP-12032,2026-07-29 19:40:07.906048,18.0,Female,Sales,EMEA,68,8.7,8,4.0,3,The interface is standard. A few bugs here and there.
RESP-12033,2026-07-09 07:03:07.906048,21.0,Female,Product,EMEA,4,7.3,6,3.0,3,Customer service takes 4 days to reply. We are considering switching providers.
RESP-12034,2026-06-28 20:32:07.906048,42.0,Male,Customer Support,North America,2,2.7,1,2.0,5,Billing is a nightmare. I was overcharged twice and customer support was completely unresponsive.
RESP-12035,2026-08-19 14:41:07.906048,36.0,Female,Sales,North America,20,5.7,7,4.0,3,The interface is standard. A few bugs here and there.
RESP-12036,2026-07-29 00:59:07.906048,42.0,Female,Engineering,EMEA,9,9.1,8,5.0,1,The interface is standard. A few bugs here and there.
RESP-12037,2026-07-02 05:23:07.906048,36.0,Male,Engineering,LATAM,43,7.2,7,4.0,2,"Average experience overall. Does what it promises, nothing more, nothing less."
RESP-12038,2026-08-20 15:25:07.906048,,Female,Engineering,APAC,27,5.5,3,2.0,7,Constant downtime and sync errors. Frustrating and unhelpful.
RESP-12039,2026-07-09 14:57:07.906048,27.0,Non-Binary,Sales,LATAM,85,5.8,5,2.0,6,
RESP-12040,2026-08-05 18:03:07.906048,41.0,Non-Binary,Product,APAC,8,6.0,7,4.0,4,"Support is fine, but response times could be improved."
RESP-12041,2026-07-18 11:56:07.906048,45.0,Female,Customer Support,EMEA,16,6.2,10,5.0,2,The software platform is exceptionally intuitive and saves our team hours.
RESP-12042,2026-09-12 19:02:07.906048,48.0,Female,Customer Support,North America,17,6.7,4,3.0,4,Customer service takes 4 days to reply. We are considering switching providers.
RESP-12043,2026-07-11 11:41:07.906048,56.0,Male,Engineering,EMEA,7,6.1,6,4.0,3,Terrible experience. Pricing increased without notice and the software is laggy.
RESP-12044,2026-07-28 17:36:07.906048,38.0,Female,Product,EMEA,22,6.2,7,2.0,6,"The application works fine, but performance slows down occasionally during peak hours."
RESP-12045,2026-09-15 07:05:07.906048,38.0,Female,Marketing,EMEA,15,7.6,7,3.0,3,The interface is standard. A few bugs here and there.
RESP-12046,2026-07-19 15:01:07.906048,20.0,Male,Engineering,EMEA,15,6.4,8,3.0,4,"Features are acceptable, but pricing seems a bit high for small teams."
RESP-12047,2026-08-17 22:54:07.906048,30.0,Female,Marketing,EMEA,11,4.9,4,2.0,5,Customer service takes 4 days to reply. We are considering switching providers.
RESP-12048,2026-07-19 10:42:07.906048,,Male,Customer Support,North America,1,3.7,4,2.0,5,Billing is a nightmare. I was overcharged twice and customer support was completely unresponsive.
RESP-12049,2026-06-30 21:38:07.906048,46.0,Female,Engineering,EMEA,18,8.2,7,,2,"Features are acceptable, but pricing seems a bit high for small teams."
RESP-12050,2026-08-16 10:05:07.906048,29.0,Female,Sales,North America,10,6.5,8,5.0,2,The interface is standard. A few bugs here and there.
RESP-12051,2026-09-11 09:12:07.906048,43.0,Female,Sales,APAC,1,5.0,4,2.0,5,Terrible experience. Pricing increased without notice and the software is laggy.
RESP-12052,2026-07-31 16:07:07.906048,35.0,Non-Binary,Engineering,North America,9,7.7,7,4.0,2,"Features are acceptable, but pricing seems a bit high for small teams."
RESP-12053,2026-08-16 07:07:07.906048,34.0,Male,Product,North America,8,9.6,10,5.0,2,Our account manager is fantastic. Keep up the great work!
RESP-12054,2026-08-14 17:48:07.906048,38.0,Male,Marketing,EMEA,12,5.0,3,2.0,6,Customer service takes 4 days to reply. We are considering switching providers.
RESP-12055,2026-07-28 07:10:07.906048,32.0,Female,Customer Support,EMEA,4,2.6,3,2.0,5,Billing is a nightmare. I was overcharged twice and customer support was completely unresponsive.
RESP-12056,2026-08-15 06:45:07.906048,31.0,Female,Sales,EMEA,18,6.7,4,3.0,4,Customer service takes 4 days to reply. We are considering switching providers.
RESP-12057,2026-07-14 06:42:07.906048,18.0,Female,Sales,North America,29,5.8,4,3.0,6,The UI update makes navigation horrible. Features crash constantly on Chrome.
RESP-12058,2026-07-24 23:08:07.906048,33.0,Male,Customer Support,EMEA,24,4.4,5,1.0,6,Terrible experience. Pricing increased without notice and the software is laggy.
RESP-12059,2026-07-30 17:59:07.906048,31.0,Male,Customer Support,North America,40,6.5,5,3.0,4,Terrible experience. Pricing increased without notice and the software is laggy.
RESP-12060,2026-09-06 16:50:07.906048,30.0,Male,Engineering,LATAM,15,9.0,8,5.0,1,"Support is fine, but response times could be improved."
RESP-12061,2026-07-22 06:58:07.906048,40.0,Female,Customer Support,LATAM,18,2.2,3,2.0,6,Billing is a nightmare. I was overcharged twice and customer support was completely unresponsive.
RESP-12062,2026-08-17 02:28:07.906048,42.0,Non-Binary,Marketing,EMEA,40,5.5,5,4.0,4,The UI update makes navigation horrible. Features crash constantly on Chrome.
RESP-12063,2026-07-10 03:32:07.906048,38.0,Female,Sales,North America,14,9.5,10,5.0,2,Customer support was very responsive and resolved my billing issue in 10 minutes. More details at https://internal-feedback-563.org/details.
RESP-12064,2026-07-13 16:08:07.906048,45.0,Non-Binary,Engineering,APAC,30,8.6,9,5.0,2,Customer support was very responsive and resolved my billing issue in 10 minutes.
RESP-12065,2026-08-18 07:11:07.906048,41.0,Female,Marketing,North America,14,7.5,8,3.0,4,"Average experience overall. Does what it promises, nothing more, nothing less."
RESP-12066,2026-08-28 13:10:07.906048,33.0,Male,Engineering,EMEA,13,9.5,10,4.0,3,The software platform is exceptionally intuitive and saves our team hours.
RESP-12067,2026-08-01 12:45:07.906048,31.0,Female,Sales,North America,35,6.0,6,4.0,4,Customer service takes 4 days to reply. We are considering switching providers.
RESP-12068,2026-07-21 02:23:07.906048,39.0,Female,Engineering,LATAM,5,8.9,10,5.0,2,The software platform is exceptionally intuitive and saves our team hours.
RESP-12069,2026-09-10 20:46:07.906048,41.0,Male,Sales,North America,10,7.1,8,4.0,3,"Support is fine, but response times could be improved."
RESP-12070,2026-07-03 03:55:07.906048,49.0,Female,Marketing,EMEA,7,7.3,7,3.0,4,The interface is standard. A few bugs here and there.
RESP-12071,2026-08-24 19:19:07.906048,47.0,Female,Customer Support,APAC,11,5.0,7,4.0,3,"Support is fine, but response times could be improved. Contact me at user571@example.com if you want more details."
RESP-12072,2026-08-22 01:21:07.906048,30.0,Male,Engineering,EMEA,7,8.0,8,5.0,2,"Average experience overall. Does what it promises, nothing more, nothing less."
RESP-12073,2026-08-22 01:30:07.906048,34.0,Male,Product,North America,21,6.4,6,5.0,1,The UI update makes navigation horrible. Features crash constantly on Chrome.
RESP-12074,2026-09-13 03:05:07.906048,42.0,Male,Product,LATAM,39,7.3,8,4.0,3,The interface is standard. A few bugs here and there. You can reach my direct desk at +1-555-01574 to discuss.
RESP-12075,2026-08-25 11:28:07.906048,46.0,Female,Product,EMEA,38,5.5,7,3.0,4,"The application works fine, but performance slows down occasionally during peak hours."
RESP-12076,2026-07-18 01:57:07.906048,45.0,Male,Engineering,EMEA,11,6.5,7,4.0,3,"Average experience overall. Does what it promises, nothing more, nothing less."
RESP-12077,2026-07-22 17:56:07.906048,35.0,Male,Sales,North America,108,5.6,8,4.0,2,"Support is fine, but response times could be improved."
RESP-12078,2026-07-26 03:22:07.906048,23.0,Female,Product,EMEA,22,5.9,8,5.0,2,The interface is standard. A few bugs here and there.
RESP-12079,2026-06-23 17:07:07.906048,26.0,Male,Marketing,EMEA,13,5.7,6,4.0,3,Terrible experience. Pricing increased without notice and the software is laggy.
RESP-12080,2026-09-11 03:45:07.906048,38.0,Female,Engineering,North America,44,7.5,6,3.0,5,The UI update makes navigation horrible. Features crash constantly on Chrome.
RESP-12081,2026-06-27 13:27:07.906048,39.0,Female,Engineering,North America,32,8.3,8,4.0,3,"Support is fine, but response times could be improved."
RESP-12082,2026-08-22 22:08:07.906048,25.0,Female,Sales,APAC,34,7.4,8,5.0,1,"Average experience overall. Does what it promises, nothing more, nothing less."
RESP-12083,2026-08-25 15:43:07.906048,36.0,Female,Product,North America,6,6.6,8,4.0,3,"Support is fine, but response times could be improved."
RESP-12084,2026-09-04 21:00:07.906048,42.0,Male,Customer Support,North America,16,7.5,8,3.0,4,The interface is standard. A few bugs here and there.
RESP-12085,2026-08-09 17:50:07.906048,24.0,Male,Sales,EMEA,48,7.4,8,3.0,3,"Average experience overall. Does what it promises, nothing more, nothing less."
RESP-12086,2026-08-25 05:09:07.906048,47.0,Non-Binary,Engineering,APAC,17,8.5,9,4.0,3,Our account manager is fantastic. Keep up the great work!
RESP-12087,2026-07-18 04:27:07.906048,,Male,Customer Support,North America,28,5.7,7,,4,"Features are acceptable, but pricing seems a bit high for small teams."
RESP-12088,2026-08-27 01:02:07.906048,48.0,Female,Marketing,EMEA,22,7.0,6,4.0,4,Constant downtime and sync errors. Frustrating and unhelpful.
RESP-12089,2026-07-21 20:21:07.906048,30.0,Male,Sales,North America,45,7.8,10,4.0,4,Customer support was very responsive and resolved my billing issue in 10 minutes.
RESP-12090,2026-09-10 04:42:07.906048,25.0,Male,Marketing,North America,9,8.3,5,4.0,3,The UI update makes navigation horrible. Features crash constantly on Chrome.
RESP-12091,2026-07-05 15:29:07.906048,31.0,Female,Product,North America,21,9.3,10,4.0,3,Customer support was very responsive and resolved my billing issue in 10 minutes.
RESP-12092,2026-07-19 08:37:07.906048,35.0,Male,Engineering,APAC,4,7.8,8,5.0,1,The interface is standard. A few bugs here and there.
RESP-12093,2026-08-04 19:55:07.906048,32.0,Non-Binary,Customer Support,North America,29,6.3,8,5.0,3,"Average experience overall. Does what it promises, nothing more, nothing less."
RESP-12094,2026-08-29 18:25:07.906048,33.0,Male,Sales,North America,32,8.0,9,5.0,2,Customer support was very responsive and resolved my billing issue in 10 minutes.
RESP-12095,2026-08-27 07:59:07.906048,39.0,Male,Marketing,EMEA,2,5.6,6,2.0,7,Constant downtime and sync errors. Frustrating and unhelpful.
RESP-12096,2026-07-09 21:43:07.906048,34.0,Female,Customer Support,APAC,28,5.0,6,3.0,5,Constant downtime and sync errors. Frustrating and unhelpful.
RESP-12097,2026-07-03 22:07:07.906048,35.0,Female,Customer Support,North America,13,5.5,7,4.0,4,"The application works fine, but performance slows down occasionally during peak hours. You can reach my direct desk at +1-555-01597 to discuss."
RESP-12098,2026-07-18 07:09:07.906048,18.0,Female,Marketing,EMEA,4,7.8,7,3.0,4,The interface is standard. A few bugs here and there.
RESP-12099,2026-08-03 11:29:07.906048,39.0,Male,Sales,North America,14,7.4,9,5.0,1,The software platform is exceptionally intuitive and saves our team hours.
RESP-12100,2026-08-08 10:50:07.906048,35.0,Male,Product,EMEA,6,7.0,5,2.0,6,Customer service takes 4 days to reply. We are considering switching providers.
RESP-12101,2026-07-29 13:31:07.906048,52.0,Prefer not to say,Customer Support,EMEA,13,3.2,3,2.0,6,Terrible experience. Pricing increased without notice and the software is laggy.
RESP-12102,2026-08-19 14:51:07.906048,26.0,Female,Engineering,EMEA,12,8.1,9,4.0,5,Our account manager is fantastic. Keep up the great work!
RESP-12103,2026-07-29 10:06:07.906048,18.0,Female,Customer Support,North America,33,4.1,6,3.0,4,Customer service takes 4 days to reply. We are considering switching providers.
RESP-12104,2026-09-14 02:39:07.906048,42.0,Male,Marketing,North America,36,4.3,5,4.0,4,Customer service takes 4 days to reply. We are considering switching providers.
RESP-12105,2026-07-14 10:16:07.906048,39.0,Male,Sales,North America,23,4.1,4,2.0,4,Constant downtime and sync errors. Frustrating and unhelpful. You can reach my direct desk at +1-555-01605 to discuss.
RESP-12106,2026-08-16 09:42:07.906048,25.0,Female,Product,North America,1,7.8,9,5.0,2,Great UI and clean design. Very satisfied with recent feature releases.
RESP-12107,2026-08-14 23:09:07.906048,20.0,Male,Product,North America,65,9.3,8,4.0,3,"Average experience overall. Does what it promises, nothing more, nothing less."
RESP-12108,2026-07-16 06:47:07.906048,51.0,Male,Sales,APAC,28,6.1,9,5.0,3,The software platform is exceptionally intuitive and saves our team hours.
RESP-12109,2026-07-27 23:49:07.906048,50.0,Male,Product,LATAM,1,7.6,7,4.0,4,The interface is standard. A few bugs here and there.
RESP-12110,2026-07-23 20:00:07.906048,18.0,Male,Engineering,LATAM,42,9.5,7,4.0,4,"Average experience overall. Does what it promises, nothing more, nothing less. Contact me at user610@example.com if you want more details."
RESP-12111,2026-07-06 11:10:07.906048,31.0,Female,Engineering,APAC,6,5.4,4,3.0,5,Constant downtime and sync errors. Frustrating and unhelpful.
RESP-12112,2026-08-02 21:32:07.906048,52.0,Non-Binary,Engineering,EMEA,21,8.5,9,5.0,3,Our account manager is fantastic. Keep up the great work! You can reach my direct desk at +1-555-01612 to discuss.
RESP-12113,2026-07-25 17:46:07.906048,31.0,Male,Product,APAC,16,7.3,8,4.0,4,"Features are acceptable, but pricing seems a bit high for small teams."
RESP-12114,2026-07-06 23:44:07.906048,31.0,Female,Customer Support,North America,14,6.3,9,5.0,2,The software platform is exceptionally intuitive and saves our team hours.
RESP-12115,2026-07-31 10:19:07.906048,33.0,Female,Engineering,EMEA,53,7.0,5,2.0,5,Constant downtime and sync errors. Frustrating and unhelpful.
RESP-12116,2026-07-28 21:45:07.906048,24.0,Male,Sales,EMEA,14,4.8,5,3.0,5,Constant downtime and sync errors. Frustrating and unhelpful.
RESP-12117,2026-07-02 18:19:07.906048,18.0,Female,Customer Support,EMEA,2,5.7,4,3.0,3,Terrible experience. Pricing increased without notice and the software is laggy.
RESP-12118,2026-07-02 17:56:07.906048,46.0,Female,Engineering,APAC,71,10.0,9,5.0,3,"Fast performance, excellent reliability, and helpful documentation."
RESP-12119,2026-08-18 05:11:07.906048,18.0,Male,Product,North America,61,8.6,10,5.0,2,"Fast performance, excellent reliability, and helpful documentation."
RESP-12120,2026-08-23 12:47:07.906048,38.0,Female,Marketing,North America,28,5.7,4,2.0,6,Constant downtime and sync errors. Frustrating and unhelpful.
RESP-12121,2026-09-13 15:31:07.906048,44.0,Male,Customer Support,LATAM,16,3.5,4,3.0,5,Terrible experience. Pricing increased without notice and the software is laggy.
RESP-12122,2026-06-28 18:30:07.906048,21.0,Female,Product,North America,3,4.8,5,3.0,5,Customer service takes 4 days to reply. We are considering switching providers.
RESP-12123,2026-07-01 13:09:07.906048,26.0,Male,Sales,EMEA,38,8.0,8,4.0,3,"Features are acceptable, but pricing seems a bit high for small teams."
RESP-12124,2026-06-25 14:30:07.906048,48.0,Female,Product,LATAM,2,5.9,7,4.0,3,"Support is fine, but response times could be improved."
RESP-12125,2026-08-07 20:11:07.906048,41.0,Female,Customer Support,EMEA,2,5.0,3,2.0,6,Billing is a nightmare. I was overcharged twice and customer support was completely unresponsive.
RESP-12126,2026-08-15 23:42:07.906048,29.0,Female,Customer Support,EMEA,19,7.5,10,5.0,3,"Fast performance, excellent reliability, and helpful documentation."
RESP-12127,2026-07-27 06:11:07.906048,48.0,Male,Engineering,North America,5,5.3,8,4.0,4,"Average experience overall. Does what it promises, nothing more, nothing less."
RESP-12128,2026-08-31 18:03:07.906048,48.0,Male,Product,North America,1,9.5,10,5.0,2,
RESP-12129,2026-08-21 17:51:07.906048,38.0,Female,Sales,APAC,14,5.6,9,5.0,2,Great UI and clean design. Very satisfied with recent feature releases.
RESP-12130,2026-09-17 15:59:07.906048,26.0,Male,Engineering,EMEA,4,6.0,5,4.0,3,Constant downtime and sync errors. Frustrating and unhelpful.
RESP-12131,2026-07-03 08:26:07.906048,31.0,Male,Engineering,EMEA,5,7.3,8,4.0,3,"The application works fine, but performance slows down occasionally during peak hours."
RESP-12132,2026-06-26 04:32:07.906048,38.0,Non-Binary,Customer Support,North America,2,4.4,7,4.0,4,"The application works fine, but performance slows down occasionally during peak hours."
RESP-12133,2026-07-15 16:09:07.906048,34.0,Female,Customer Support,North America,6,6.2,6,3.0,5,The UI update makes navigation horrible. Features crash constantly on Chrome.
RESP-12134,2026-06-22 15:43:07.906048,45.0,Male,Marketing,LATAM,31,5.5,3,1.0,7,Constant downtime and sync errors. Frustrating and unhelpful.
RESP-12135,2026-09-12 21:01:07.906048,20.0,Female,Product,North America,40,4.4,2,1.0,6,Billing is a nightmare. I was overcharged twice and customer support was completely unresponsive.
RESP-12136,2026-07-18 07:07:07.906048,21.0,Female,Engineering,EMEA,15,7.4,10,5.0,3,Great UI and clean design. Very satisfied with recent feature releases. Contact me at user636@example.com if you want more details.
RESP-12137,2026-08-09 15:49:07.906048,37.0,Non-Binary,Marketing,North America,17,4.5,4,2.0,6,Customer service takes 4 days to reply. We are considering switching providers.
RESP-12138,2026-07-19 13:36:07.906048,31.0,Male,Engineering,EMEA,1,8.0,8,3.0,5,"Support is fine, but response times could be improved."
RESP-12139,2026-07-13 01:31:07.906048,29.0,Female,Product,LATAM,2,5.5,4,3.0,5,Constant downtime and sync errors. Frustrating and unhelpful.
RESP-12140,2026-07-04 15:41:07.906048,18.0,Female,Marketing,EMEA,8,5.8,7,3.0,4,The interface is standard. A few bugs here and there. You can reach my direct desk at +1-555-01640 to discuss.
RESP-12141,2026-07-19 18:34:07.906048,36.0,Male,Customer Support,North America,19,5.8,5,3.0,4,Customer service takes 4 days to reply. We are considering switching providers.
RESP-12142,2026-08-15 07:53:07.906048,35.0,Male,Marketing,EMEA,33,6.2,5,4.0,4,The UI update makes navigation horrible. Features crash constantly on Chrome.
RESP-12143,2026-09-16 09:17:07.906048,42.0,Female,Sales,APAC,23,6.4,7,4.0,3,The interface is standard. A few bugs here and there.
RESP-12144,2026-08-10 04:03:07.906048,36.0,Non-Binary,Sales,EMEA,12,7.0,5,4.0,4,Billing is a nightmare. I was overcharged twice and customer support was completely unresponsive.
RESP-12145,2026-08-07 21:14:07.906048,34.0,Female,Marketing,APAC,4,4.8,5,3.0,4,
RESP-12146,2026-06-24 02:45:07.906048,47.0,Female,Sales,EMEA,37,5.9,8,4.0,2,"Average experience overall. Does what it promises, nothing more, nothing less."
RESP-12147,2026-09-04 13:11:07.906048,22.0,Male,Sales,APAC,11,1.0,2,1.0,7,Billing is a nightmare. I was overcharged twice and customer support was completely unresponsive.
RESP-12148,2026-06-24 23:26:07.906048,41.0,Female,Sales,EMEA,32,6.4,7,3.0,4,"The application works fine, but performance slows down occasionally during peak hours."
RESP-12149,2026-09-10 12:02:07.906048,19.0,Female,Marketing,North America,18,6.0,6,3.0,4,Billing is a nightmare. I was overcharged twice and customer support was completely unresponsive.
RESP-12150,2026-08-08 10:06:07.906048,27.0,Male,Sales,North America,33,4.5,4,2.0,5,Customer service takes 4 days to reply. We are considering switching providers.
RESP-12151,2026-07-06 02:28:07.906048,23.0,Male,Engineering,North America,58,8.2,10,5.0,1,"Fast performance, excellent reliability, and helpful documentation."
RESP-12152,2026-07-31 14:16:07.906048,43.0,Female,Marketing,LATAM,61,8.3,7,2.0,5,"Average experience overall. Does what it promises, nothing more, nothing less."
RESP-12153,2026-09-18 11:44:07.906048,35.0,Non-Binary,Marketing,APAC,19,5.8,6,,3,Billing is a nightmare. I was overcharged twice and customer support was completely unresponsive.
RESP-12154,2026-07-18 09:33:07.906048,35.0,Male,Engineering,EMEA,18,6.3,6,4.0,4,Constant downtime and sync errors. Frustrating and unhelpful.
RESP-12155,2026-07-15 04:36:07.906048,24.0,Female,Engineering,North America,8,7.9,9,5.0,3,Our account manager is fantastic. Keep up the great work!
RESP-12156,2026-07-01 13:28:07.906048,,Male,Engineering,North America,66,5.7,7,3.0,4,"Features are acceptable, but pricing seems a bit high for small teams."
RESP-12157,2026-08-13 16:24:07.906048,28.0,Female,Sales,APAC,15,5.0,5,2.0,7,Terrible experience. Pricing increased without notice and the software is laggy.
RESP-12158,2026-06-28 23:18:07.906048,39.0,Female,Sales,EMEA,4,7.8,8,4.0,4,"Average experience overall. Does what it promises, nothing more, nothing less."
RESP-12159,2026-08-28 21:09:07.906048,26.0,Male,Marketing,North America,14,6.6,7,4.0,2,"Support is fine, but response times could be improved."
RESP-12160,2026-09-11 16:06:07.906048,49.0,Non-Binary,Customer Support,EMEA,4,2.7,0,1.0,7,Terrible experience. Pricing increased without notice and the software is laggy.
RESP-12161,2026-09-12 19:25:07.906048,19.0,Female,Customer Support,North America,17,2.8,0,1.0,6,Constant downtime and sync errors. Frustrating and unhelpful.
RESP-12162,2026-06-30 15:40:07.906048,27.0,Female,Sales,North America,20,6.2,5,4.0,2,Billing is a nightmare. I was overcharged twice and customer support was completely unresponsive.
RESP-12163,2026-08-10 04:25:07.906048,52.0,Male,Marketing,EMEA,10,7.8,7,5.0,2,"Features are acceptable, but pricing seems a bit high for small teams."
RESP-12164,2026-06-29 16:20:07.906048,31.0,Female,Sales,North America,2,3.6,2,2.0,5,Constant downtime and sync errors. Frustrating and unhelpful.
RESP-12165,2026-08-11 10:08:07.906048,22.0,Female,Product,LATAM,69,8.0,9,5.0,2,Our account manager is fantastic. Keep up the great work!
RESP-12166,2026-09-02 06:56:07.906048,38.0,Female,Customer Support,North America,36,7.5,8,3.0,5,The interface is standard. A few bugs here and there.
RESP-12167,2026-08-08 08:12:07.906048,31.0,Male,Engineering,North America,44,10.0,10,5.0,3,"Fast performance, excellent reliability, and helpful documentation."
RESP-12168,2026-09-07 10:13:07.906048,27.0,Female,Customer Support,North America,11,6.0,4,3.0,4,Constant downtime and sync errors. Frustrating and unhelpful.
RESP-12169,2026-09-01 02:11:07.906048,25.0,Female,Sales,APAC,35,6.8,7,4.0,3,"Average experience overall. Does what it promises, nothing more, nothing less."
RESP-12170,2026-07-15 19:55:07.906048,63.0,Male,Customer Support,EMEA,16,2.3,0,1.0,5,Customer service takes 4 days to reply. We are considering switching providers.
RESP-12171,2026-08-16 15:36:07.906048,33.0,Male,Engineering,EMEA,6,10.0,10,,1,Our account manager is fantastic. Keep up the great work!
RESP-12172,2026-06-21 14:35:07.906048,18.0,Male,Engineering,North America,4,6.8,7,3.0,5,"Support is fine, but response times could be improved."
RESP-12173,2026-07-26 14:02:07.906048,50.0,Female,Product,North America,11,5.9,6,3.0,4,Billing is a nightmare. I was overcharged twice and customer support was completely unresponsive.
RESP-12174,2026-07-12 08:34:07.906048,42.0,Male,Engineering,EMEA,4,7.3,5,3.0,5,The UI update makes navigation horrible. Features crash constantly on Chrome.
RESP-12175,2026-09-13 06:45:07.906048,28.0,Female,Marketing,APAC,120,8.8,9,3.0,3,Customer support was very responsive and resolved my billing issue in 10 minutes.
RESP-12176,2026-07-27 10:13:07.906048,26.0,Female,Sales,APAC,2,9.3,8,4.0,4,"Support is fine, but response times could be improved."
RESP-12177,2026-08-18 19:21:07.906048,,Male,Customer Support,North America,14,5.7,4,3.0,5,Constant downtime and sync errors. Frustrating and unhelpful.
RESP-12178,2026-08-25 19:39:07.906048,33.0,Female,Customer Support,EMEA,15,7.0,8,4.0,4,"Features are acceptable, but pricing seems a bit high for small teams."
RESP-12179,2026-08-29 12:43:07.906048,18.0,Female,Customer Support,LATAM,9,5.6,9,4.0,4,The software platform is exceptionally intuitive and saves our team hours.
RESP-12180,2026-08-26 03:51:07.906048,53.0,Female,Sales,North America,21,4.4,4,2.0,6,Terrible experience. Pricing increased without notice and the software is laggy. You can reach my direct desk at +1-555-01680 to discuss.
RESP-12181,2026-07-16 23:10:07.906048,31.0,Female,Engineering,APAC,4,9.9,9,4.0,4,"Fast performance, excellent reliability, and helpful documentation."
RESP-12182,2026-08-21 16:29:07.906048,50.0,Female,Engineering,North America,37,6.8,7,4.0,3,"Average experience overall. Does what it promises, nothing more, nothing less."
RESP-12183,2026-08-09 08:26:07.906048,48.0,Prefer not to say,Sales,LATAM,10,8.3,10,5.0,1,Great UI and clean design. Very satisfied with recent feature releases.
RESP-12184,2026-08-13 16:54:07.906048,25.0,Female,Customer Support,APAC,22,7.4,8,3.0,5,"Average experience overall. Does what it promises, nothing more, nothing less."
RESP-12185,2026-06-21 00:20:07.906048,46.0,Female,Product,LATAM,31,8.2,10,5.0,1,Customer support was very responsive and resolved my billing issue in 10 minutes.
RESP-12186,2026-07-14 04:25:07.906048,29.0,Female,Product,EMEA,53,10.0,9,4.0,4,Customer support was very responsive and resolved my billing issue in 10 minutes.
RESP-12187,2026-09-12 16:51:07.906048,18.0,Male,Marketing,North America,44,9.8,10,5.0,2,Customer support was very responsive and resolved my billing issue in 10 minutes.
RESP-12188,2026-07-17 01:08:07.906048,31.0,Male,Marketing,LATAM,23,6.2,9,4.0,5,Customer support was very responsive and resolved my billing issue in 10 minutes.
RESP-12189,2026-07-30 08:41:07.906048,39.0,Female,Customer Support,North America,12,4.3,7,3.0,4,"Features are acceptable, but pricing seems a bit high for small teams."
RESP-12190,2026-07-07 17:47:07.906048,31.0,Male,Sales,North America,17,3.2,0,1.0,7,Billing is a nightmare. I was overcharged twice and customer support was completely unresponsive.
RESP-12191,2026-07-03 09:57:07.906048,32.0,Female,Product,APAC,36,10.0,10,5.0,2,The software platform is exceptionally intuitive and saves our team hours.
RESP-12192,2026-07-09 17:18:07.906048,47.0,Female,Customer Support,APAC,51,4.8,7,2.0,5,"Support is fine, but response times could be improved."
RESP-12193,2026-08-09 18:27:07.906048,37.0,Female,Customer Support,LATAM,3,7.2,10,4.0,3,Our account manager is fantastic. Keep up the great work!
RESP-12194,2026-09-11 15:41:07.906048,27.0,Female,Engineering,North America,12,6.6,8,5.0,3,"Support is fine, but response times could be improved."
RESP-12195,2026-07-20 07:10:07.906048,43.0,Female,Sales,APAC,36,8.3,8,4.0,3,"Features are acceptable, but pricing seems a bit high for small teams."
RESP-12196,2026-07-20 01:08:07.906048,37.0,Male,Sales,APAC,14,4.9,3,3.0,4,Constant downtime and sync errors. Frustrating and unhelpful.
RESP-12197,2026-08-10 17:07:07.906048,18.0,Female,Product,North America,10,5.5,9,4.0,3,"Fast performance, excellent reliability, and helpful documentation."
RESP-12198,2026-07-23 01:08:07.906048,40.0,Male,Customer Support,North America,13,5.2,6,3.0,4,Constant downtime and sync errors. Frustrating and unhelpful.
RESP-12199,2026-09-10 21:04:07.906048,39.0,Female,Sales,North America,23,5.2,4,3.0,4,The UI update makes navigation horrible. Features crash constantly on Chrome.
RESP-12200,2026-07-24 22:44:07.906048,36.0,Female,Product,North America,120,8.2,8,5.0,2,"Average experience overall. Does what it promises, nothing more, nothing less."
RESP-12201,2026-08-04 01:56:07.906048,44.0,Female,Engineering,LATAM,17,7.6,8,4.0,3,"Support is fine, but response times could be improved."
RESP-12202,2026-08-07 22:42:07.906048,29.0,Male,Sales,EMEA,6,6.9,8,5.0,2,"The application works fine, but performance slows down occasionally during peak hours."
RESP-12203,2026-08-30 07:50:07.906048,39.0,Female,Engineering,APAC,5,7.3,6,5.0,2,Customer service takes 4 days to reply. We are considering switching providers.
RESP-12204,2026-08-10 16:37:07.906048,20.0,Male,Marketing,LATAM,2,5.5,5,2.0,6,The UI update makes navigation horrible. Features crash constantly on Chrome.
RESP-12205,2026-07-12 11:09:07.906048,40.0,Female,Product,North America,20,6.4,4,3.0,5,Billing is a nightmare. I was overcharged twice and customer support was completely unresponsive.
RESP-12206,2026-07-02 02:23:07.906048,55.0,Female,Sales,APAC,19,9.1,10,4.0,3,"Fast performance, excellent reliability, and helpful documentation."
RESP-12207,2026-09-13 08:10:07.906048,26.0,Female,Product,EMEA,6,7.6,7,4.0,2,"The application works fine, but performance slows down occasionally during peak hours. You can reach my direct desk at +1-555-01707 to discuss."
RESP-12208,2026-09-01 01:57:07.906048,28.0,Female,Sales,APAC,29,3.0,4,3.0,4,Customer service takes 4 days to reply. We are considering switching providers.
RESP-12209,2026-06-23 00:11:07.906048,28.0,Female,Product,North America,33,6.5,9,5.0,2,Great UI and clean design. Very satisfied with recent feature releases.
RESP-12210,2026-09-02 21:05:07.906048,37.0,Female,Marketing,LATAM,8,6.6,7,5.0,2,"Features are acceptable, but pricing seems a bit high for small teams."
RESP-12211,2026-08-13 02:16:07.906048,25.0,Male,Marketing,North America,11,9.3,9,5.0,1,Great UI and clean design. Very satisfied with recent feature releases.
RESP-12212,2026-08-06 15:23:07.906048,40.0,Female,Engineering,North America,112,9.2,9,5.0,2,"Fast performance, excellent reliability, and helpful documentation."
RESP-12213,2026-06-22 00:59:07.906048,44.0,Male,Product,APAC,12,5.9,6,4.0,4,Terrible experience. Pricing increased without notice and the software is laggy.
RESP-12214,2026-08-30 05:14:07.906048,41.0,Female,Marketing,North America,35,10.0,10,5.0,1,"Fast performance, excellent reliability, and helpful documentation."
RESP-12215,2026-07-08 18:24:07.906048,18.0,Male,Sales,EMEA,15,6.0,6,3.0,5,Customer service takes 4 days to reply. We are considering switching providers.
RESP-12216,2026-08-25 11:01:07.906048,45.0,Male,Marketing,EMEA,38,8.4,8,5.0,1,"Features are acceptable, but pricing seems a bit high for small teams."
RESP-12217,2026-06-22 08:51:07.906048,45.0,Female,Sales,APAC,36,4.3,6,4.0,2,Customer service takes 4 days to reply. We are considering switching providers.
RESP-12218,2026-08-31 14:42:07.906048,44.0,Female,Product,North America,27,3.7,6,3.0,4,The UI update makes navigation horrible. Features crash constantly on Chrome.
RESP-12219,2026-06-23 00:20:07.906048,39.0,Male,Engineering,North America,47,5.6,4,3.0,5,Constant downtime and sync errors. Frustrating and unhelpful.
RESP-12220,2026-07-12 04:06:07.906048,38.0,Male,Marketing,North America,68,1.6,4,3.0,4,Billing is a nightmare. I was overcharged twice and customer support was completely unresponsive.
RESP-12221,2026-07-15 02:03:07.906048,46.0,Female,Customer Support,EMEA,21,8.7,9,3.0,5,Customer support was very responsive and resolved my billing issue in 10 minutes.
RESP-12222,2026-07-05 02:48:07.906048,55.0,Female,Engineering,North America,7,8.0,8,4.0,4,"Support is fine, but response times could be improved."
RESP-12223,2026-08-03 05:40:07.906048,26.0,Male,Engineering,North America,13,6.3,8,5.0,2,"Average experience overall. Does what it promises, nothing more, nothing less."
RESP-12224,2026-07-16 11:20:07.906048,46.0,Female,Engineering,North America,35,8.4,8,4.0,3,"The application works fine, but performance slows down occasionally during peak hours."
RESP-12225,2026-09-18 08:05:07.906048,35.0,Male,Sales,North America,26,6.3,8,5.0,2,"Support is fine, but response times could be improved."
RESP-12226,2026-08-12 03:18:07.906048,,Female,Sales,EMEA,5,6.9,6,4.0,3,Constant downtime and sync errors. Frustrating and unhelpful.
RESP-12227,2026-08-10 22:10:07.906048,20.0,Female,Customer Support,APAC,2,7.3,5,3.0,5,Terrible experience. Pricing increased without notice and the software is laggy.
RESP-12228,2026-07-10 19:39:07.906048,33.0,Male,Sales,North America,28,5.6,4,3.0,3,Terrible experience. Pricing increased without notice and the software is laggy.
RESP-12229,2026-07-27 17:21:07.906048,26.0,Male,Sales,EMEA,7,4.7,6,3.0,5,Constant downtime and sync errors. Frustrating and unhelpful. Contact me at user729@example.com if you want more details.
RESP-12230,2026-07-02 02:22:07.906048,31.0,Female,Marketing,EMEA,17,7.7,6,3.0,5,The UI update makes navigation horrible. Features crash constantly on Chrome. More details at https://internal-feedback-730.org/details.
RESP-12231,2026-08-28 13:38:07.906048,25.0,Female,Engineering,EMEA,33,8.9,10,5.0,3,"Fast performance, excellent reliability, and helpful documentation."
RESP-12232,2026-07-20 17:53:07.906048,31.0,Male,Product,APAC,20,7.5,9,4.0,3,The software platform is exceptionally intuitive and saves our team hours.
RESP-12233,2026-08-27 14:49:07.906048,31.0,Male,Product,EMEA,3,10.0,10,5.0,3,Great UI and clean design. Very satisfied with recent feature releases.
RESP-12234,2026-07-24 09:26:07.906048,36.0,Female,Customer Support,EMEA,5,4.8,5,2.0,5,Terrible experience. Pricing increased without notice and the software is laggy.
RESP-12235,2026-09-17 22:17:07.906048,19.0,Male,Customer Support,North America,6,4.2,5,2.0,7,Terrible experience. Pricing increased without notice and the software is laggy.
RESP-12236,2026-07-06 08:12:07.906048,21.0,Male,Product,EMEA,8,7.9,6,5.0,2,Customer service takes 4 days to reply. We are considering switching providers.
RESP-12237,2026-06-21 01:52:07.906048,39.0,Male,Engineering,EMEA,21,6.7,8,4.0,4,The interface is standard. A few bugs here and there.
RESP-12238,2026-08-13 11:24:07.906048,28.0,Male,Engineering,North America,17,8.4,9,4.0,3,Our account manager is fantastic. Keep up the great work!
RESP-12239,2026-09-14 16:57:07.906048,46.0,Female,Engineering,North America,6,6.5,7,5.0,1,The interface is standard. A few bugs here and there.
RESP-12240,2026-08-18 04:13:07.906048,38.0,Male,Marketing,LATAM,2,5.9,8,5.0,2,"Features are acceptable, but pricing seems a bit high for small teams."
RESP-12241,2026-06-28 15:44:07.906048,42.0,Male,Engineering,EMEA,5,10.0,9,5.0,3,Our account manager is fantastic. Keep up the great work!
RESP-12242,2026-08-08 14:01:07.906048,50.0,Female,Customer Support,EMEA,100,4.9,5,3.0,5,Customer service takes 4 days to reply. We are considering switching providers.
RESP-12243,2026-09-10 19:04:07.906048,32.0,Female,Product,LATAM,16,6.1,7,4.0,3,"Support is fine, but response times could be improved."
RESP-12244,2026-06-21 12:38:07.906048,30.0,Female,Product,APAC,49,9.1,8,4.0,5,"Support is fine, but response times could be improved."
RESP-12245,2026-07-05 23:06:07.906048,,Male,Customer Support,EMEA,46,3.9,4,3.0,5,The UI update makes navigation horrible. Features crash constantly on Chrome.
RESP-12246,2026-09-02 06:02:07.906048,41.0,Female,Engineering,APAC,18,6.7,7,3.0,3,"Features are acceptable, but pricing seems a bit high for small teams."
RESP-12247,2026-09-09 09:25:07.906048,34.0,Male,Marketing,APAC,30,7.4,7,4.0,3,The interface is standard. A few bugs here and there.
RESP-12248,2026-08-23 14:03:07.906048,49.0,Male,Customer Support,EMEA,6,6.9,9,5.0,3,The software platform is exceptionally intuitive and saves our team hours. More details at https://internal-feedback-748.org/details.
RESP-12249,2026-09-18 04:21:07.906048,33.0,Male,Engineering,EMEA,28,9.5,7,5.0,2,"Average experience overall. Does what it promises, nothing more, nothing less."
RESP-12250,2026-06-29 01:26:07.906048,36.0,Male,Engineering,North America,8,6.6,8,5.0,3,"Features are acceptable, but pricing seems a bit high for small teams."
RESP-12251,2026-08-09 01:14:07.906048,36.0,Non-Binary,Product,LATAM,43,8.2,9,4.0,1,Our account manager is fantastic. Keep up the great work!
RESP-12252,2026-08-21 14:10:07.906048,26.0,Female,Customer Support,EMEA,3,4.8,4,2.0,4,Terrible experience. Pricing increased without notice and the software is laggy.
RESP-12253,2026-08-23 04:17:07.906048,36.0,Male,Marketing,North America,36,5.6,4,2.0,5,Terrible experience. Pricing increased without notice and the software is laggy.
RESP-12254,2026-08-31 08:30:07.906048,49.0,Female,Product,APAC,3,9.1,6,4.0,3,Constant downtime and sync errors. Frustrating and unhelpful.
RESP-12255,2026-09-11 12:39:07.906048,40.0,Male,Customer Support,EMEA,52,4.7,4,3.0,3,Customer service takes 4 days to reply. We are considering switching providers.
RESP-12256,2026-07-23 11:43:07.906048,36.0,Female,Customer Support,North America,9,5.9,7,4.0,4,"The application works fine, but performance slows down occasionally during peak hours."
RESP-12257,2026-06-24 19:23:07.906048,34.0,Prefer not to say,Sales,EMEA,26,6.2,6,3.0,4,The UI update makes navigation horrible. Features crash constantly on Chrome.
RESP-12258,2026-07-23 13:27:07.906048,39.0,Male,Sales,EMEA,17,4.4,6,3.0,4,Billing is a nightmare. I was overcharged twice and customer support was completely unresponsive.
RESP-12259,2026-08-20 09:16:07.906048,,Male,Sales,APAC,11,7.4,6,4.0,3,Customer service takes 4 days to reply. We are considering switching providers.
RESP-12260,2026-07-10 03:38:07.906048,42.0,Female,Marketing,North America,25,7.3,8,4.0,2,"The application works fine, but performance slows down occasionally during peak hours."
RESP-12261,2026-09-01 20:07:07.906048,32.0,Female,Customer Support,APAC,71,2.5,1,1.0,7,Customer service takes 4 days to reply. We are considering switching providers.
RESP-12262,2026-07-10 17:16:07.906048,39.0,Male,Product,EMEA,2,7.7,6,2.0,7,Billing is a nightmare. I was overcharged twice and customer support was completely unresponsive.
RESP-12263,2026-06-21 20:19:07.906048,40.0,Female,Sales,North America,61,4.8,5,4.0,2,Constant downtime and sync errors. Frustrating and unhelpful.
RESP-12264,2026-08-05 16:02:07.906048,25.0,Male,Customer Support,LATAM,23,7.1,6,4.0,3,Billing is a nightmare. I was overcharged twice and customer support was completely unresponsive.
RESP-12265,2026-08-25 07:44:07.906048,37.0,Female,Customer Support,EMEA,40,3.3,1,2.0,5,Constant downtime and sync errors. Frustrating and unhelpful.
RESP-12266,2026-07-22 09:50:07.906048,18.0,Male,Customer Support,North America,12,5.0,5,4.0,2,Customer service takes 4 days to reply. We are considering switching providers.
RESP-12267,2026-08-27 08:11:07.906048,40.0,Female,Marketing,EMEA,16,7.0,7,3.0,5,"Average experience overall. Does what it promises, nothing more, nothing less."
RESP-12268,2026-07-30 09:32:07.906048,42.0,Male,Engineering,APAC,49,7.8,10,4.0,3,"Fast performance, excellent reliability, and helpful documentation."
RESP-12269,2026-07-06 09:29:07.906048,43.0,Male,Customer Support,North America,13,6.6,8,4.0,2,"Average experience overall. Does what it promises, nothing more, nothing less."
RESP-12270,2026-06-29 02:11:07.906048,32.0,Female,Engineering,North America,19,5.4,7,4.0,3,"Average experience overall. Does what it promises, nothing more, nothing less. More details at https://internal-feedback-770.org/details."
RESP-12271,2026-08-23 21:27:07.906048,39.0,Female,Sales,North America,1,8.5,10,4.0,4,Great UI and clean design. Very satisfied with recent feature releases.
RESP-12272,2026-07-25 15:43:07.906048,50.0,Female,Sales,North America,5,6.8,7,4.0,4,"Support is fine, but response times could be improved."
RESP-12273,2026-09-11 02:10:07.906048,50.0,Male,Customer Support,APAC,25,7.5,6,3.0,5,Constant downtime and sync errors. Frustrating and unhelpful.
RESP-12274,2026-08-08 13:32:07.906048,35.0,Male,Product,EMEA,31,8.6,9,4.0,4,Our account manager is fantastic. Keep up the great work!
RESP-12275,2026-07-22 07:11:07.906048,37.0,Male,Customer Support,North America,21,5.5,6,3.0,4,Constant downtime and sync errors. Frustrating and unhelpful.
RESP-12276,2026-07-22 08:24:07.906048,47.0,Male,Marketing,North America,4,4.6,7,2.0,6,The interface is standard. A few bugs here and there.
RESP-12277,2026-07-02 18:29:07.906048,20.0,Female,Customer Support,North America,15,4.7,6,3.0,4,Constant downtime and sync errors. Frustrating and unhelpful.
RESP-12278,2026-08-13 09:10:07.906048,32.0,Female,Customer Support,LATAM,11,7.9,10,5.0,3,Our account manager is fantastic. Keep up the great work!
RESP-12279,2026-08-12 08:03:07.906048,49.0,Female,Engineering,North America,17,9.8,8,5.0,2,"Features are acceptable, but pricing seems a bit high for small teams."
RESP-12280,2026-08-31 22:34:07.906048,45.0,Female,Sales,LATAM,50,5.1,5,3.0,6,The UI update makes navigation horrible. Features crash constantly on Chrome.
RESP-12281,2026-07-09 01:10:07.906048,39.0,Non-Binary,Sales,EMEA,36,1.8,2,2.0,5,Customer service takes 4 days to reply. We are considering switching providers.
RESP-12282,2026-07-17 02:41:07.906048,20.0,Male,Sales,North America,3,5.7,7,2.0,5,"Support is fine, but response times could be improved."
RESP-12283,2026-06-29 16:37:07.906048,35.0,Female,Engineering,APAC,54,7.3,7,3.0,6,"Features are acceptable, but pricing seems a bit high for small teams. You can reach my direct desk at +1-555-01783 to discuss."
RESP-12284,2026-07-17 12:31:07.906048,30.0,Male,Engineering,EMEA,16,7.3,7,4.0,3,"Features are acceptable, but pricing seems a bit high for small teams."
RESP-12285,2026-07-29 11:17:07.906048,39.0,Male,Sales,APAC,33,6.8,8,4.0,4,The interface is standard. A few bugs here and there.
RESP-12286,2026-09-15 16:53:07.906048,27.0,Female,Product,LATAM,4,8.6,7,,3,"Support is fine, but response times could be improved."
RESP-12287,2026-08-18 17:12:07.906048,25.0,Female,Sales,North America,27,7.5,10,4.0,3,"Fast performance, excellent reliability, and helpful documentation."
RESP-12288,2026-08-30 09:35:07.906048,18.0,Female,Sales,North America,7,6.7,5,4.0,3,Constant downtime and sync errors. Frustrating and unhelpful.
RESP-12289,2026-07-20 05:41:07.906048,48.0,Male,Engineering,APAC,14,5.0,2,1.0,7,Billing is a nightmare. I was overcharged twice and customer support was completely unresponsive.
RESP-12290,2026-07-03 22:43:07.906048,32.0,Non-Binary,Customer Support,North America,1,5.0,5,2.0,5,The UI update makes navigation horrible. Features crash constantly on Chrome.
RESP-12291,2026-07-14 01:05:07.906048,37.0,Male,Sales,North America,4,9.5,10,5.0,2,Our account manager is fantastic. Keep up the great work!
RESP-12292,2026-07-14 00:33:07.906048,35.0,Female,Engineering,North America,3,8.3,9,5.0,3,Customer support was very responsive and resolved my billing issue in 10 minutes.
RESP-12293,2026-08-12 10:06:07.906048,25.0,Female,Customer Support,North America,7,6.1,7,5.0,2,"Support is fine, but response times could be improved."
RESP-12294,2026-07-21 16:09:07.906048,23.0,Male,Engineering,APAC,3,8.2,8,5.0,2,"Average experience overall. Does what it promises, nothing more, nothing less."
RESP-12295,2026-09-06 02:33:07.906048,25.0,Male,Engineering,North America,29,8.3,8,5.0,2,"Support is fine, but response times could be improved."
RESP-12296,2026-09-17 21:50:07.906048,28.0,Male,Engineering,EMEA,1,4.1,2,1.0,7,Constant downtime and sync errors. Frustrating and unhelpful.
RESP-12297,2026-07-21 20:06:07.906048,39.0,Male,Engineering,EMEA,24,7.3,4,3.0,5,Constant downtime and sync errors. Frustrating and unhelpful.
RESP-12298,2026-08-23 09:30:07.906048,28.0,Female,Engineering,EMEA,4,7.6,8,4.0,3,"Features are acceptable, but pricing seems a bit high for small teams."
RESP-12299,2026-08-19 02:45:07.906048,53.0,Male,Sales,North America,70,7.9,10,5.0,2,Our account manager is fantastic. Keep up the great work!
RESP-12300,2026-07-08 10:37:07.906048,,Male,Marketing,APAC,65,6.6,7,5.0,1,"Support is fine, but response times could be improved."
RESP-12301,2026-09-11 13:28:07.906048,44.0,Female,Customer Support,North America,7,3.0,4,2.0,6,Billing is a nightmare. I was overcharged twice and customer support was completely unresponsive.
RESP-12302,2026-07-08 21:22:07.906048,34.0,Male,Customer Support,APAC,23,6.1,8,5.0,4,"Features are acceptable, but pricing seems a bit high for small teams."
RESP-12303,2026-08-26 06:24:07.906048,51.0,Female,Sales,APAC,1,4.8,5,2.0,6,Customer service takes 4 days to reply. We are considering switching providers.
RESP-12304,2026-07-22 05:25:07.906048,33.0,Female,Product,EMEA,65,5.5,5,3.0,6,Terrible experience. Pricing increased without notice and the software is laggy.
RESP-12305,2026-07-23 23:28:07.906048,35.0,Female,Sales,EMEA,18,4.7,3,2.0,5,Customer service takes 4 days to reply. We are considering switching providers.
RESP-12306,2026-07-31 22:21:07.906048,37.0,Female,Engineering,EMEA,2,8.5,10,4.0,5,The software platform is exceptionally intuitive and saves our team hours.
RESP-12307,2026-09-06 17:55:07.906048,43.0,Female,Customer Support,North America,11,7.4,8,5.0,3,The interface is standard. A few bugs here and there. Contact me at user807@example.com if you want more details.
RESP-12308,2026-07-03 13:31:07.906048,42.0,Female,Engineering,APAC,2,8.4,7,4.0,3,"Features are acceptable, but pricing seems a bit high for small teams."
RESP-12309,2026-06-25 20:27:07.906048,31.0,Male,Sales,APAC,12,6.9,5,3.0,3,Customer service takes 4 days to reply. We are considering switching providers.
RESP-12310,2026-07-27 02:59:07.906048,30.0,Female,Customer Support,North America,27,6.2,8,4.0,4,"Average experience overall. Does what it promises, nothing more, nothing less. Contact me at user810@example.com if you want more details."
RESP-12311,2026-06-25 22:38:07.906048,42.0,Female,Product,EMEA,16,7.5,6,3.0,4,Customer service takes 4 days to reply. We are considering switching providers.
RESP-12312,2026-08-21 19:48:07.906048,43.0,Female,Sales,LATAM,12,7.0,10,4.0,3,"Fast performance, excellent reliability, and helpful documentation."
RESP-12313,2026-08-28 08:53:07.906048,32.0,Male,Marketing,LATAM,4,2.9,0,1.0,6,Customer service takes 4 days to reply. We are considering switching providers.
RESP-12314,2026-09-05 20:45:07.906048,20.0,Female,Product,EMEA,7,7.5,10,5.0,1,"Fast performance, excellent reliability, and helpful documentation."
RESP-12315,2026-08-26 21:16:07.906048,33.0,Female,Engineering,EMEA,3,6.1,7,5.0,1,"The application works fine, but performance slows down occasionally during peak hours."
RESP-12316,2026-09-11 09:54:07.906048,42.0,Male,Sales,North America,40,7.7,8,5.0,1,"Average experience overall. Does what it promises, nothing more, nothing less."
RESP-12317,2026-08-27 06:54:07.906048,54.0,Male,Sales,LATAM,4,5.8,6,2.0,7,Billing is a nightmare. I was overcharged twice and customer support was completely unresponsive.
RESP-12318,2026-09-13 04:30:07.906048,24.0,Male,Sales,North America,22,6.0,9,4.0,3,Customer support was very responsive and resolved my billing issue in 10 minutes.
RESP-12319,2026-07-08 07:42:07.906048,31.0,Male,Sales,EMEA,11,3.7,5,2.0,5,
RESP-12320,2026-08-04 22:17:07.906048,32.0,Female,Product,North America,7,8.8,7,2.0,6,"The application works fine, but performance slows down occasionally during peak hours."
RESP-12321,2026-09-18 09:28:07.906048,49.0,Male,Marketing,North America,25,7.4,5,3.0,5,The UI update makes navigation horrible. Features crash constantly on Chrome.
RESP-12322,2026-08-21 06:47:07.906048,35.0,Female,Customer Support,EMEA,15,6.3,7,4.0,4,"Support is fine, but response times could be improved."
RESP-12323,2026-09-08 00:26:07.906048,26.0,Female,Sales,LATAM,13,4.8,5,3.0,4,Billing is a nightmare. I was overcharged twice and customer support was completely unresponsive.
RESP-12324,2026-06-23 16:14:07.906048,41.0,Female,Marketing,North America,22,5.3,3,3.0,4,Billing is a nightmare. I was overcharged twice and customer support was completely unresponsive.
RESP-12325,2026-09-07 09:34:07.906048,31.0,Male,Product,EMEA,17,7.6,8,4.0,3,"Average experience overall. Does what it promises, nothing more, nothing less."
RESP-12326,2026-08-22 17:38:07.906048,23.0,Female,Marketing,North America,9,5.5,5,3.0,5,Terrible experience. Pricing increased without notice and the software is laggy.
RESP-12327,2026-07-06 07:24:07.906048,27.0,Male,Engineering,North America,20,8.4,8,5.0,2,"Average experience overall. Does what it promises, nothing more, nothing less."
RESP-12328,2026-06-23 06:03:07.906048,,Male,Customer Support,EMEA,27,2.3,3,3.0,5,Billing is a nightmare. I was overcharged twice and customer support was completely unresponsive.
RESP-12329,2026-07-14 08:01:07.906048,39.0,Female,Engineering,EMEA,1,7.0,9,5.0,2,Our account manager is fantastic. Keep up the great work!
RESP-12330,2026-09-11 08:39:07.906048,37.0,Male,Sales,North America,16,8.7,10,5.0,3,Great UI and clean design. Very satisfied with recent feature releases.
RESP-12331,2026-08-20 01:45:07.906048,33.0,Male,Engineering,North America,2,8.4,7,4.0,3,"Features are acceptable, but pricing seems a bit high for small teams."
RESP-12332,2026-09-11 16:38:07.906048,38.0,Male,Customer Support,North America,5,5.8,6,3.0,5,Billing is a nightmare. I was overcharged twice and customer support was completely unresponsive.
RESP-12333,2026-07-31 02:16:07.906048,38.0,Female,Customer Support,North America,20,8.5,9,5.0,3,Customer support was very responsive and resolved my billing issue in 10 minutes.
RESP-12334,2026-09-13 05:41:07.906048,38.0,Male,Engineering,LATAM,49,4.2,2,1.0,7,The UI update makes navigation horrible. Features crash constantly on Chrome.
RESP-12335,2026-08-01 14:34:07.906048,37.0,Female,Sales,LATAM,52,4.8,5,3.0,5,Terrible experience. Pricing increased without notice and the software is laggy. More details at https://internal-feedback-835.org/details.
RESP-12336,2026-07-09 07:46:07.906048,44.0,Non-Binary,Sales,North America,2,5.4,8,5.0,2,The interface is standard. A few bugs here and there.
RESP-12337,2026-07-04 13:35:07.906048,36.0,Male,Sales,EMEA,14,7.3,7,5.0,2,"Average experience overall. Does what it promises, nothing more, nothing less. Contact me at user837@example.com if you want more details."
RESP-12338,2026-09-18 09:13:07.906048,26.0,Female,Engineering,LATAM,21,9.0,7,5.0,2,The interface is standard. A few bugs here and there.
RESP-12339,2026-07-20 23:43:07.906048,29.0,Male,Sales,North America,4,4.7,5,2.0,5,Customer service takes 4 days to reply. We are considering switching providers.
RESP-12340,2026-07-05 08:17:07.906048,18.0,Male,Marketing,APAC,35,8.0,6,2.0,6,The UI update makes navigation horrible. Features crash constantly on Chrome.
RESP-12341,2026-06-21 16:44:07.906048,56.0,Male,Engineering,LATAM,33,7.1,8,3.0,4,"The application works fine, but performance slows down occasionally during peak hours."
RESP-12342,2026-07-16 15:24:07.906048,44.0,Female,Engineering,North America,57,9.5,10,5.0,2,"Fast performance, excellent reliability, and helpful documentation. More details at https://internal-feedback-842.org/details."
RESP-12343,2026-09-08 23:04:07.906048,27.0,Female,Sales,North America,1,4.5,4,1.0,6,Billing is a nightmare. I was overcharged twice and customer support was completely unresponsive. You can reach my direct desk at +1-555-01843 to discuss.
RESP-12344,2026-08-08 00:02:07.906048,33.0,Non-Binary,Product,LATAM,6,7.1,7,3.0,5,The interface is standard. A few bugs here and there.
RESP-12345,2026-08-16 20:38:07.906048,29.0,Male,Customer Support,EMEA,43,4.8,4,4.0,3,The UI update makes navigation horrible. Features crash constantly on Chrome.
RESP-12346,2026-09-11 22:56:07.906048,51.0,Male,Customer Support,North America,27,7.1,7,4.0,3,"Features are acceptable, but pricing seems a bit high for small teams."
RESP-12347,2026-08-06 02:19:07.906048,21.0,Female,Sales,North America,54,5.2,4,2.0,5,Terrible experience. Pricing increased without notice and the software is laggy.
RESP-12348,2026-09-04 09:16:07.906048,37.0,Female,Customer Support,EMEA,2,5.4,3,2.0,6,Customer service takes 4 days to reply. We are considering switching providers.
RESP-12349,2026-07-20 02:03:07.906048,34.0,Male,Engineering,EMEA,22,8.5,10,5.0,1,The software platform is exceptionally intuitive and saves our team hours.
RESP-12350,2026-09-16 21:07:07.906048,44.0,Male,Customer Support,APAC,21,6.3,6,4.0,4,Terrible experience. Pricing increased without notice and the software is laggy.
RESP-12351,2026-06-28 00:49:07.906048,34.0,Female,Product,LATAM,1,8.6,9,4.0,5,Great UI and clean design. Very satisfied with recent feature releases.
RESP-12352,2026-08-25 04:12:07.906048,18.0,Male,Customer Support,North America,18,5.8,6,3.0,5,Customer service takes 4 days to reply. We are considering switching providers.
RESP-12353,2026-08-19 09:24:07.906048,,Male,Product,EMEA,23,6.7,7,3.0,4,The interface is standard. A few bugs here and there.
RESP-12354,2026-07-08 04:35:07.906048,26.0,Female,Marketing,EMEA,6,6.0,4,2.0,6,Customer service takes 4 days to reply. We are considering switching providers.
RESP-12355,2026-07-25 22:29:07.906048,36.0,Female,Engineering,EMEA,8,7.7,5,3.0,4,The UI update makes navigation horrible. Features crash constantly on Chrome.
RESP-12356,2026-07-19 02:17:07.906048,50.0,Female,Product,North America,25,7.7,7,4.0,4,"Features are acceptable, but pricing seems a bit high for small teams."
RESP-12357,2026-06-29 10:41:07.906048,18.0,Male,Engineering,LATAM,16,7.5,8,3.0,4,"Features are acceptable, but pricing seems a bit high for small teams."
RESP-12358,2026-08-12 13:43:07.906048,27.0,Female,Customer Support,APAC,47,5.5,4,3.0,5,Constant downtime and sync errors. Frustrating and unhelpful.
RESP-12359,2026-09-18 08:54:07.906048,30.0,Female,Engineering,EMEA,11,5.4,5,3.0,5,Constant downtime and sync errors. Frustrating and unhelpful.
RESP-12360,2026-08-10 07:17:07.906048,,Male,Engineering,EMEA,8,8.7,10,,2,Our account manager is fantastic. Keep up the great work!
RESP-12361,2026-08-09 00:20:07.906048,43.0,Female,Sales,North America,101,6.3,4,2.0,5,Terrible experience. Pricing increased without notice and the software is laggy.
RESP-12362,2026-06-24 13:39:07.906048,34.0,Female,Sales,EMEA,59,7.5,6,2.0,5,Constant downtime and sync errors. Frustrating and unhelpful.
RESP-12363,2026-07-03 11:17:07.906048,40.0,Female,Sales,EMEA,1,6.0,9,5.0,2,The software platform is exceptionally intuitive and saves our team hours.
RESP-12364,2026-08-06 03:08:07.906048,29.0,Male,Customer Support,EMEA,36,2.9,3,2.0,7,Constant downtime and sync errors. Frustrating and unhelpful.
RESP-12365,2026-09-17 14:34:07.906048,38.0,Male,Engineering,LATAM,3,7.2,6,3.0,4,The UI update makes navigation horrible. Features crash constantly on Chrome.
RESP-12366,2026-09-07 20:03:07.906048,43.0,Female,Engineering,EMEA,1,7.4,9,4.0,3,Our account manager is fantastic. Keep up the great work!
RESP-12367,2026-07-21 13:26:07.906048,28.0,Male,Customer Support,North America,8,6.6,7,4.0,4,The interface is standard. A few bugs here and there.
RESP-12368,2026-08-08 19:28:07.906048,43.0,Male,Sales,APAC,8,2.9,2,3.0,4,Billing is a nightmare. I was overcharged twice and customer support was completely unresponsive.
RESP-12369,2026-08-09 16:25:07.906048,36.0,Female,Marketing,North America,42,6.6,7,3.0,5,The interface is standard. A few bugs here and there.
RESP-12370,2026-08-21 14:57:07.906048,46.0,Female,Customer Support,North America,30,6.3,5,2.0,5,The UI update makes navigation horrible. Features crash constantly on Chrome.
RESP-12371,2026-08-21 20:11:07.906048,33.0,Female,Marketing,North America,96,5.5,4,3.0,4,Customer service takes 4 days to reply. We are considering switching providers.
RESP-12372,2026-08-31 00:32:07.906048,39.0,Female,Customer Support,EMEA,30,5.6,5,3.0,5,The UI update makes navigation horrible. Features crash constantly on Chrome.
RESP-12373,2026-06-23 04:31:07.906048,35.0,Male,Sales,APAC,14,5.1,4,1.0,6,Terrible experience. Pricing increased without notice and the software is laggy.
RESP-12374,2026-09-13 20:55:07.906048,35.0,Male,Customer Support,EMEA,29,4.4,4,3.0,6,Terrible experience. Pricing increased without notice and the software is laggy.
RESP-12375,2026-06-27 05:55:07.906048,38.0,Female,Sales,APAC,120,5.4,6,5.0,2,Constant downtime and sync errors. Frustrating and unhelpful.
RESP-12376,2026-08-02 19:05:07.906048,41.0,Female,Sales,EMEA,30,4.9,6,2.0,7,Billing is a nightmare. I was overcharged twice and customer support was completely unresponsive.
RESP-12377,2026-09-11 16:52:07.906048,23.0,Female,Marketing,North America,35,7.5,9,4.0,4,Customer support was very responsive and resolved my billing issue in 10 minutes.
RESP-12378,2026-08-03 19:56:07.906048,50.0,Male,Sales,APAC,67,4.9,4,1.0,6,Billing is a nightmare. I was overcharged twice and customer support was completely unresponsive.
RESP-12379,2026-06-26 16:02:07.906048,18.0,Female,Marketing,North America,3,5.1,6,3.0,5,Customer service takes 4 days to reply. We are considering switching providers.
RESP-12380,2026-07-11 13:44:07.906048,29.0,Male,Marketing,North America,30,9.2,10,5.0,3,The software platform is exceptionally intuitive and saves our team hours.
RESP-12381,2026-08-12 00:30:07.906048,35.0,Female,Product,EMEA,46,8.7,9,5.0,1,"Fast performance, excellent reliability, and helpful documentation."
RESP-12382,2026-06-28 20:21:07.906048,40.0,Male,Product,North America,75,4.5,4,4.0,4,
RESP-12383,2026-07-29 01:43:07.906048,51.0,Male,Sales,North America,6,4.9,3,3.0,3,Constant downtime and sync errors. Frustrating and unhelpful.
RESP-12384,2026-07-20 13:25:07.906048,18.0,Female,Sales,EMEA,17,6.4,7,5.0,2,"Features are acceptable, but pricing seems a bit high for small teams."
RESP-12385,2026-09-02 07:25:07.906048,30.0,Male,Customer Support,EMEA,28,6.0,3,3.0,5,Billing is a nightmare. I was overcharged twice and customer support was completely unresponsive. You can reach my direct desk at +1-555-01885 to discuss.
RESP-12386,2026-06-30 20:28:07.906048,18.0,Non-Binary,Sales,EMEA,7,3.8,3,2.0,5,Customer service takes 4 days to reply. We are considering switching providers.
RESP-12387,2026-08-21 09:25:07.906048,36.0,Female,Customer Support,LATAM,23,7.2,3,2.0,5,Billing is a nightmare. I was overcharged twice and customer support was completely unresponsive.
RESP-12388,2026-07-27 12:48:07.906048,,Male,Marketing,EMEA,8,7.7,6,3.0,5,Billing is a nightmare. I was overcharged twice and customer support was completely unresponsive.
RESP-12389,2026-08-12 20:07:07.906048,51.0,Female,Customer Support,APAC,10,6.2,5,3.0,5,Customer service takes 4 days to reply. We are considering switching providers.
RESP-12390,2026-07-09 10:31:07.906048,37.0,Male,Sales,North America,14,8.0,10,5.0,1,The software platform is exceptionally intuitive and saves our team hours.
RESP-12391,2026-08-14 19:32:07.906048,46.0,Female,Engineering,EMEA,19,8.4,9,5.0,2,Great UI and clean design. Very satisfied with recent feature releases.
RESP-12392,2026-08-20 14:22:07.906048,41.0,Non-Binary,Sales,APAC,15,6.7,6,4.0,2,Billing is a nightmare. I was overcharged twice and customer support was completely unresponsive.
RESP-12393,2026-06-27 06:17:07.906048,31.0,Male,Engineering,EMEA,17,10.0,10,5.0,2,The software platform is exceptionally intuitive and saves our team hours.
RESP-12394,2026-09-03 03:10:07.906048,21.0,Male,Product,APAC,9,9.0,10,4.0,2,Our account manager is fantastic. Keep up the great work! You can reach my direct desk at +1-555-01894 to discuss.
RESP-12395,2026-09-06 10:53:07.906048,38.0,Male,Sales,North America,5,4.7,4,2.0,5,Constant downtime and sync errors. Frustrating and unhelpful.
RESP-12396,2026-06-26 15:51:07.906048,21.0,Male,Engineering,North America,2,8.6,7,4.0,3,"Average experience overall. Does what it promises, nothing more, nothing less."
RESP-12397,2026-08-14 05:28:07.906048,48.0,Female,Engineering,EMEA,6,6.7,6,2.0,5,The UI update makes navigation horrible. Features crash constantly on Chrome.
RESP-12398,2026-08-13 09:38:07.906048,34.0,Male,Customer Support,North America,21,6.3,6,3.0,5,
RESP-12399,2026-06-22 01:29:07.906048,47.0,Non-Binary,Customer Support,APAC,38,6.2,4,4.0,3,Constant downtime and sync errors. Frustrating and unhelpful.
RESP-12400,2026-07-21 18:03:07.906048,31.0,Male,Sales,North America,5,3.9,4,3.0,4,Billing is a nightmare. I was overcharged twice and customer support was completely unresponsive.
RESP-12401,2026-09-16 03:27:07.906048,38.0,Male,Engineering,LATAM,3,7.5,8,4.0,3,The interface is standard. A few bugs here and there.
RESP-12402,2026-08-09 22:21:07.906048,38.0,Male,Sales,LATAM,34,6.4,7,4.0,2,
RESP-12403,2026-09-12 22:19:07.906048,35.0,Male,Sales,North America,9,5.3,6,3.0,4,Customer service takes 4 days to reply. We are considering switching providers.
RESP-12404,2026-08-20 17:58:07.906048,31.0,Female,Customer Support,North America,73,6.0,7,3.0,4,"Average experience overall. Does what it promises, nothing more, nothing less."
RESP-12405,2026-06-23 11:54:07.906048,39.0,Female,Customer Support,APAC,31,6.7,6,,5,Constant downtime and sync errors. Frustrating and unhelpful.
RESP-12406,2026-06-27 22:26:07.906048,26.0,Female,Sales,LATAM,10,6.0,6,4.0,4,Terrible experience. Pricing increased without notice and the software is laggy.
RESP-12407,2026-08-24 22:29:07.906048,23.0,Female,Engineering,EMEA,9,8.0,7,4.0,3,The interface is standard. A few bugs here and there.
RESP-12408,2026-08-09 20:26:07.906048,48.0,Male,Product,North America,18,9.4,9,5.0,1,"Fast performance, excellent reliability, and helpful documentation."
RESP-12409,2026-07-02 09:13:07.906048,43.0,Female,Sales,EMEA,2,6.7,9,5.0,4,Great UI and clean design. Very satisfied with recent feature releases.
RESP-12410,2026-08-15 04:57:07.906048,36.0,Female,Customer Support,EMEA,4,5.8,3,3.0,5,Terrible experience. Pricing increased without notice and the software is laggy.
RESP-12411,2026-09-01 20:48:07.906048,52.0,Prefer not to say,Engineering,North America,5,6.3,8,5.0,2,"Support is fine, but response times could be improved."
RESP-12412,2026-08-27 17:01:07.906048,33.0,Female,Sales,APAC,36,7.0,6,4.0,4,Customer service takes 4 days to reply. We are considering switching providers.
RESP-12413,2026-07-13 02:17:07.906048,49.0,Female,Engineering,North America,18,8.2,7,3.0,5,"Features are acceptable, but pricing seems a bit high for small teams."
RESP-12414,2026-07-14 04:17:07.906048,37.0,Female,Customer Support,North America,1,7.4,8,3.0,4,The interface is standard. A few bugs here and there.
RESP-12415,2026-09-16 01:06:07.906048,25.0,Female,Product,North America,27,7.4,5,3.0,3,Customer service takes 4 days to reply. We are considering switching providers.
RESP-12416,2026-09-08 19:22:07.906048,54.0,Male,Sales,North America,14,3.3,2,1.0,7,Terrible experience. Pricing increased without notice and the software is laggy.
RESP-12417,2026-07-19 14:11:07.906048,45.0,Male,Engineering,North America,18,5.1,4,2.0,6,Customer service takes 4 days to reply. We are considering switching providers.
RESP-12418,2026-09-03 02:32:07.906048,34.0,Male,Engineering,EMEA,6,8.8,8,5.0,2,"Support is fine, but response times could be improved. Contact me at user118@example.com if you want more details."
RESP-12419,2026-07-05 11:56:07.906048,43.0,Female,Sales,North America,20,5.1,4,4.0,3,Terrible experience. Pricing increased without notice and the software is laggy.
RESP-12420,2026-07-08 15:45:07.906048,31.0,Male,Engineering,North America,93,8.4,10,5.0,2,Our account manager is fantastic. Keep up the great work!
RESP-12421,2026-07-07 05:58:07.906048,44.0,Female,Engineering,North America,2,7.9,10,5.0,1,Great UI and clean design. Very satisfied with recent feature releases. You can reach my direct desk at +1-555-01121 to discuss.
RESP-12422,2026-06-28 20:03:07.906048,18.0,Female,Marketing,LATAM,9,6.2,3,2.0,6,The UI update makes navigation horrible. Features crash constantly on Chrome.
RESP-12423,2026-09-05 20:41:07.906048,25.0,Female,Sales,EMEA,7,5.9,7,3.0,3,"The application works fine, but performance slows down occasionally during peak hours."
RESP-12424,2026-08-12 00:48:07.906048,45.0,Female,Sales,EMEA,7,4.7,6,3.0,5,Terrible experience. Pricing increased without notice and the software is laggy.
RESP-12425,2026-07-14 05:55:07.906048,33.0,Female,Product,EMEA,12,7.3,8,4.0,3,The interface is standard. A few bugs here and there.
RESP-12426,2026-09-05 07:40:07.906048,38.0,Female,Engineering,LATAM,41,6.8,6,3.0,5,Constant downtime and sync errors. Frustrating and unhelpful.
RESP-12427,2026-09-01 04:18:07.906048,22.0,Prefer not to say,Product,North America,59,6.7,6,3.0,4,Billing is a nightmare. I was overcharged twice and customer support was completely unresponsive.
RESP-12428,2026-06-30 00:38:07.906048,54.0,Female,Sales,EMEA,6,5.5,4,2.0,6,The UI update makes navigation horrible. Features crash constantly on Chrome.
RESP-12429,2026-08-17 21:55:07.906048,47.0,Female,Product,APAC,19,7.0,6,3.0,4,Terrible experience. Pricing increased without notice and the software is laggy.
RESP-12430,2026-08-24 21:44:07.906048,33.0,Female,Customer Support,EMEA,25,6.9,5,2.0,6,The UI update makes navigation horrible. Features crash constantly on Chrome.
RESP-12431,2026-08-24 08:46:07.906048,31.0,Male,Marketing,North America,18,6.3,6,2.0,5,Terrible experience. Pricing increased without notice and the software is laggy.
RESP-12432,2026-08-25 00:34:07.906048,46.0,Female,Product,EMEA,14,8.8,7,4.0,3,The interface is standard. A few bugs here and there.
RESP-12433,2026-07-06 04:36:07.906048,55.0,Male,Sales,North America,6,8.3,8,5.0,3,"The application works fine, but performance slows down occasionally during peak hours."
RESP-12434,2026-07-19 07:10:07.906048,45.0,Non-Binary,Product,EMEA,17,8.6,7,4.0,4,"Support is fine, but response times could be improved."
RESP-12435,2026-09-04 22:00:07.906048,57.0,Female,Sales,APAC,13,6.8,7,4.0,3,The interface is standard. A few bugs here and there.
RESP-12436,2026-09-09 19:06:07.906048,26.0,Female,Sales,North America,39,6.5,5,2.0,5,Billing is a nightmare. I was overcharged twice and customer support was completely unresponsive.
RESP-12437,2026-07-16 01:37:07.906048,27.0,Female,Sales,APAC,35,7.3,8,5.0,1,"Features are acceptable, but pricing seems a bit high for small teams."
RESP-12438,2026-06-23 00:18:07.906048,24.0,Male,Customer Support,North America,4,5.6,7,4.0,3,"The application works fine, but performance slows down occasionally during peak hours."
RESP-12439,2026-09-06 07:40:07.906048,40.0,Female,Engineering,APAC,3,9.2,10,5.0,1,Great UI and clean design. Very satisfied with recent feature releases.
RESP-12440,2026-07-24 21:06:07.906048,37.0,Female,Customer Support,EMEA,58,6.4,3,3.0,6,Customer service takes 4 days to reply. We are considering switching providers.
RESP-12441,2026-07-20 14:13:07.906048,34.0,Female,Customer Support,North America,19,5.0,4,3.0,3,Billing is a nightmare. I was overcharged twice and customer support was completely unresponsive.
RESP-12442,2026-07-22 04:06:07.906048,44.0,Male,Marketing,North America,47,7.8,7,4.0,3,"Average experience overall. Does what it promises, nothing more, nothing less."
RESP-12443,2026-07-28 08:29:07.906048,48.0,Female,Marketing,LATAM,2,6.6,7,4.0,3,The interface is standard. A few bugs here and there.
RESP-12444,2026-07-24 23:38:07.906048,20.0,Female,Sales,North America,18,5.8,3,1.0,7,Customer service takes 4 days to reply. We are considering switching providers. Contact me at user144@example.com if you want more details.
RESP-12445,2026-08-10 22:04:07.906048,30.0,Male,Sales,North America,19,5.3,4,3.0,5,Terrible experience. Pricing increased without notice and the software is laggy.
RESP-12446,2026-06-28 01:05:07.906048,44.0,Male,Sales,North America,48,6.2,6,3.0,5,The UI update makes navigation horrible. Features crash constantly on Chrome.
RESP-12447,2026-09-16 09:06:07.906048,31.0,Male,Engineering,EMEA,3,9.2,9,5.0,1,Customer support was very responsive and resolved my billing issue in 10 minutes.
RESP-12448,2026-09-13 05:19:07.906048,28.0,Female,Engineering,EMEA,7,9.0,10,5.0,3,"Fast performance, excellent reliability, and helpful documentation."
RESP-12449,2026-09-13 00:54:07.906048,46.0,Male,Sales,North America,13,6.5,7,4.0,4,The interface is standard. A few bugs here and there.
RESP-12450,2026-09-08 01:49:07.906048,23.0,Male,Sales,North America,49,6.9,7,2.0,6,"The application works fine, but performance slows down occasionally during peak hours."
RESP-12451,2026-08-19 08:53:07.906048,32.0,Female,Product,North America,68,9.2,9,5.0,3,Great UI and clean design. Very satisfied with recent feature releases.
RESP-12452,2026-07-10 20:10:07.906048,39.0,Male,Customer Support,North America,119,5.3,5,3.0,4,The UI update makes navigation horrible. Features crash constantly on Chrome.
RESP-12453,2026-06-25 09:28:07.906048,30.0,Female,Sales,EMEA,77,4.3,5,2.0,5,Billing is a nightmare. I was overcharged twice and customer support was completely unresponsive.
RESP-12454,2026-06-29 21:07:07.906048,43.0,Non-Binary,Customer Support,APAC,1,7.5,4,3.0,5,Billing is a nightmare. I was overcharged twice and customer support was completely unresponsive.
RESP-12455,2026-07-20 02:24:07.906048,30.0,Female,Engineering,North America,2,6.9,9,5.0,3,Great UI and clean design. Very satisfied with recent feature releases.
RESP-12456,2026-08-05 06:58:07.906048,50.0,Male,Sales,North America,4,5.0,2,1.0,7,The UI update makes navigation horrible. Features crash constantly on Chrome.
RESP-12457,2026-09-18 08:00:07.906048,34.0,Female,Customer Support,North America,11,2.8,1,1.0,7,Customer service takes 4 days to reply. We are considering switching providers.
RESP-12458,2026-07-30 03:08:07.906048,42.0,Non-Binary,Sales,LATAM,43,6.9,7,5.0,1,"Support is fine, but response times could be improved."
RESP-12459,2026-08-07 03:49:07.906048,43.0,Female,Sales,LATAM,54,3.6,5,2.0,6,
RESP-12460,2026-08-22 12:07:07.906048,29.0,Non-Binary,Product,APAC,5,6.2,2,2.0,6,Constant downtime and sync errors. Frustrating and unhelpful.
RESP-12461,2026-07-07 04:58:07.906048,18.0,Male,Product,North America,24,8.2,8,2.0,6,The interface is standard. A few bugs here and there.
RESP-12462,2026-09-12 21:29:07.906048,39.0,Female,Customer Support,North America,60,6.6,8,3.0,4,"The application works fine, but performance slows down occasionally during peak hours."
RESP-12463,2026-08-07 13:17:07.906048,36.0,Male,Customer Support,North America,15,4.5,6,4.0,4,Customer service takes 4 days to reply. We are considering switching providers.
RESP-12464,2026-07-15 19:17:07.906048,41.0,Prefer not to say,Customer Support,North America,3,5.3,4,3.0,5,Constant downtime and sync errors. Frustrating and unhelpful.
RESP-12465,2026-09-13 02:25:07.906048,33.0,Female,Engineering,EMEA,15,6.4,6,2.0,7,Customer service takes 4 days to reply. We are considering switching providers.
RESP-12466,2026-08-16 05:33:07.906048,31.0,Female,Sales,APAC,12,5.2,4,3.0,5,The UI update makes navigation horrible. Features crash constantly on Chrome.
RESP-12467,2026-08-03 11:21:07.906048,56.0,Male,Engineering,APAC,21,8.1,8,4.0,3,The interface is standard. A few bugs here and there.
RESP-12468,2026-08-12 03:43:07.906048,21.0,Female,Sales,APAC,14,5.2,4,3.0,4,Terrible experience. Pricing increased without notice and the software is laggy.
RESP-12469,2026-08-27 06:54:07.906048,43.0,Female,Customer Support,North America,1,5.1,4,2.0,6,Terrible experience. Pricing increased without notice and the software is laggy.
RESP-12470,2026-07-04 20:23:07.906048,30.0,Female,Engineering,EMEA,120,5.5,6,4.0,2,Customer service takes 4 days to reply. We are considering switching providers.
RESP-12471,2026-09-06 18:37:07.906048,32.0,Female,Product,North America,19,9.0,9,4.0,3,"Fast performance, excellent reliability, and helpful documentation. You can reach my direct desk at +1-555-01171 to discuss."
RESP-12472,2026-09-15 07:07:07.906048,32.0,Female,Product,North America,16,8.1,9,5.0,3,Customer support was very responsive and resolved my billing issue in 10 minutes.
RESP-12473,2026-08-10 23:18:07.906048,27.0,Female,Marketing,APAC,75,7.7,8,4.0,5,"Average experience overall. Does what it promises, nothing more, nothing less."
RESP-12474,2026-08-21 08:17:07.906048,41.0,Male,Customer Support,North America,5,7.4,8,4.0,2,"The application works fine, but performance slows down occasionally during peak hours."
RESP-12475,2026-09-06 07:49:07.906048,49.0,Male,Product,EMEA,6,6.1,7,4.0,3,"The application works fine, but performance slows down occasionally during peak hours."
RESP-12476,2026-07-24 16:10:07.906048,40.0,Female,Engineering,North America,40,7.2,5,3.0,5,Constant downtime and sync errors. Frustrating and unhelpful.
RESP-12477,2026-09-18 07:06:07.906048,37.0,Male,Marketing,EMEA,8,3.7,2,2.0,7,Terrible experience. Pricing increased without notice and the software is laggy. Contact me at user177@example.com if you want more details.
RESP-12478,2026-08-21 04:27:07.906048,26.0,Male,Engineering,APAC,39,10.0,10,5.0,2,Great UI and clean design. Very satisfied with recent feature releases.
RESP-12479,2026-07-29 02:25:07.906048,41.0,Non-Binary,Marketing,North America,8,6.3,6,3.0,4,Billing is a nightmare. I was overcharged twice and customer support was completely unresponsive.
RESP-12480,2026-08-20 21:38:07.906048,57.0,Female,Sales,APAC,1,7.6,7,4.0,4,The interface is standard. A few bugs here and there.
RESP-12481,2026-08-06 21:24:07.906048,32.0,Female,Product,North America,18,5.4,7,3.0,5,The interface is standard. A few bugs here and there.
RESP-12482,2026-06-30 23:43:07.906048,32.0,Male,Product,EMEA,6,8.8,10,5.0,2,Great UI and clean design. Very satisfied with recent feature releases.
RESP-12483,2026-08-31 13:39:07.906048,30.0,Male,Engineering,APAC,35,10.0,10,4.0,2,Our account manager is fantastic. Keep up the great work!
RESP-12484,2026-08-10 17:38:07.906048,31.0,Male,Sales,EMEA,25,5.9,6,3.0,6,The UI update makes navigation horrible. Features crash constantly on Chrome.
RESP-12485,2026-08-31 13:36:07.906048,18.0,Male,Product,LATAM,62,5.8,7,3.0,5,"The application works fine, but performance slows down occasionally during peak hours."
RESP-12486,2026-07-04 21:11:07.906048,40.0,Female,Sales,North America,37,5.8,3,3.0,3,Constant downtime and sync errors. Frustrating and unhelpful. You can reach my direct desk at +1-555-01186 to discuss.
RESP-12487,2026-08-08 09:26:07.906048,27.0,Male,Product,EMEA,5,4.0,4,3.0,4,Billing is a nightmare. I was overcharged twice and customer support was completely unresponsive.
RESP-12488,2026-08-28 22:29:07.906048,19.0,Female,Customer Support,EMEA,39,5.4,7,3.0,4,The interface is standard. A few bugs here and there.
RESP-12489,2026-09-17 21:19:07.906048,43.0,Female,Sales,LATAM,25,7.2,6,3.0,5,Customer service takes 4 days to reply. We are considering switching providers.
RESP-12490,2026-09-08 12:52:07.906048,25.0,Male,Sales,North America,27,5.9,4,3.0,4,Billing is a nightmare. I was overcharged twice and customer support was completely unresponsive. More details at https://internal-feedback-190.org/details.
RESP-12491,2026-09-06 17:34:07.906048,32.0,Female,Engineering,APAC,43,7.3,7,4.0,4,
RESP-12492,2026-07-13 05:05:07.906048,50.0,Female,Marketing,EMEA,21,7.3,7,3.0,5,"The application works fine, but performance slows down occasionally during peak hours."
RESP-12493,2026-09-04 08:37:07.906048,21.0,Male,Sales,North America,16,6.9,6,3.0,5,Customer service takes 4 days to reply. We are considering switching providers.
RESP-12494,2026-07-06 04:13:07.906048,20.0,Female,Customer Support,EMEA,25,3.0,6,4.0,3,Customer service takes 4 days to reply. We are considering switching providers.
RESP-12495,2026-07-08 18:29:07.906048,38.0,Non-Binary,Sales,North America,9,6.1,5,4.0,3,Billing is a nightmare. I was overcharged twice and customer support was completely unresponsive.
RESP-12496,2026-06-30 20:26:07.906048,47.0,Prefer not to say,Customer Support,EMEA,5,9.2,7,4.0,3,"Support is fine, but response times could be improved."
RESP-12497,2026-09-06 02:59:07.906048,20.0,Male,Product,APAC,24,5.3,5,4.0,3,Constant downtime and sync errors. Frustrating and unhelpful. You can reach my direct desk at +1-555-01197 to discuss.
RESP-12498,2026-06-30 16:24:07.906048,40.0,Female,Product,EMEA,7,7.2,9,3.0,4,Our account manager is fantastic. Keep up the great work!
RESP-12499,2026-07-03 08:54:07.906048,41.0,Female,Sales,EMEA,2,8.9,9,5.0,2,
RESP-12500,2026-07-13 01:41:07.906048,18.0,Female,Marketing,EMEA,1,8.2,9,4.0,4,The software platform is exceptionally intuitive and saves our team hours. More details at https://internal-feedback-200.org/details.
RESP-12501,2026-08-11 11:32:07.906048,43.0,Female,Marketing,North America,23,5.7,4,3.0,5,Terrible experience. Pricing increased without notice and the software is laggy.
RESP-12502,2026-09-08 03:46:07.906048,44.0,Female,Customer Support,North America,11,5.8,8,4.0,4,"Average experience overall. Does what it promises, nothing more, nothing less. More details at https://internal-feedback-202.org/details."
RESP-12503,2026-07-28 13:57:07.906048,32.0,Non-Binary,Product,EMEA,34,7.3,8,5.0,3,"Features are acceptable, but pricing seems a bit high for small teams."
RESP-12504,2026-08-09 02:33:07.906048,48.0,Female,Engineering,North America,12,6.6,8,3.0,5,"Average experience overall. Does what it promises, nothing more, nothing less."
RESP-12505,2026-07-05 22:12:07.906048,47.0,Male,Engineering,North America,16,7.6,8,5.0,3,The interface is standard. A few bugs here and there.
RESP-12506,2026-07-14 21:01:07.906048,37.0,Female,Product,EMEA,13,6.9,8,4.0,4,"The application works fine, but performance slows down occasionally during peak hours."
RESP-12507,2026-07-02 23:51:07.906048,31.0,Male,Sales,North America,26,6.2,5,3.0,4,Customer service takes 4 days to reply. We are considering switching providers.
RESP-12508,2026-07-27 20:00:07.906048,26.0,Male,Marketing,North America,11,5.4,5,3.0,4,Billing is a nightmare. I was overcharged twice and customer support was completely unresponsive.
RESP-12509,2026-08-13 01:42:07.906048,35.0,Female,Product,EMEA,80,5.4,7,3.0,5,"Features are acceptable, but pricing seems a bit high for small teams."
RESP-12510,2026-07-16 12:03:07.906048,41.0,Female,Engineering,North America,67,7.6,10,5.0,1,Great UI and clean design. Very satisfied with recent feature releases.
RESP-12511,2026-09-05 01:56:07.906048,32.0,Male,Product,LATAM,46,9.9,8,4.0,5,"Average experience overall. Does what it promises, nothing more, nothing less."
RESP-12512,2026-09-17 06:03:07.906048,18.0,Male,Sales,APAC,61,6.1,6,4.0,2,Constant downtime and sync errors. Frustrating and unhelpful.
RESP-12513,2026-07-01 18:07:07.906048,48.0,Male,Customer Support,APAC,15,5.0,4,2.0,6,Constant downtime and sync errors. Frustrating and unhelpful.
RESP-12514,2026-06-22 13:09:07.906048,37.0,Female,Customer Support,North America,19,6.6,6,3.0,4,The UI update makes navigation horrible. Features crash constantly on Chrome.
RESP-12515,2026-08-31 00:30:07.906048,32.0,Female,Product,APAC,33,7.1,8,5.0,2,The interface is standard. A few bugs here and there.
RESP-12516,2026-07-08 02:22:07.906048,44.0,Non-Binary,Engineering,APAC,29,10.0,10,5.0,3,
RESP-12517,2026-07-22 17:22:07.906048,51.0,Male,Sales,APAC,54,6.0,7,4.0,3,"Features are acceptable, but pricing seems a bit high for small teams."
RESP-12518,2026-07-26 10:07:07.906048,18.0,Female,Customer Support,North America,31,6.6,6,3.0,4,The UI update makes navigation horrible. Features crash constantly on Chrome.
RESP-12519,2026-09-11 10:26:07.906048,40.0,Male,Marketing,EMEA,120,5.4,6,4.0,5,The UI update makes navigation horrible. Features crash constantly on Chrome.
RESP-12520,2026-08-19 05:40:07.906048,21.0,Female,Customer Support,APAC,11,6.3,6,3.0,3,The UI update makes navigation horrible. Features crash constantly on Chrome.
RESP-12521,2026-06-24 14:17:07.906048,40.0,Female,Engineering,EMEA,43,8.1,9,5.0,2,Great UI and clean design. Very satisfied with recent feature releases.
RESP-12522,2026-06-22 06:34:07.906048,37.0,Female,Sales,EMEA,29,5.9,8,4.0,3,The interface is standard. A few bugs here and there.
RESP-12523,2026-07-08 21:39:07.906048,42.0,Female,Sales,EMEA,29,5.2,2,3.0,5,Customer service takes 4 days to reply. We are considering switching providers.
RESP-12524,2026-07-19 13:50:07.906048,31.0,Male,Marketing,EMEA,10,5.5,7,3.0,4,"Average experience overall. Does what it promises, nothing more, nothing less."
RESP-12525,2026-08-03 13:09:07.906048,18.0,Female,Sales,North America,37,6.4,4,3.0,4,Constant downtime and sync errors. Frustrating and unhelpful.
RESP-12526,2026-09-04 08:18:07.906048,31.0,Female,Engineering,EMEA,56,8.6,10,5.0,2,Great UI and clean design. Very satisfied with recent feature releases. Contact me at user226@example.com if you want more details.
RESP-12527,2026-07-19 06:35:07.906048,40.0,Male,Product,North America,6,7.1,6,3.0,4,The UI update makes navigation horrible. Features crash constantly on Chrome.
RESP-12528,2026-07-24 19:54:07.906048,46.0,Male,Engineering,EMEA,24,8.1,6,3.0,5,The UI update makes navigation horrible. Features crash constantly on Chrome.
RESP-12529,2026-07-20 13:57:07.906048,24.0,Male,Product,North America,12,7.2,8,5.0,2,"Features are acceptable, but pricing seems a bit high for small teams."
RESP-12530,2026-06-21 17:56:07.906048,46.0,Male,Customer Support,EMEA,110,5.6,6,4.0,4,Customer service takes 4 days to reply. We are considering switching providers.
RESP-12531,2026-09-14 21:49:07.906048,29.0,Female,Marketing,North America,16,6.2,5,3.0,4,Terrible experience. Pricing increased without notice and the software is laggy.
RESP-12532,2026-07-03 10:48:07.906048,39.0,Male,Sales,EMEA,7,6.0,4,3.0,5,Terrible experience. Pricing increased without notice and the software is laggy.
RESP-12533,2026-07-16 19:56:07.906048,30.0,Male,Engineering,APAC,12,10.0,10,5.0,2,Customer support was very responsive and resolved my billing issue in 10 minutes.
RESP-12534,2026-07-02 13:52:07.906048,37.0,Male,Marketing,North America,26,7.0,5,4.0,4,The UI update makes navigation horrible. Features crash constantly on Chrome. More details at https://internal-feedback-234.org/details.
RESP-12535,2026-08-04 02:09:07.906048,44.0,Female,Marketing,North America,2,7.5,6,4.0,3,Constant downtime and sync errors. Frustrating and unhelpful.
RESP-12536,2026-09-12 20:03:07.906048,23.0,Female,Marketing,North America,23,7.2,7,2.0,5,"Average experience overall. Does what it promises, nothing more, nothing less."
RESP-12537,2026-06-30 00:05:07.906048,29.0,Male,Engineering,APAC,65,7.3,6,3.0,5,The UI update makes navigation horrible. Features crash constantly on Chrome.
RESP-12538,2026-07-30 14:55:07.906048,37.0,Female,Marketing,EMEA,46,8.4,9,4.0,3,Great UI and clean design. Very satisfied with recent feature releases.
RESP-12539,2026-06-22 22:54:07.906048,60.0,Male,Marketing,EMEA,2,6.1,8,5.0,2,"Average experience overall. Does what it promises, nothing more, nothing less."
RESP-12540,2026-08-29 07:43:07.906048,27.0,Male,Customer Support,North America,120,7.1,7,4.0,3,The interface is standard. A few bugs here and there.
RESP-12541,2026-08-17 15:37:07.906048,56.0,Male,Marketing,EMEA,29,6.0,6,4.0,2,Terrible experience. Pricing increased without notice and the software is laggy.
RESP-12542,2026-08-22 21:55:07.906048,56.0,Male,Marketing,APAC,5,5.1,8,3.0,4,"Support is fine, but response times could be improved."
RESP-12543,2026-08-02 10:49:07.906048,35.0,Male,Customer Support,APAC,1,6.0,4,3.0,4,The UI update makes navigation horrible. Features crash constantly on Chrome.
RESP-12544,2026-09-10 15:04:07.906048,33.0,Female,Engineering,EMEA,5,6.0,8,5.0,1,"Average experience overall. Does what it promises, nothing more, nothing less. Contact me at user244@example.com if you want more details."
RESP-12545,2026-07-27 19:13:07.906048,29.0,Male,Sales,North America,44,6.8,8,3.0,5,"Features are acceptable, but pricing seems a bit high for small teams."
RESP-12546,2026-08-06 05:00:07.906048,35.0,Male,Engineering,North America,1,5.9,7,5.0,1,"Average experience overall. Does what it promises, nothing more, nothing less."
RESP-12547,2026-08-22 12:24:07.906048,21.0,Female,Sales,North America,7,5.5,7,5.0,3,"Average experience overall. Does what it promises, nothing more, nothing less."
RESP-12548,2026-08-06 18:59:07.906048,35.0,Female,Sales,North America,34,3.9,4,3.0,5,Billing is a nightmare. I was overcharged twice and customer support was completely unresponsive.
RESP-12549,2026-07-07 23:32:07.906048,50.0,Female,Engineering,North America,22,10.0,9,4.0,3,"Fast performance, excellent reliability, and helpful documentation."
RESP-12550,2026-07-19 11:27:07.906048,29.0,Male,Sales,North America,37,3.5,5,3.0,5,Customer service takes 4 days to reply. We are considering switching providers.
RESP-12551,2026-06-29 05:56:07.906048,33.0,Female,Engineering,North America,33,7.7,9,5.0,3,"Fast performance, excellent reliability, and helpful documentation."
RESP-12552,2026-07-29 21:01:07.906048,18.0,Male,Marketing,LATAM,2,8.2,10,5.0,2,"Fast performance, excellent reliability, and helpful documentation."
RESP-12553,2026-08-14 18:52:07.906048,39.0,Female,Product,EMEA,54,8.9,9,5.0,2,The software platform is exceptionally intuitive and saves our team hours.
RESP-12554,2026-07-01 14:36:07.906048,38.0,Female,Engineering,APAC,7,9.0,8,4.0,3,"Support is fine, but response times could be improved."
RESP-12555,2026-08-16 16:39:07.906048,36.0,Male,Product,APAC,20,6.8,7,4.0,3,"Support is fine, but response times could be improved."
RESP-12556,2026-09-09 07:11:07.906048,33.0,Female,Customer Support,North America,25,7.5,9,4.0,2,Our account manager is fantastic. Keep up the great work!
RESP-12557,2026-07-21 08:03:07.906048,33.0,Male,Sales,APAC,5,7.4,9,4.0,3,Our account manager is fantastic. Keep up the great work!
RESP-12558,2026-07-10 22:10:07.906048,41.0,Male,Engineering,North America,90,8.0,7,4.0,2,"The application works fine, but performance slows down occasionally during peak hours."
RESP-12559,2026-09-09 07:28:07.906048,35.0,Male,Customer Support,EMEA,17,5.9,6,4.0,3,Customer service takes 4 days to reply. We are considering switching providers.
RESP-12560,2026-08-22 05:11:07.906048,39.0,Female,Marketing,North America,2,6.0,4,2.0,5,Billing is a nightmare. I was overcharged twice and customer support was completely unresponsive.
RESP-12561,2026-06-30 10:14:07.906048,38.0,Male,Marketing,LATAM,67,5.1,7,3.0,3,"Average experience overall. Does what it promises, nothing more, nothing less."
RESP-12562,2026-07-27 16:06:07.906048,47.0,Male,Engineering,North America,22,9.6,8,5.0,1,"Support is fine, but response times could be improved."
RESP-12563,2026-08-20 14:37:07.906048,42.0,Male,Engineering,North America,29,9.7,10,5.0,2,The software platform is exceptionally intuitive and saves our team hours.
RESP-12564,2026-08-11 15:15:07.906048,37.0,Male,Sales,LATAM,18,4.7,3,2.0,5,Constant downtime and sync errors. Frustrating and unhelpful.
RESP-12565,2026-08-15 14:38:07.906048,51.0,Male,Sales,North America,44,5.8,7,2.0,5,"The application works fine, but performance slows down occasionally during peak hours."
RESP-12566,2026-08-10 23:35:07.906048,40.0,Male,Engineering,EMEA,1,7.5,8,5.0,3,"Support is fine, but response times could be improved."
RESP-12567,2026-08-31 18:23:07.906048,49.0,Male,Sales,APAC,8,6.0,5,3.0,5,Terrible experience. Pricing increased without notice and the software is laggy.
RESP-12568,2026-07-19 18:42:07.906048,42.0,Female,Marketing,APAC,16,6.6,8,4.0,2,"Features are acceptable, but pricing seems a bit high for small teams."
RESP-12569,2026-08-23 16:51:07.906048,18.0,Female,Product,LATAM,2,8.7,8,4.0,2,"Support is fine, but response times could be improved."
RESP-12570,2026-09-18 03:18:07.906048,49.0,Female,Sales,LATAM,30,4.9,6,4.0,4,Billing is a nightmare. I was overcharged twice and customer support was completely unresponsive.
RESP-12571,2026-07-26 00:53:07.906048,37.0,Female,Product,North America,13,6.0,6,4.0,4,The UI update makes navigation horrible. Features crash constantly on Chrome.
RESP-12572,2026-08-31 03:14:07.906048,35.0,Female,Sales,APAC,8,7.9,5,4.0,2,Customer service takes 4 days to reply. We are considering switching providers. Contact me at user272@example.com if you want more details.
RESP-12573,2026-07-13 02:10:07.906048,38.0,Female,Sales,EMEA,1,5.3,4,2.0,5,The UI update makes navigation horrible. Features crash constantly on Chrome.
RESP-12574,2026-07-16 07:28:07.906048,32.0,Male,Engineering,EMEA,31,5.8,5,3.0,4,Constant downtime and sync errors. Frustrating and unhelpful.
RESP-12575,2026-09-13 01:53:07.906048,38.0,Female,Customer Support,North America,44,4.8,7,5.0,1,"Support is fine, but response times could be improved."
RESP-12576,2026-06-23 06:36:07.906048,30.0,Male,Product,EMEA,13,6.8,8,4.0,3,"The application works fine, but performance slows down occasionally during peak hours."
RESP-12577,2026-07-10 12:13:07.906048,48.0,Female,Customer Support,LATAM,20,7.8,10,5.0,2,Our account manager is fantastic. Keep up the great work!
RESP-12578,2026-08-03 09:41:07.906048,34.0,Female,Sales,LATAM,7,7.4,10,4.0,3,Customer support was very responsive and resolved my billing issue in 10 minutes.
RESP-12579,2026-07-27 02:34:07.906048,32.0,Female,Customer Support,EMEA,24,7.2,6,4.0,4,Billing is a nightmare. I was overcharged twice and customer support was completely unresponsive.
RESP-12580,2026-08-16 13:35:07.906048,26.0,Female,Engineering,North America,1,8.9,9,5.0,2,Customer support was very responsive and resolved my billing issue in 10 minutes.
RESP-12581,2026-07-08 06:51:07.906048,38.0,Male,Product,North America,17,8.7,8,5.0,1,"The application works fine, but performance slows down occasionally during peak hours."
RESP-12582,2026-06-27 06:57:07.906048,37.0,Male,Customer Support,APAC,25,4.5,3,2.0,6,Terrible experience. Pricing increased without notice and the software is laggy.
RESP-12583,2026-07-24 04:20:07.906048,39.0,Female,Sales,APAC,61,5.7,3,2.0,5,Constant downtime and sync errors. Frustrating and unhelpful.
RESP-12584,2026-08-07 03:11:07.906048,25.0,Female,Customer Support,EMEA,12,4.0,4,4.0,3,The UI update makes navigation horrible. Features crash constantly on Chrome.
RESP-12585,2026-08-10 12:30:07.906048,19.0,Female,Customer Support,North America,35,5.2,3,3.0,5,Customer service takes 4 days to reply. We are considering switching providers. You can reach my direct desk at +1-555-01285 to discuss.
RESP-12586,2026-08-14 01:48:07.906048,42.0,Male,Engineering,EMEA,22,8.7,9,4.0,3,Great UI and clean design. Very satisfied with recent feature releases.
RESP-12587,2026-08-09 07:41:07.906048,50.0,Male,Customer Support,EMEA,63,5.7,9,3.0,5,Customer support was very responsive and resolved my billing issue in 10 minutes.
RESP-12588,2026-07-13 01:24:07.906048,25.0,Male,Engineering,LATAM,13,9.7,9,5.0,1,Customer support was very responsive and resolved my billing issue in 10 minutes.
RESP-12589,2026-08-28 18:00:07.906048,51.0,Male,Marketing,EMEA,10,4.8,5,4.0,3,Billing is a nightmare. I was overcharged twice and customer support was completely unresponsive.
RESP-12590,2026-06-28 20:11:07.906048,38.0,Male,Marketing,North America,53,7.3,9,4.0,4,Great UI and clean design. Very satisfied with recent feature releases.
RESP-12591,2026-07-08 19:01:07.906048,35.0,Female,Marketing,EMEA,2,4.6,5,3.0,3,
RESP-12592,2026-08-26 11:38:07.906048,32.0,Female,Customer Support,North America,4,5.6,6,3.0,4,The UI update makes navigation horrible. Features crash constantly on Chrome.
RESP-12593,2026-07-16 02:47:07.906048,22.0,Male,Customer Support,LATAM,3,6.6,6,3.0,5,The UI update makes navigation horrible. Features crash constantly on Chrome.
RESP-12594,2026-08-04 08:29:07.906048,45.0,Male,Engineering,North America,45,7.4,7,3.0,4,"The application works fine, but performance slows down occasionally during peak hours."
RESP-12595,2026-07-20 09:19:07.906048,28.0,Male,Marketing,EMEA,1,7.3,6,4.0,3,Terrible experience. Pricing increased without notice and the software is laggy.
RESP-12596,2026-08-05 13:39:07.906048,28.0,Male,Sales,North America,48,4.6,6,4.0,5,Customer service takes 4 days to reply. We are considering switching providers.
RESP-12597,2026-07-22 03:21:07.906048,45.0,Female,Sales,EMEA,15,3.5,1,1.0,7,Billing is a nightmare. I was overcharged twice and customer support was completely unresponsive.
RESP-12598,2026-09-18 10:04:07.906048,18.0,Male,Sales,EMEA,1,6.8,8,5.0,2,"Support is fine, but response times could be improved."
RESP-12599,2026-07-23 02:44:07.906048,20.0,Male,Engineering,APAC,13,10.0,8,3.0,6,The interface is standard. A few bugs here and there.
RESP-12600,2026-08-16 09:00:07.906048,35.0,Female,Customer Support,North America,5,4.0,5,4.0,3,Customer service takes 4 days to reply. We are considering switching providers.
RESP-12601,2026-09-08 21:24:07.906048,38.0,Male,Engineering,North America,24,9.5,9,5.0,2,The software platform is exceptionally intuitive and saves our team hours.
RESP-12602,2026-08-17 08:31:07.906048,40.0,Male,Marketing,North America,28,6.6,5,4.0,4,Billing is a nightmare. I was overcharged twice and customer support was completely unresponsive.
RESP-12603,2026-08-10 20:50:07.906048,32.0,Female,Sales,EMEA,17,4.0,5,3.0,4,Constant downtime and sync errors. Frustrating and unhelpful.
RESP-12604,2026-08-11 04:07:07.906048,61.0,Female,Engineering,North America,1,6.0,7,3.0,4,The interface is standard. A few bugs here and there.
RESP-12605,2026-08-04 14:56:07.906048,33.0,Female,Customer Support,EMEA,26,5.5,5,3.0,5,The UI update makes navigation horrible. Features crash constantly on Chrome. You can reach my direct desk at +1-555-01305 to discuss.
RESP-12606,2026-09-01 14:57:07.906048,33.0,Male,Engineering,APAC,45,7.1,8,4.0,2,"The application works fine, but performance slows down occasionally during peak hours."
RESP-12607,2026-06-25 11:29:07.906048,28.0,Female,Sales,APAC,31,4.0,1,1.0,6,Billing is a nightmare. I was overcharged twice and customer support was completely unresponsive.
RESP-12608,2026-09-08 14:27:07.906048,37.0,Male,Marketing,EMEA,43,4.0,2,1.0,7,Billing is a nightmare. I was overcharged twice and customer support was completely unresponsive.
RESP-12609,2026-08-12 16:58:07.906048,42.0,Male,Engineering,EMEA,6,6.4,8,4.0,3,The interface is standard. A few bugs here and there.
RESP-12610,2026-09-05 08:08:07.906048,48.0,Female,Marketing,North America,53,6.8,6,3.0,4,Billing is a nightmare. I was overcharged twice and customer support was completely unresponsive.
RESP-12611,2026-06-21 21:01:07.906048,21.0,Male,Engineering,EMEA,10,7.7,5,3.0,5,The UI update makes navigation horrible. Features crash constantly on Chrome.
RESP-12612,2026-09-07 04:13:07.906048,,Prefer not to say,Engineering,APAC,1,6.9,6,3.0,6,Terrible experience. Pricing increased without notice and the software is laggy.
RESP-12613,2026-07-01 18:04:07.906048,40.0,Female,Marketing,North America,45,6.8,5,3.0,4,Constant downtime and sync errors. Frustrating and unhelpful.
RESP-12614,2026-08-24 20:24:07.906048,41.0,Female,Sales,EMEA,69,7.6,7,3.0,5,The interface is standard. A few bugs here and there.
RESP-12615,2026-07-28 10:16:07.906048,36.0,Non-Binary,Engineering,APAC,26,8.3,8,3.0,5,"Support is fine, but response times could be improved."
RESP-12616,2026-08-21 05:41:07.906048,41.0,Non-Binary,Sales,APAC,7,5.8,6,,1,Terrible experience. Pricing increased without notice and the software is laggy.
RESP-12617,2026-08-16 11:28:07.906048,27.0,Female,Sales,North America,7,7.4,7,3.0,5,"The application works fine, but performance slows down occasionally during peak hours."
RESP-12618,2026-07-05 15:31:07.906048,51.0,Female,Marketing,EMEA,16,5.1,7,4.0,3,"Features are acceptable, but pricing seems a bit high for small teams."
RESP-12619,2026-08-06 06:08:07.906048,45.0,Female,Sales,North America,55,5.7,6,4.0,3,Customer service takes 4 days to reply. We are considering switching providers.
RESP-12620,2026-07-15 21:24:07.906048,,Prefer not to say,Marketing,North America,4,6.2,7,2.0,5,"Support is fine, but response times could be improved."
RESP-12621,2026-08-10 09:07:07.906048,25.0,Female,Product,LATAM,42,5.4,7,5.0,3,"The application works fine, but performance slows down occasionally during peak hours."
RESP-12622,2026-08-26 08:40:07.906048,25.0,Male,Sales,APAC,9,5.4,5,3.0,4,The UI update makes navigation horrible. Features crash constantly on Chrome.
RESP-12623,2026-06-28 06:06:07.906048,42.0,Male,Product,APAC,40,4.2,2,1.0,7,Terrible experience. Pricing increased without notice and the software is laggy.
RESP-12624,2026-08-06 08:37:07.906048,23.0,Female,Sales,North America,61,8.9,10,5.0,2,"Fast performance, excellent reliability, and helpful documentation."
RESP-12625,2026-08-15 12:39:07.906048,32.0,Male,Product,APAC,14,5.9,6,3.0,4,The UI update makes navigation horrible. Features crash constantly on Chrome.
RESP-12626,2026-07-17 12:34:07.906048,40.0,Female,Engineering,EMEA,11,10.0,10,5.0,1,The software platform is exceptionally intuitive and saves our team hours.
RESP-12627,2026-09-14 17:04:07.906048,35.0,Male,Customer Support,North America,39,5.6,5,2.0,7,Constant downtime and sync errors. Frustrating and unhelpful.
RESP-12628,2026-08-06 18:26:07.906048,38.0,Female,Sales,EMEA,19,6.8,6,3.0,4,Customer service takes 4 days to reply. We are considering switching providers.
RESP-12629,2026-07-07 08:49:07.906048,25.0,Male,Sales,North America,28,5.3,7,3.0,3,The interface is standard. A few bugs here and there.
RESP-12630,2026-06-30 15:24:07.906048,,Male,Customer Support,APAC,24,5.8,7,4.0,3,"Features are acceptable, but pricing seems a bit high for small teams."
RESP-12631,2026-08-08 16:34:07.906048,29.0,Female,Marketing,EMEA,4,7.5,9,5.0,3,Great UI and clean design. Very satisfied with recent feature releases.
RESP-12632,2026-07-24 17:05:07.906048,32.0,Female,Engineering,North America,45,8.7,10,5.0,1,Our account manager is fantastic. Keep up the great work!
RESP-12633,2026-07-08 06:29:07.906048,38.0,Female,Engineering,North America,6,8.9,10,5.0,4,Great UI and clean design. Very satisfied with recent feature releases.
RESP-12634,2026-06-23 16:53:07.906048,37.0,Female,Marketing,North America,65,5.9,6,4.0,4,Constant downtime and sync errors. Frustrating and unhelpful.
RESP-12635,2026-08-10 22:26:07.906048,36.0,Male,Customer Support,North America,7,4.8,5,3.0,3,Constant downtime and sync errors. Frustrating and unhelpful.
RESP-12636,2026-08-13 19:33:07.906048,28.0,Male,Product,EMEA,32,4.9,7,3.0,5,"Support is fine, but response times could be improved."
RESP-12637,2026-07-03 16:52:07.906048,33.0,Female,Marketing,APAC,9,7.3,7,5.0,1,"Average experience overall. Does what it promises, nothing more, nothing less."
RESP-12638,2026-08-14 02:20:07.906048,36.0,Male,Product,North America,10,8.9,9,5.0,3,Customer support was very responsive and resolved my billing issue in 10 minutes.
RESP-12639,2026-09-14 14:50:07.906048,22.0,Male,Marketing,North America,9,8.9,8,4.0,4,"Average experience overall. Does what it promises, nothing more, nothing less. Contact me at user339@example.com if you want more details."
RESP-12640,2026-09-16 23:42:07.906048,31.0,Male,Sales,EMEA,34,6.5,6,5.0,2,Customer service takes 4 days to reply. We are considering switching providers.
RESP-12641,2026-09-08 21:43:07.906048,39.0,Female,Engineering,APAC,20,6.6,6,4.0,3,Billing is a nightmare. I was overcharged twice and customer support was completely unresponsive.
RESP-12642,2026-09-01 13:52:07.906048,23.0,Female,Marketing,North America,52,4.0,3,2.0,6,The UI update makes navigation horrible. Features crash constantly on Chrome.
RESP-12643,2026-07-09 18:49:07.906048,47.0,Female,Customer Support,North America,9,7.1,8,4.0,4,"Support is fine, but response times could be improved."
RESP-12644,2026-07-05 00:28:07.906048,48.0,Male,Engineering,EMEA,29,5.0,3,3.0,3,Terrible experience. Pricing increased without notice and the software is laggy.
RESP-12645,2026-07-30 23:40:07.906048,23.0,Female,Sales,North America,34,5.5,6,3.0,3,The UI update makes navigation horrible. Features crash constantly on Chrome. You can reach my direct desk at +1-555-01345 to discuss.
RESP-12646,2026-08-15 16:59:07.906048,49.0,Female,Product,North America,4,7.0,7,5.0,2,"Features are acceptable, but pricing seems a bit high for small teams."
RESP-12647,2026-09-05 12:02:07.906048,34.0,Female,Customer Support,APAC,13,5.4,3,2.0,7,Billing is a nightmare. I was overcharged twice and customer support was completely unresponsive.
RESP-12648,2026-07-11 19:37:07.906048,,Male,Sales,EMEA,16,6.1,5,4.0,5,Constant downtime and sync errors. Frustrating and unhelpful.
RESP-12649,2026-08-03 02:37:07.906048,31.0,Female,Sales,EMEA,11,6.2,7,4.0,3,"The application works fine, but performance slows down occasionally during peak hours."
RESP-12650,2026-08-18 05:03:07.906048,45.0,Female,Engineering,APAC,10,4.1,5,3.0,4,Terrible experience. Pricing increased without notice and the software is laggy.
RESP-12651,2026-07-31 01:03:07.906048,40.0,Female,Sales,EMEA,28,6.0,6,3.0,4,Constant downtime and sync errors. Frustrating and unhelpful.
RESP-12652,2026-07-31 19:38:07.906048,27.0,Female,Sales,North America,6,2.7,4,2.0,6,Billing is a nightmare. I was overcharged twice and customer support was completely unresponsive.
RESP-12653,2026-07-11 04:50:07.906048,24.0,Male,Engineering,North America,30,8.8,9,4.0,4,Customer support was very responsive and resolved my billing issue in 10 minutes.
RESP-12654,2026-09-17 17:46:07.906048,21.0,Female,Marketing,North America,66,5.7,6,4.0,3,Terrible experience. Pricing increased without notice and the software is laggy.
RESP-12655,2026-08-02 17:00:07.906048,37.0,Female,Sales,North America,20,2.8,3,1.0,5,Customer service takes 4 days to reply. We are considering switching providers.
RESP-12656,2026-08-07 21:18:07.906048,41.0,Male,Marketing,EMEA,23,5.3,7,3.0,6,"The application works fine, but performance slows down occasionally during peak hours."
RESP-12657,2026-07-10 14:40:07.906048,42.0,Female,Product,APAC,2,6.4,5,2.0,6,Customer service takes 4 days to reply. We are considering switching providers.
RESP-12658,2026-08-06 05:07:07.906048,34.0,Female,Engineering,LATAM,48,9.5,9,4.0,4,"Fast performance, excellent reliability, and helpful documentation."
RESP-12659,2026-07-13 22:08:07.906048,24.0,Male,Customer Support,EMEA,9,5.8,5,4.0,4,Constant downtime and sync errors. Frustrating and unhelpful.
RESP-12660,2026-07-09 03:37:07.906048,29.0,Female,Sales,North America,23,6.5,6,4.0,4,Customer service takes 4 days to reply. We are considering switching providers.
RESP-12661,2026-07-15 18:08:07.906048,47.0,Female,Product,North America,93,9.1,10,5.0,2,"Fast performance, excellent reliability, and helpful documentation."
RESP-12662,2026-06-21 04:32:07.906048,31.0,Female,Engineering,APAC,22,7.6,8,4.0,3,"The application works fine, but performance slows down occasionally during peak hours."
RESP-12663,2026-08-11 06:06:07.906048,37.0,Male,Customer Support,EMEA,31,6.6,5,,2,Terrible experience. Pricing increased without notice and the software is laggy.
RESP-12664,2026-07-25 19:32:07.906048,25.0,Male,Customer Support,EMEA,15,6.5,6,2.0,6,Terrible experience. Pricing increased without notice and the software is laggy.
RESP-12665,2026-09-09 19:45:07.906048,39.0,Male,Sales,APAC,2,4.1,5,4.0,5,Billing is a nightmare. I was overcharged twice and customer support was completely unresponsive.
RESP-12666,2026-06-24 14:30:07.906048,31.0,Male,Engineering,APAC,39,9.9,9,4.0,3,Great UI and clean design. Very satisfied with recent feature releases.
RESP-12667,2026-06-24 19:53:07.906048,46.0,Female,Customer Support,APAC,1,3.4,2,2.0,7,Terrible experience. Pricing increased without notice and the software is laggy. You can reach my direct desk at +1-555-01367 to discuss.
RESP-12668,2026-09-08 16:04:07.906048,43.0,Female,Marketing,North America,29,7.9,10,5.0,3,Great UI and clean design. Very satisfied with recent feature releases.
RESP-12669,2026-07-02 08:08:07.906048,31.0,Male,Sales,APAC,1,3.7,3,1.0,6,Terrible experience. Pricing increased without notice and the software is laggy.
RESP-12670,2026-06-21 03:14:07.906048,34.0,Non-Binary,Customer Support,APAC,48,6.4,8,5.0,2,The interface is standard. A few bugs here and there.
RESP-12671,2026-07-07 01:02:07.906048,30.0,Female,Sales,North America,5,8.8,10,5.0,2,Our account manager is fantastic. Keep up the great work!
RESP-12672,2026-09-03 02:09:07.906048,21.0,Male,Marketing,EMEA,18,6.2,5,4.0,3,The UI update makes navigation horrible. Features crash constantly on Chrome.
RESP-12673,2026-09-01 04:26:07.906048,27.0,Female,Engineering,North America,22,7.3,6,3.0,4,Terrible experience. Pricing increased without notice and the software is laggy.
RESP-12674,2026-07-21 13:16:07.906048,37.0,Female,Product,LATAM,15,8.2,8,4.0,4,"Features are acceptable, but pricing seems a bit high for small teams."
RESP-12675,2026-08-20 01:31:07.906048,39.0,Female,Sales,North America,11,5.5,4,3.0,4,Terrible experience. Pricing increased without notice and the software is laggy.
RESP-12676,2026-08-05 14:14:07.906048,37.0,Female,Sales,EMEA,16,8.7,9,5.0,2,"Fast performance, excellent reliability, and helpful documentation."
RESP-12677,2026-09-10 08:48:07.906048,32.0,Male,Engineering,North America,9,8.0,8,3.0,5,"Features are acceptable, but pricing seems a bit high for small teams."
RESP-12678,2026-06-26 00:27:07.906048,45.0,Male,Engineering,APAC,14,7.2,8,5.0,2,"Features are acceptable, but pricing seems a bit high for small teams."
RESP-12679,2026-09-02 03:03:07.906048,36.0,Female,Customer Support,North America,11,4.7,7,4.0,3,"Features are acceptable, but pricing seems a bit high for small teams."
RESP-12680,2026-07-06 07:04:07.906048,43.0,Female,Sales,North America,21,4.6,6,3.0,3,Terrible experience. Pricing increased without notice and the software is laggy.
RESP-12681,2026-07-26 04:29:07.906048,18.0,Male,Marketing,EMEA,7,5.6,6,2.0,5,The UI update makes navigation horrible. Features crash constantly on Chrome.
RESP-12682,2026-07-08 05:12:07.906048,18.0,Female,Engineering,LATAM,108,7.2,4,3.0,4,Customer service takes 4 days to reply. We are considering switching providers.
RESP-12683,2026-08-23 04:13:07.906048,38.0,Male,Sales,North America,17,5.3,6,5.0,2,Customer service takes 4 days to reply. We are considering switching providers.
RESP-12684,2026-08-20 23:46:07.906048,21.0,Female,Sales,North America,6,5.0,8,3.0,4,"Average experience overall. Does what it promises, nothing more, nothing less."
RESP-12685,2026-08-09 06:02:07.906048,33.0,Male,Engineering,APAC,16,10.0,5,3.0,4,Customer service takes 4 days to reply. We are considering switching providers.
RESP-12686,2026-08-22 18:36:07.906048,32.0,Female,Engineering,EMEA,49,6.2,7,5.0,2,The interface is standard. A few bugs here and there.
RESP-12687,2026-08-17 12:02:07.906048,51.0,Female,Sales,LATAM,1,6.2,6,3.0,5,Terrible experience. Pricing increased without notice and the software is laggy.
RESP-12688,2026-08-29 19:41:07.906048,39.0,Female,Sales,North America,28,6.9,6,3.0,5,Billing is a nightmare. I was overcharged twice and customer support was completely unresponsive.
RESP-12689,2026-07-12 11:42:07.906048,37.0,Female,Sales,EMEA,20,6.9,8,4.0,3,The interface is standard. A few bugs here and there.
RESP-12690,2026-07-29 13:02:07.906048,44.0,Female,Customer Support,North America,5,5.4,8,5.0,1,"Average experience overall. Does what it promises, nothing more, nothing less."
RESP-12691,2026-07-04 14:05:07.906048,39.0,Male,Customer Support,North America,41,5.1,6,4.0,3,Billing is a nightmare. I was overcharged twice and customer support was completely unresponsive.
RESP-12692,2026-07-29 14:30:07.906048,31.0,Female,Engineering,EMEA,12,8.4,8,4.0,4,The interface is standard. A few bugs here and there.
RESP-12693,2026-08-23 02:14:07.906048,46.0,Female,Sales,EMEA,9,6.4,5,2.0,7,Terrible experience. Pricing increased without notice and the software is laggy.
RESP-12694,2026-08-22 03:59:07.906048,24.0,Male,Product,APAC,43,6.9,7,3.0,3,The interface is standard. A few bugs here and there.
RESP-12695,2026-08-23 18:56:07.906048,39.0,Male,Customer Support,North America,25,3.2,5,3.0,4,Terrible experience. Pricing increased without notice and the software is laggy.
RESP-12696,2026-07-18 17:31:07.906048,20.0,Non-Binary,Customer Support,EMEA,55,4.8,4,2.0,5,Billing is a nightmare. I was overcharged twice and customer support was completely unresponsive.
RESP-12697,2026-08-19 12:57:07.906048,38.0,Male,Sales,EMEA,24,4.3,4,3.0,4,
RESP-12698,2026-07-24 00:18:07.906048,37.0,Female,Marketing,LATAM,33,5.5,10,5.0,2,Customer support was very responsive and resolved my billing issue in 10 minutes.
RESP-12699,2026-09-13 22:41:07.906048,52.0,Male,Marketing,North America,44,6.5,8,5.0,2,"Average experience overall. Does what it promises, nothing more, nothing less."
RESP-12700,2026-07-21 20:15:07.906048,20.0,Male,Customer Support,North America,2,6.0,8,4.0,2,The interface is standard. A few bugs here and there.
RESP-12701,2026-08-14 05:06:07.906048,29.0,Male,Product,North America,36,10.0,8,,3,"Support is fine, but response times could be improved."
RESP-12702,2026-08-27 10:53:07.906048,44.0,Female,Engineering,EMEA,23,6.9,6,3.0,4,Terrible experience. Pricing increased without notice and the software is laggy.
RESP-12703,2026-09-10 12:25:07.906048,39.0,Female,Engineering,North America,2,8.9,9,4.0,3,Great UI and clean design. Very satisfied with recent feature releases.
RESP-12704,2026-07-30 08:30:07.906048,37.0,Female,Marketing,LATAM,18,7.0,5,3.0,4,Constant downtime and sync errors. Frustrating and unhelpful.
RESP-12705,2026-07-23 09:13:07.906048,26.0,Male,Marketing,North America,3,8.4,10,5.0,2,The software platform is exceptionally intuitive and saves our team hours.
RESP-12706,2026-07-29 15:26:07.906048,30.0,Male,Engineering,APAC,32,8.6,10,4.0,3,Great UI and clean design. Very satisfied with recent feature releases.
RESP-12707,2026-07-20 01:46:07.906048,48.0,Male,Sales,North America,19,4.5,4,3.0,4,Terrible experience. Pricing increased without notice and the software is laggy.
RESP-12708,2026-08-18 19:03:07.906048,35.0,Female,Engineering,EMEA,74,5.1,8,4.0,3,"Features are acceptable, but pricing seems a bit high for small teams."
RESP-12709,2026-09-12 21:15:07.906048,39.0,Male,Sales,LATAM,5,6.5,6,4.0,2,The UI update makes navigation horrible. Features crash constantly on Chrome. More details at https://internal-feedback-409.org/details.
RESP-12710,2026-07-02 06:53:07.906048,34.0,Male,Marketing,North America,23,5.7,10,5.0,2,
RESP-12711,2026-08-10 10:10:07.906048,24.0,Female,Customer Support,LATAM,6,4.0,4,2.0,5,The UI update makes navigation horrible. Features crash constantly on Chrome. Contact me at user411@example.com if you want more details.
RESP-12712,2026-09-09 17:30:07.906048,45.0,Male,Sales,EMEA,23,4.1,5,3.0,5,Billing is a nightmare. I was overcharged twice and customer support was completely unresponsive.
RESP-12713,2026-06-29 22:49:07.906048,41.0,Female,Sales,LATAM,31,6.2,8,3.0,5,"The application works fine, but performance slows down occasionally during peak hours."
RESP-12714,2026-08-04 09:19:07.906048,59.0,Male,Engineering,EMEA,31,10.0,10,5.0,1,Customer support was very responsive and resolved my billing issue in 10 minutes.
RESP-12715,2026-09-06 19:28:07.906048,25.0,Male,Sales,North America,41,5.4,6,2.0,6,Constant downtime and sync errors. Frustrating and unhelpful.
RESP-12716,2026-09-09 23:33:07.906048,44.0,Male,Customer Support,North America,47,6.4,6,3.0,4,Customer service takes 4 days to reply. We are considering switching providers.
RESP-12717,2026-08-06 05:35:07.906048,22.0,Male,Product,North America,2,7.1,8,5.0,1,"Features are acceptable, but pricing seems a bit high for small teams."
RESP-12718,2026-06-23 04:28:07.906048,37.0,Male,Marketing,North America,11,4.6,3,2.0,5,The UI update makes navigation horrible. Features crash constantly on Chrome.
RESP-12719,2026-06-30 10:45:07.906048,45.0,Male,Engineering,North America,28,8.8,9,4.0,3,Our account manager is fantastic. Keep up the great work!
RESP-12720,2026-08-12 17:53:07.906048,18.0,Female,Product,North America,17,5.7,4,3.0,5,Constant downtime and sync errors. Frustrating and unhelpful.
RESP-12721,2026-07-02 02:07:07.906048,33.0,Male,Marketing,EMEA,6,6.5,4,3.0,4,Customer service takes 4 days to reply. We are considering switching providers. More details at https://internal-feedback-421.org/details.
RESP-12722,2026-07-04 09:19:07.906048,30.0,Female,Marketing,APAC,20,6.0,6,3.0,4,Customer service takes 4 days to reply. We are considering switching providers.
RESP-12723,2026-08-29 10:21:07.906048,28.0,Female,Sales,North America,13,7.3,9,4.0,3,Customer support was very responsive and resolved my billing issue in 10 minutes.
RESP-12724,2026-08-27 12:04:07.906048,39.0,Male,Sales,North America,12,4.4,6,3.0,5,Constant downtime and sync errors. Frustrating and unhelpful.
RESP-12725,2026-09-04 18:58:07.906048,47.0,Male,Sales,EMEA,40,6.6,6,3.0,3,Terrible experience. Pricing increased without notice and the software is laggy.
RESP-12726,2026-06-30 10:58:07.906048,34.0,Female,Engineering,North America,13,6.4,9,3.0,4,Great UI and clean design. Very satisfied with recent feature releases.
RESP-12727,2026-07-08 18:34:07.906048,38.0,Female,Engineering,North America,1,6.9,6,3.0,5,Terrible experience. Pricing increased without notice and the software is laggy.
RESP-12728,2026-09-03 21:46:07.906048,37.0,Female,Engineering,North America,2,2.2,0,2.0,5,Billing is a nightmare. I was overcharged twice and customer support was completely unresponsive. Contact me at user428@example.com if you want more details.
RESP-12729,2026-08-24 20:07:07.906048,36.0,Female,Sales,LATAM,47,9.1,6,3.0,4,Terrible experience. Pricing increased without notice and the software is laggy.
RESP-12730,2026-09-01 11:26:07.906048,25.0,Female,Marketing,APAC,78,7.3,6,3.0,5,The UI update makes navigation horrible. Features crash constantly on Chrome.
RESP-12731,2026-09-18 00:26:07.906048,47.0,Male,Sales,North America,28,4.8,6,3.0,5,
RESP-12732,2026-09-06 17:45:07.906048,38.0,Female,Engineering,EMEA,11,6.0,5,3.0,5,The UI update makes navigation horrible. Features crash constantly on Chrome.
RESP-12733,2026-08-06 18:47:07.906048,39.0,Female,Product,EMEA,67,6.6,7,5.0,2,"Support is fine, but response times could be improved."
RESP-12734,2026-07-18 21:50:07.906048,27.0,Female,Product,EMEA,27,8.4,10,5.0,1,The software platform is exceptionally intuitive and saves our team hours.
RESP-12735,2026-08-11 05:05:07.906048,31.0,Prefer not to say,Marketing,EMEA,45,3.7,2,1.0,7,Billing is a nightmare. I was overcharged twice and customer support was completely unresponsive.
RESP-12736,2026-08-17 09:55:07.906048,34.0,Female,Product,EMEA,35,7.1,8,5.0,3,The interface is standard. A few bugs here and there.
RESP-12737,2026-07-21 02:51:07.906048,20.0,Female,Customer Support,North America,12,8.2,9,5.0,1,Our account manager is fantastic. Keep up the great work!
RESP-12738,2026-08-29 07:48:07.906048,19.0,Female,Product,North America,16,5.6,4,3.0,5,Constant downtime and sync errors. Frustrating and unhelpful.
RESP-12739,2026-06-29 06:55:07.906048,29.0,Male,Engineering,EMEA,5,7.8,10,5.0,2,Customer support was very responsive and resolved my billing issue in 10 minutes.
RESP-12740,2026-08-30 02:04:07.906048,41.0,Male,Sales,APAC,9,9.3,9,4.0,3,"Fast performance, excellent reliability, and helpful documentation. You can reach my direct desk at +1-555-01440 to discuss."
RESP-12741,2026-06-23 19:42:07.906048,29.0,Female,Engineering,EMEA,37,8.6,8,4.0,3,The interface is standard. A few bugs here and there.
RESP-12742,2026-08-04 18:11:07.906048,25.0,Female,Engineering,APAC,54,7.9,10,5.0,1,"Fast performance, excellent reliability, and helpful documentation."
RESP-12743,2026-09-06 11:17:07.906048,27.0,Female,Engineering,LATAM,31,8.5,9,5.0,1,Great UI and clean design. Very satisfied with recent feature releases.
RESP-12744,2026-06-28 17:24:07.906048,31.0,Male,Customer Support,North America,16,4.9,6,3.0,6,The UI update makes navigation horrible. Features crash constantly on Chrome.
RESP-12745,2026-08-06 12:53:07.906048,32.0,Male,Marketing,EMEA,3,8.4,10,5.0,1,The software platform is exceptionally intuitive and saves our team hours.
RESP-12746,2026-07-05 06:52:07.906048,57.0,Female,Customer Support,EMEA,2,4.9,4,3.0,5,Constant downtime and sync errors. Frustrating and unhelpful.
RESP-12747,2026-09-09 11:23:07.906048,,Female,Engineering,LATAM,12,4.8,7,4.0,2,"The application works fine, but performance slows down occasionally during peak hours."
RESP-12748,2026-09-03 20:26:07.906048,46.0,Female,Marketing,LATAM,15,5.9,5,3.0,4,Customer service takes 4 days to reply. We are considering switching providers.
RESP-12749,2026-09-12 23:50:07.906048,47.0,Female,Customer Support,EMEA,23,4.0,3,2.0,4,Billing is a nightmare. I was overcharged twice and customer support was completely unresponsive.
RESP-12750,2026-09-07 16:32:07.906048,26.0,Male,Sales,North America,1,5.6,5,4.0,3,The UI update makes navigation horrible. Features crash constantly on Chrome.
RESP-12751,2026-08-26 05:32:07.906048,23.0,Female,Customer Support,APAC,110,5.1,4,4.0,4,Customer service takes 4 days to reply. We are considering switching providers. Contact me at user451@example.com if you want more details.
RESP-12752,2026-07-07 13:56:07.906048,24.0,Female,Sales,North America,11,7.8,9,5.0,1,Our account manager is fantastic. Keep up the great work!
RESP-12753,2026-07-18 03:59:07.906048,49.0,Female,Sales,APAC,46,7.0,7,5.0,2,"Support is fine, but response times could be improved."
RESP-12754,2026-08-04 15:47:07.906048,30.0,Non-Binary,Product,LATAM,19,7.7,7,4.0,3,"The application works fine, but performance slows down occasionally during peak hours. You can reach my direct desk at +1-555-01454 to discuss."
RESP-12755,2026-08-12 22:36:07.906048,23.0,Male,Sales,North America,4,6.0,7,3.0,5,The interface is standard. A few bugs here and there.
RESP-12756,2026-08-30 08:05:07.906048,31.0,Female,Sales,EMEA,39,4.4,4,2.0,5,Billing is a nightmare. I was overcharged twice and customer support was completely unresponsive.
RESP-12757,2026-07-11 08:48:07.906048,,Female,Product,EMEA,30,4.0,4,3.0,3,The UI update makes navigation horrible. Features crash constantly on Chrome.
RESP-12758,2026-07-02 11:39:07.906048,38.0,Female,Marketing,EMEA,18,6.7,7,5.0,3,"Features are acceptable, but pricing seems a bit high for small teams."
RESP-12759,2026-08-03 09:01:07.906048,38.0,Male,Engineering,North America,18,8.9,10,5.0,2,Our account manager is fantastic. Keep up the great work!
RESP-12760,2026-07-05 03:31:07.906048,27.0,Female,Engineering,APAC,3,7.5,8,5.0,2,"Average experience overall. Does what it promises, nothing more, nothing less."
RESP-12761,2026-08-22 09:03:07.906048,42.0,Male,Engineering,LATAM,26,6.9,6,2.0,7,Terrible experience. Pricing increased without notice and the software is laggy.
RESP-12762,2026-08-11 17:56:07.906048,29.0,Male,Customer Support,LATAM,59,6.2,7,3.0,4,"Features are acceptable, but pricing seems a bit high for small teams."
RESP-12763,2026-08-26 15:22:07.906048,34.0,Male,Sales,North America,3,5.9,6,4.0,4,Customer service takes 4 days to reply. We are considering switching providers.
RESP-12764,2026-06-26 15:36:07.906048,42.0,Female,Engineering,APAC,8,10.0,9,5.0,3,Great UI and clean design. Very satisfied with recent feature releases.
RESP-12765,2026-09-15 18:19:07.906048,,Male,Product,APAC,56,9.1,7,4.0,4,The interface is standard. A few bugs here and there.
RESP-12766,2026-06-20 22:35:07.906048,30.0,Male,Customer Support,North America,9,6.9,8,5.0,3,"Average experience overall. Does what it promises, nothing more, nothing less."
RESP-12767,2026-07-20 05:32:07.906048,41.0,Female,Engineering,North America,26,8.8,9,4.0,4,The software platform is exceptionally intuitive and saves our team hours.
RESP-12768,2026-08-21 02:35:07.906048,27.0,Female,Customer Support,North America,19,3.6,4,2.0,7,Constant downtime and sync errors. Frustrating and unhelpful.
RESP-12769,2026-06-25 00:05:07.906048,32.0,Female,Customer Support,LATAM,22,6.5,8,4.0,4,"The application works fine, but performance slows down occasionally during peak hours."
RESP-12770,2026-06-28 10:37:07.906048,41.0,Female,Engineering,EMEA,13,8.3,8,4.0,4,"Features are acceptable, but pricing seems a bit high for small teams."
RESP-12771,2026-06-27 20:12:07.906048,56.0,Female,Sales,APAC,9,6.9,5,3.0,4,Terrible experience. Pricing increased without notice and the software is laggy.
RESP-12772,2026-08-12 06:38:07.906048,42.0,Male,Marketing,North America,2,7.2,7,4.0,3,"Average experience overall. Does what it promises, nothing more, nothing less."
RESP-12773,2026-09-09 13:46:07.906048,40.0,Female,Sales,APAC,33,6.7,7,3.0,4,The interface is standard. A few bugs here and there.
RESP-12774,2026-08-09 22:19:07.906048,41.0,Non-Binary,Customer Support,North America,33,9.6,9,5.0,2,Great UI and clean design. Very satisfied with recent feature releases.
RESP-12775,2026-08-14 06:17:07.906048,25.0,Female,Sales,North America,27,5.9,8,3.0,5,"Support is fine, but response times could be improved."
RESP-12776,2026-07-22 01:56:07.906048,37.0,Non-Binary,Engineering,EMEA,25,9.1,5,2.0,6,Constant downtime and sync errors. Frustrating and unhelpful.
RESP-12777,2026-06-22 15:03:07.906048,35.0,Female,Engineering,North America,7,7.0,9,3.0,5,Customer support was very responsive and resolved my billing issue in 10 minutes.
RESP-12778,2026-06-22 21:16:07.906048,39.0,Male,Sales,APAC,1,7.2,8,4.0,3,"Average experience overall. Does what it promises, nothing more, nothing less."
RESP-12779,2026-09-08 21:19:07.906048,37.0,Female,Engineering,North America,40,9.1,10,5.0,3,Great UI and clean design. Very satisfied with recent feature releases.
RESP-12780,2026-06-30 04:08:07.906048,39.0,Female,Engineering,EMEA,17,8.2,3,4.0,3,The UI update makes navigation horrible. Features crash constantly on Chrome.
RESP-12781,2026-09-18 22:07:07.906048,32.0,Male,Marketing,EMEA,9,9.0,10,5.0,2,Customer support was very responsive and resolved my billing issue in 10 minutes.
RESP-12782,2026-07-05 17:44:07.906048,36.0,Female,Product,EMEA,3,6.0,4,4.0,3,Billing is a nightmare. I was overcharged twice and customer support was completely unresponsive.
RESP-12783,2026-08-20 15:47:07.906048,23.0,Male,Marketing,North America,2,5.8,5,3.0,6,The UI update makes navigation horrible. Features crash constantly on Chrome.
RESP-12784,2026-09-14 08:19:07.906048,32.0,Male,Product,North America,11,7.6,7,3.0,4,"Support is fine, but response times could be improved."
RESP-12785,2026-07-23 13:07:07.906048,49.0,Female,Engineering,LATAM,40,9.0,10,5.0,2,Customer support was very responsive and resolved my billing issue in 10 minutes.
RESP-12786,2026-08-26 00:57:07.906048,39.0,Male,Product,North America,61,7.6,9,,4,"Fast performance, excellent reliability, and helpful documentation."
RESP-12787,2026-07-22 12:26:07.906048,35.0,Male,Engineering,APAC,55,9.6,10,5.0,3,Our account manager is fantastic. Keep up the great work!
RESP-12788,2026-07-18 09:15:07.906048,54.0,Female,Product,LATAM,61,6.3,8,4.0,3,The interface is standard. A few bugs here and there.
RESP-12789,2026-07-09 02:28:07.906048,22.0,Male,Product,North America,58,5.6,6,4.0,3,Constant downtime and sync errors. Frustrating and unhelpful.
RESP-12790,2026-09-02 19:48:07.906048,24.0,Male,Marketing,North America,18,7.0,8,4.0,3,"Support is fine, but response times could be improved."
RESP-12791,2026-07-14 02:32:07.906048,53.0,Female,Product,EMEA,6,7.2,6,3.0,4,The UI update makes navigation horrible. Features crash constantly on Chrome.
RESP-12792,2026-07-16 10:12:07.906048,36.0,Female,Customer Support,LATAM,39,6.3,5,2.0,6,Constant downtime and sync errors. Frustrating and unhelpful.
RESP-12793,2026-09-18 20:21:07.906048,33.0,Male,Sales,LATAM,6,6.0,7,4.0,4,"Average experience overall. Does what it promises, nothing more, nothing less."
RESP-12794,2026-07-20 09:34:07.906048,24.0,Female,Sales,EMEA,8,5.5,7,3.0,4,"Features are acceptable, but pricing seems a bit high for small teams."
RESP-12795,2026-07-28 23:46:07.906048,40.0,Female,Customer Support,APAC,7,5.4,6,3.0,5,Constant downtime and sync errors. Frustrating and unhelpful.
RESP-12796,2026-09-18 01:06:07.906048,41.0,Female,Engineering,North America,18,7.7,7,4.0,4,"The application works fine, but performance slows down occasionally during peak hours."
RESP-12797,2026-07-24 04:16:07.906048,25.0,Male,Customer Support,LATAM,10,5.0,6,3.0,4,Constant downtime and sync errors. Frustrating and unhelpful.
RESP-12798,2026-07-23 21:28:07.906048,34.0,Female,Product,LATAM,5,7.0,5,3.0,4,Terrible experience. Pricing increased without notice and the software is laggy.
RESP-12799,2026-09-03 10:26:07.906048,32.0,Female,Engineering,North America,15,7.1,9,,2,"Fast performance, excellent reliability, and helpful documentation."
RESP-12800,2026-07-19 00:21:07.906048,38.0,Male,Marketing,North America,50,7.8,7,4.0,4,"The application works fine, but performance slows down occasionally during peak hours."
RESP-12801,2026-07-11 23:33:07.906048,24.0,Female,Product,North America,21,7.6,10,5.0,2,Our account manager is fantastic. Keep up the great work!
RESP-12802,2026-07-29 00:43:07.906048,48.0,Male,Product,North America,51,10.0,8,5.0,2,"Features are acceptable, but pricing seems a bit high for small teams."
RESP-12803,2026-08-22 23:58:07.906048,45.0,Prefer not to say,Product,APAC,6,7.5,10,5.0,3,The software platform is exceptionally intuitive and saves our team hours.
RESP-12804,2026-06-24 19:59:07.906048,32.0,Male,Customer Support,North America,5,4.7,4,3.0,6,Constant downtime and sync errors. Frustrating and unhelpful.
RESP-12805,2026-07-24 14:14:07.906048,33.0,Male,Product,North America,21,10.0,9,5.0,1,The software platform is exceptionally intuitive and saves our team hours.
RESP-12806,2026-07-22 02:28:07.906048,34.0,Female,Marketing,North America,15,7.1,7,3.0,5,The interface is standard. A few bugs here and there.
RESP-12807,2026-07-12 23:23:07.906048,28.0,Male,Engineering,LATAM,26,9.2,8,4.0,3,"Features are acceptable, but pricing seems a bit high for small teams."
RESP-12808,2026-08-18 19:50:07.906048,31.0,Female,Sales,EMEA,38,6.9,7,4.0,2,"Features are acceptable, but pricing seems a bit high for small teams."
RESP-12809,2026-07-17 00:57:07.906048,33.0,Female,Marketing,EMEA,34,7.4,6,3.0,4,Billing is a nightmare. I was overcharged twice and customer support was completely unresponsive.
RESP-12810,2026-08-14 13:07:07.906048,52.0,Female,Engineering,North America,69,8.5,7,3.0,5,The interface is standard. A few bugs here and there.
RESP-12811,2026-08-05 07:57:07.906048,45.0,Female,Customer Support,LATAM,13,3.8,5,3.0,6,Constant downtime and sync errors. Frustrating and unhelpful.
RESP-12812,2026-07-10 11:42:07.906048,45.0,Male,Customer Support,APAC,6,6.1,5,3.0,6,Customer service takes 4 days to reply. We are considering switching providers.
RESP-12813,2026-07-14 22:21:07.906048,39.0,Female,Engineering,North America,20,5.7,5,3.0,4,Terrible experience. Pricing increased without notice and the software is laggy.
RESP-12814,2026-07-06 07:04:07.906048,24.0,Male,Customer Support,North America,3,5.2,3,1.0,6,Billing is a nightmare. I was overcharged twice and customer support was completely unresponsive.
RESP-12815,2026-06-26 00:54:07.906048,35.0,Male,Marketing,North America,9,5.4,5,3.0,5,Constant downtime and sync errors. Frustrating and unhelpful.
RESP-12816,2026-08-15 16:01:07.906048,45.0,Male,Sales,North America,6,6.5,8,5.0,2,The interface is standard. A few bugs here and there.
RESP-12817,2026-08-20 11:48:07.906048,23.0,Female,Engineering,EMEA,13,8.2,7,3.0,4,"Support is fine, but response times could be improved."
RESP-12818,2026-07-05 21:08:07.906048,42.0,Male,Engineering,LATAM,3,8.4,7,5.0,3,The interface is standard. A few bugs here and there. More details at https://internal-feedback-518.org/details.
RESP-12819,2026-08-15 07:49:07.906048,59.0,Female,Sales,EMEA,1,6.4,7,4.0,3,The interface is standard. A few bugs here and there.
RESP-12820,2026-09-17 07:53:07.906048,46.0,Female,Product,APAC,26,6.4,6,2.0,6,Billing is a nightmare. I was overcharged twice and customer support was completely unresponsive.
RESP-12821,2026-06-27 15:17:07.906048,50.0,Prefer not to say,Engineering,EMEA,23,7.3,10,5.0,2,The software platform is exceptionally intuitive and saves our team hours.
RESP-12822,2026-08-04 01:47:07.906048,38.0,Female,Customer Support,APAC,30,6.9,7,4.0,3,"Features are acceptable, but pricing seems a bit high for small teams."
RESP-12823,2026-08-25 21:56:07.906048,45.0,Female,Engineering,APAC,26,9.3,10,5.0,1,Our account manager is fantastic. Keep up the great work!
RESP-12824,2026-06-25 01:57:07.906048,28.0,Male,Sales,North America,3,4.3,6,3.0,4,
RESP-12825,2026-08-29 23:39:07.906048,43.0,Female,Marketing,North America,9,4.2,6,3.0,4,Constant downtime and sync errors. Frustrating and unhelpful.
RESP-12826,2026-09-17 02:19:07.906048,42.0,Male,Marketing,EMEA,4,5.4,6,3.0,5,Constant downtime and sync errors. Frustrating and unhelpful.
RESP-12827,2026-06-28 21:43:07.906048,38.0,Female,Engineering,North America,45,9.3,9,4.0,2,"Fast performance, excellent reliability, and helpful documentation."
RESP-12828,2026-09-02 22:35:07.906048,49.0,Female,Sales,North America,33,7.8,10,5.0,1,Customer support was very responsive and resolved my billing issue in 10 minutes.
RESP-12829,2026-07-25 00:19:07.906048,30.0,Female,Engineering,EMEA,6,6.3,6,3.0,6,The UI update makes navigation horrible. Features crash constantly on Chrome.
RESP-12830,2026-07-03 21:52:07.906048,34.0,Female,Sales,LATAM,11,6.5,6,3.0,4,Constant downtime and sync errors. Frustrating and unhelpful.
RESP-12831,2026-08-04 07:52:07.906048,36.0,Female,Customer Support,EMEA,82,8.3,7,4.0,4,"Features are acceptable, but pricing seems a bit high for small teams."
RESP-12832,2026-06-27 09:03:07.906048,25.0,Male,Engineering,APAC,22,8.3,6,5.0,3,The UI update makes navigation horrible. Features crash constantly on Chrome.
RESP-12833,2026-08-06 22:19:07.906048,38.0,Male,Sales,EMEA,39,8.1,9,5.0,2,Customer support was very responsive and resolved my billing issue in 10 minutes.
RESP-12834,2026-06-22 16:23:07.906048,18.0,Non-Binary,Sales,APAC,8,7.5,4,4.0,3,Customer service takes 4 days to reply. We are considering switching providers.
RESP-12835,2026-08-25 12:23:07.906048,46.0,Female,Product,EMEA,6,5.9,6,4.0,3,The UI update makes navigation horrible. Features crash constantly on Chrome.
RESP-12836,2026-08-03 20:35:07.906048,36.0,Male,Product,APAC,37,7.0,7,4.0,3,"Average experience overall. Does what it promises, nothing more, nothing less."
RESP-12837,2026-08-01 05:53:07.906048,30.0,Male,Engineering,EMEA,28,7.8,10,5.0,2,Great UI and clean design. Very satisfied with recent feature releases. More details at https://internal-feedback-537.org/details.
RESP-12838,2026-07-08 14:21:07.906048,27.0,Male,Marketing,EMEA,28,6.7,4,3.0,2,Billing is a nightmare. I was overcharged twice and customer support was completely unresponsive.
RESP-12839,2026-07-23 10:54:07.906048,33.0,Female,Sales,EMEA,20,7.4,6,3.0,5,Customer service takes 4 days to reply. We are considering switching providers.
RESP-12840,2026-07-07 07:25:07.906048,42.0,Male,Sales,EMEA,20,6.6,6,3.0,4,Customer service takes 4 days to reply. We are considering switching providers.
RESP-12841,2026-08-26 03:01:07.906048,41.0,Male,Marketing,North America,32,2.1,2,2.0,6,Constant downtime and sync errors. Frustrating and unhelpful.
RESP-12842,2026-07-08 20:28:07.906048,28.0,Female,Product,North America,8,5.3,4,3.0,5,Customer service takes 4 days to reply. We are considering switching providers.
RESP-12843,2026-08-15 10:46:07.906048,27.0,Male,Product,North America,11,4.0,4,3.0,4,The UI update makes navigation horrible. Features crash constantly on Chrome.
RESP-12844,2026-07-16 02:32:07.906048,42.0,Female,Customer Support,APAC,50,5.8,4,2.0,7,Customer service takes 4 days to reply. We are considering switching providers.
RESP-12845,2026-08-19 01:39:07.906048,28.0,Male,Sales,North America,9,6.4,7,4.0,4,"Support is fine, but response times could be improved."
RESP-12846,2026-08-08 13:57:07.906048,36.0,Male,Marketing,North America,19,6.9,3,3.0,4,Constant downtime and sync errors. Frustrating and unhelpful.
RESP-12847,2026-07-29 01:12:07.906048,37.0,Male,Sales,APAC,30,4.6,5,3.0,6,Billing is a nightmare. I was overcharged twice and customer support was completely unresponsive. More details at https://internal-feedback-547.org/details.
RESP-12848,2026-08-20 12:15:07.906048,39.0,Female,Customer Support,North America,120,6.5,6,2.0,5,Customer service takes 4 days to reply. We are considering switching providers.
RESP-12849,2026-07-28 08:32:07.906048,44.0,Female,Sales,EMEA,14,7.1,9,4.0,4,Great UI and clean design. Very satisfied with recent feature releases.
RESP-12850,2026-09-02 20:44:07.906048,23.0,Male,Customer Support,North America,14,3.6,6,4.0,4,Terrible experience. Pricing increased without notice and the software is laggy.
RESP-12851,2026-08-25 14:30:07.906048,18.0,Female,Engineering,LATAM,45,5.5,5,3.0,5,Terrible experience. Pricing increased without notice and the software is laggy.
RESP-12852,2026-08-08 14:21:07.906048,30.0,Female,Engineering,APAC,40,7.7,10,5.0,1,"Fast performance, excellent reliability, and helpful documentation."
RESP-12853,2026-09-07 21:02:07.906048,54.0,Male,Product,APAC,32,10.0,10,5.0,4,Customer support was very responsive and resolved my billing issue in 10 minutes.
RESP-12854,2026-09-03 12:55:07.906048,56.0,Male,Engineering,EMEA,15,10.0,9,4.0,3,
RESP-12855,2026-08-07 19:21:07.906048,,Female,Customer Support,APAC,10,6.3,9,5.0,3,Our account manager is fantastic. Keep up the great work!
RESP-12856,2026-06-27 02:25:07.906048,34.0,Female,Engineering,North America,23,6.6,7,3.0,5,"Average experience overall. Does what it promises, nothing more, nothing less."
RESP-12857,2026-08-10 21:08:07.906048,18.0,Female,Engineering,North America,51,9.0,9,5.0,2,The software platform is exceptionally intuitive and saves our team hours.
RESP-12858,2026-07-22 21:56:07.906048,18.0,Male,Engineering,North America,52,7.0,8,4.0,3,"The application works fine, but performance slows down occasionally during peak hours. Contact me at user558@example.com if you want more details."
RESP-12859,2026-08-08 13:13:07.906048,29.0,Male,Engineering,EMEA,3,6.5,7,4.0,4,The interface is standard. A few bugs here and there.
RESP-12860,2026-08-18 04:23:07.906048,34.0,Male,Product,EMEA,14,4.1,4,3.0,5,Customer service takes 4 days to reply. We are considering switching providers.
RESP-12861,2026-08-17 23:26:07.906048,49.0,Male,Sales,EMEA,15,6.2,4,3.0,4,Terrible experience. Pricing increased without notice and the software is laggy.
RESP-12862,2026-08-20 13:23:07.906048,44.0,Male,Product,North America,92,6.4,6,3.0,4,Billing is a nightmare. I was overcharged twice and customer support was completely unresponsive. Contact me at user562@example.com if you want more details.
RESP-12863,2026-08-21 01:48:07.906048,38.0,Male,Customer Support,EMEA,28,5.6,7,3.0,5,"The application works fine, but performance slows down occasionally during peak hours."
RESP-12864,2026-06-30 18:37:07.906048,27.0,Female,Sales,APAC,13,2.6,2,4.0,3,The UI update makes navigation horrible. Features crash constantly on Chrome.
RESP-12865,2026-07-08 04:40:07.906048,26.0,Male,Customer Support,EMEA,1,5.8,7,4.0,4,"The application works fine, but performance slows down occasionally during peak hours."
RESP-12866,2026-08-16 16:33:07.906048,38.0,Female,Customer Support,APAC,20,1.9,2,2.0,6,Billing is a nightmare. I was overcharged twice and customer support was completely unresponsive. You can reach my direct desk at +1-555-01566 to discuss.
RESP-12867,2026-07-27 16:14:07.906048,42.0,Male,Marketing,North America,3,8.1,7,4.0,3,"Support is fine, but response times could be improved."
RESP-12868,2026-08-28 14:20:07.906048,39.0,Male,Sales,APAC,44,6.8,5,4.0,3,Constant downtime and sync errors. Frustrating and unhelpful.
RESP-12869,2026-07-02 04:23:07.906048,25.0,Female,Sales,EMEA,34,5.6,5,3.0,4,The UI update makes navigation horrible. Features crash constantly on Chrome.
RESP-12870,2026-07-08 04:16:07.906048,42.0,Male,Product,North America,15,8.1,7,3.0,4,"Average experience overall. Does what it promises, nothing more, nothing less."
RESP-12871,2026-08-10 04:52:07.906048,40.0,Female,Product,North America,14,5.8,6,3.0,5,Customer service takes 4 days to reply. We are considering switching providers.
RESP-12872,2026-08-05 00:11:07.906048,25.0,Male,Product,EMEA,55,7.4,6,5.0,1,Billing is a nightmare. I was overcharged twice and customer support was completely unresponsive.
RESP-12873,2026-07-14 22:00:07.906048,28.0,Female,Sales,APAC,9,7.2,6,3.0,5,Terrible experience. Pricing increased without notice and the software is laggy.
RESP-12874,2026-07-27 16:36:07.906048,42.0,Male,Marketing,EMEA,7,1.9,3,2.0,6,Terrible experience. Pricing increased without notice and the software is laggy.
RESP-12875,2026-06-24 02:08:07.906048,33.0,Female,Sales,North America,68,5.3,6,3.0,5,Billing is a nightmare. I was overcharged twice and customer support was completely unresponsive.
RESP-12876,2026-06-24 06:35:07.906048,51.0,Female,Sales,APAC,40,6.0,5,2.0,6,Billing is a nightmare. I was overcharged twice and customer support was completely unresponsive.
RESP-12877,2026-06-29 11:37:07.906048,41.0,Female,Engineering,EMEA,42,7.4,7,4.0,3,"Features are acceptable, but pricing seems a bit high for small teams."
RESP-12878,2026-08-11 20:27:07.906048,31.0,Female,Customer Support,EMEA,6,7.7,10,4.0,3,Great UI and clean design. Very satisfied with recent feature releases.
RESP-12879,2026-09-06 16:12:07.906048,35.0,Female,Engineering,EMEA,4,6.0,6,3.0,3,Terrible experience. Pricing increased without notice and the software is laggy.
RESP-12880,2026-07-14 08:39:07.906048,36.0,Male,Sales,North America,1,5.1,6,5.0,2,Billing is a nightmare. I was overcharged twice and customer support was completely unresponsive.
RESP-12881,2026-06-23 23:53:07.906048,28.0,Female,Product,EMEA,7,4.4,3,2.0,5,The UI update makes navigation horrible. Features crash constantly on Chrome.
RESP-12882,2026-08-23 17:13:07.906048,26.0,Female,Engineering,North America,36,10.0,10,5.0,2,Customer support was very responsive and resolved my billing issue in 10 minutes.
RESP-12883,2026-09-05 22:08:07.906048,43.0,Female,Engineering,LATAM,7,7.3,10,5.0,3,The software platform is exceptionally intuitive and saves our team hours.
RESP-12884,2026-07-03 09:02:07.906048,44.0,Male,Engineering,EMEA,32,7.0,6,3.0,4,Customer service takes 4 days to reply. We are considering switching providers.
RESP-12885,2026-07-25 15:47:07.906048,42.0,Male,Product,EMEA,7,7.2,5,3.0,4,Billing is a nightmare. I was overcharged twice and customer support was completely unresponsive.
RESP-12886,2026-07-05 05:27:07.906048,51.0,Male,Customer Support,EMEA,13,6.5,7,4.0,4,"Features are acceptable, but pricing seems a bit high for small teams."
RESP-12887,2026-06-30 12:18:07.906048,30.0,Male,Sales,LATAM,99,6.5,8,4.0,3,
RESP-12888,2026-08-18 06:37:07.906048,52.0,Female,Marketing,APAC,7,10.0,10,5.0,1,"Fast performance, excellent reliability, and helpful documentation."
RESP-12889,2026-09-16 00:27:07.906048,26.0,Female,Marketing,EMEA,12,7.2,6,3.0,5,The UI update makes navigation horrible. Features crash constantly on Chrome.
RESP-12890,2026-08-20 23:25:07.906048,25.0,Female,Sales,APAC,9,5.3,5,3.0,4,Billing is a nightmare. I was overcharged twice and customer support was completely unresponsive.
RESP-12891,2026-09-17 13:46:07.906048,18.0,Male,Customer Support,EMEA,3,4.7,6,3.0,5,Customer service takes 4 days to reply. We are considering switching providers.
RESP-12892,2026-07-30 00:52:07.906048,31.0,Prefer not to say,Marketing,EMEA,17,5.9,5,3.0,6,Terrible experience. Pricing increased without notice and the software is laggy.
RESP-12893,2026-09-09 17:58:07.906048,30.0,Male,Customer Support,North America,12,3.2,4,2.0,6,
RESP-12894,2026-07-09 09:33:07.906048,41.0,Female,Engineering,EMEA,29,7.8,10,3.0,4,"Fast performance, excellent reliability, and helpful documentation."
RESP-12895,2026-07-01 13:15:07.906048,38.0,Female,Product,North America,41,8.5,9,4.0,3,The software platform is exceptionally intuitive and saves our team hours.
RESP-12896,2026-08-23 04:01:07.906048,24.0,Female,Customer Support,LATAM,19,4.6,5,4.0,1,Billing is a nightmare. I was overcharged twice and customer support was completely unresponsive.
RESP-12897,2026-07-24 08:49:07.906048,32.0,Male,Sales,North America,1,4.8,6,3.0,4,Customer service takes 4 days to reply. We are considering switching providers.
RESP-12898,2026-07-19 12:47:07.906048,32.0,Female,Sales,LATAM,24,8.3,7,4.0,3,The interface is standard. A few bugs here and there.
RESP-12899,2026-08-20 08:32:07.906048,18.0,Non-Binary,Engineering,EMEA,2,5.6,4,1.0,6,Terrible experience. Pricing increased without notice and the software is laggy.
RESP-12900,2026-07-20 22:54:07.906048,26.0,Female,Engineering,EMEA,23,4.6,4,2.0,6,Terrible experience. Pricing increased without notice and the software is laggy.
RESP-12901,2026-08-11 11:18:07.906048,28.0,Male,Marketing,EMEA,28,4.8,4,2.0,5,
RESP-12902,2026-07-17 21:24:07.906048,50.0,Male,Engineering,North America,6,5.4,4,2.0,5,Terrible experience. Pricing increased without notice and the software is laggy.
RESP-12903,2026-08-30 11:29:07.906048,37.0,Male,Sales,North America,42,6.6,9,5.0,2,Great UI and clean design. Very satisfied with recent feature releases.
RESP-12904,2026-07-19 01:20:07.906048,42.0,Male,Customer Support,North America,59,5.0,8,5.0,2,"Average experience overall. Does what it promises, nothing more, nothing less."
RESP-12905,2026-08-08 02:10:07.906048,21.0,Male,Engineering,EMEA,41,7.4,7,5.0,3,"Support is fine, but response times could be improved."
RESP-12906,2026-06-23 00:38:07.906048,47.0,Male,Product,EMEA,9,9.0,9,4.0,4,Great UI and clean design. Very satisfied with recent feature releases.
RESP-12907,2026-08-31 04:43:07.906048,49.0,Male,Engineering,APAC,22,6.7,6,4.0,3,Billing is a nightmare. I was overcharged twice and customer support was completely unresponsive.
RESP-12908,2026-08-15 18:30:07.906048,18.0,Male,Sales,North America,60,7.2,9,5.0,2,Great UI and clean design. Very satisfied with recent feature releases.
RESP-12909,2026-07-08 05:48:07.906048,28.0,Prefer not to say,Sales,North America,10,8.3,10,5.0,2,"Fast performance, excellent reliability, and helpful documentation."
RESP-12910,2026-07-10 07:47:07.906048,40.0,Male,Engineering,EMEA,42,7.0,4,2.0,6,The UI update makes navigation horrible. Features crash constantly on Chrome. Contact me at user610@example.com if you want more details.
RESP-12911,2026-07-14 13:34:07.906048,42.0,Male,Engineering,LATAM,1,8.8,10,4.0,3,Our account manager is fantastic. Keep up the great work!
RESP-12912,2026-08-11 19:53:07.906048,29.0,Male,Marketing,APAC,1,6.1,4,2.0,6,Customer service takes 4 days to reply. We are considering switching providers. More details at https://internal-feedback-612.org/details.
RESP-12913,2026-08-09 06:56:07.906048,32.0,Female,Product,EMEA,35,8.7,10,5.0,2,"Fast performance, excellent reliability, and helpful documentation."
RESP-12914,2026-07-15 14:07:07.906048,30.0,Female,Engineering,EMEA,35,5.3,6,5.0,3,Customer service takes 4 days to reply. We are considering switching providers.
RESP-12915,2026-08-22 09:45:07.906048,37.0,Male,Customer Support,North America,38,3.0,2,1.0,7,Billing is a nightmare. I was overcharged twice and customer support was completely unresponsive. Contact me at user615@example.com if you want more details.
RESP-12916,2026-09-08 22:54:07.906048,47.0,Male,Marketing,LATAM,64,5.9,6,3.0,5,Terrible experience. Pricing increased without notice and the software is laggy.
RESP-12917,2026-06-24 20:34:07.906048,28.0,Male,Marketing,EMEA,4,5.2,5,2.0,4,Billing is a nightmare. I was overcharged twice and customer support was completely unresponsive.
RESP-12918,2026-07-28 11:43:07.906048,46.0,Female,Sales,North America,7,5.2,6,3.0,6,The UI update makes navigation horrible. Features crash constantly on Chrome.
RESP-12919,2026-08-13 08:35:07.906048,28.0,Male,Sales,EMEA,57,5.7,7,4.0,3,The interface is standard. A few bugs here and there.
RESP-12920,2026-08-12 17:17:07.906048,27.0,Male,Sales,North America,5,7.1,5,3.0,4,Constant downtime and sync errors. Frustrating and unhelpful.
RESP-12921,2026-06-22 16:46:07.906048,44.0,Female,Marketing,LATAM,28,5.9,9,5.0,1,Our account manager is fantastic. Keep up the great work!
RESP-12922,2026-07-09 21:24:07.906048,45.0,Male,Marketing,North America,19,5.3,8,4.0,4,"The application works fine, but performance slows down occasionally during peak hours. You can reach my direct desk at +1-555-01622 to discuss."
RESP-12923,2026-06-26 12:08:07.906048,,Male,Engineering,EMEA,3,7.2,6,4.0,4,Customer service takes 4 days to reply. We are considering switching providers.
RESP-12924,2026-08-11 03:32:07.906048,22.0,Female,Sales,North America,9,4.8,5,3.0,5,Customer service takes 4 days to reply. We are considering switching providers.
RESP-12925,2026-08-18 00:37:07.906048,31.0,Male,Product,APAC,18,5.9,8,3.0,3,The interface is standard. A few bugs here and there. You can reach my direct desk at +1-555-01625 to discuss.
RESP-12926,2026-07-05 07:37:07.906048,44.0,Male,Marketing,APAC,46,4.1,6,2.0,6,Billing is a nightmare. I was overcharged twice and customer support was completely unresponsive.
RESP-12927,2026-07-20 21:53:07.906048,36.0,Female,Product,EMEA,30,7.4,7,3.0,5,"The application works fine, but performance slows down occasionally during peak hours."
RESP-12928,2026-07-20 14:57:07.906048,25.0,Female,Marketing,EMEA,24,5.6,7,4.0,5,"The application works fine, but performance slows down occasionally during peak hours."
RESP-12929,2026-09-02 17:21:07.906048,40.0,Prefer not to say,Sales,APAC,17,7.4,10,,1,Customer support was very responsive and resolved my billing issue in 10 minutes.
RESP-12930,2026-07-08 11:02:07.906048,28.0,Female,Customer Support,North America,9,3.3,3,2.0,5,Billing is a nightmare. I was overcharged twice and customer support was completely unresponsive.
RESP-12931,2026-08-09 06:56:07.906048,53.0,Female,Customer Support,North America,4,4.7,4,2.0,5,Billing is a nightmare. I was overcharged twice and customer support was completely unresponsive.
RESP-12932,2026-08-30 09:43:07.906048,51.0,Female,Engineering,North America,13,10.0,10,5.0,3,Our account manager is fantastic. Keep up the great work!
RESP-12933,2026-09-03 14:28:07.906048,42.0,Male,Customer Support,LATAM,1,4.1,4,2.0,5,The UI update makes navigation horrible. Features crash constantly on Chrome. You can reach my direct desk at +1-555-01633 to discuss.
RESP-12934,2026-08-19 22:21:07.906048,49.0,Male,Marketing,North America,6,6.1,5,4.0,5,Customer service takes 4 days to reply. We are considering switching providers.
RESP-12935,2026-07-17 21:33:07.906048,36.0,Male,Engineering,APAC,14,5.9,7,5.0,2,"Support is fine, but response times could be improved."
RESP-12936,2026-09-03 00:21:07.906048,43.0,Female,Marketing,EMEA,14,4.5,3,4.0,3,Constant downtime and sync errors. Frustrating and unhelpful.
RESP-12937,2026-08-26 17:39:07.906048,50.0,Male,Customer Support,North America,2,7.8,7,4.0,3,
RESP-12938,2026-08-23 08:14:07.906048,38.0,Female,Product,North America,22,7.6,9,5.0,2,Customer support was very responsive and resolved my billing issue in 10 minutes.
RESP-12939,2026-06-27 00:01:07.906048,33.0,Female,Engineering,North America,20,7.9,5,4.0,3,Constant downtime and sync errors. Frustrating and unhelpful.
RESP-12940,2026-06-24 20:02:07.906048,18.0,Female,Sales,EMEA,2,3.5,5,3.0,6,Billing is a nightmare. I was overcharged twice and customer support was completely unresponsive.
RESP-12941,2026-08-22 12:34:07.906048,35.0,Female,Customer Support,North America,69,6.0,3,3.0,4,The UI update makes navigation horrible. Features crash constantly on Chrome.
RESP-12942,2026-09-13 23:20:07.906048,44.0,Male,Sales,North America,3,7.7,5,2.0,6,The UI update makes navigation horrible. Features crash constantly on Chrome.
RESP-12943,2026-08-29 13:49:07.906048,45.0,Male,Marketing,APAC,47,8.2,7,4.0,4,The interface is standard. A few bugs here and there.
RESP-12944,2026-09-03 18:34:07.906048,41.0,Female,Marketing,LATAM,1,7.5,8,5.0,3,
RESP-12945,2026-08-08 23:44:07.906048,30.0,Male,Engineering,North America,52,6.0,8,4.0,2,"The application works fine, but performance slows down occasionally during peak hours."
RESP-12946,2026-07-18 08:29:07.906048,18.0,Male,Customer Support,North America,1,6.0,6,3.0,3,Constant downtime and sync errors. Frustrating and unhelpful.
RESP-12947,2026-08-20 22:29:07.906048,31.0,Male,Customer Support,North America,35,6.5,6,2.0,5,The UI update makes navigation horrible. Features crash constantly on Chrome.
RESP-12948,2026-08-24 00:26:07.906048,32.0,Female,Sales,EMEA,11,3.3,4,4.0,4,Billing is a nightmare. I was overcharged twice and customer support was completely unresponsive. You can reach my direct desk at +1-555-01648 to discuss.
RESP-12949,2026-08-20 17:21:07.906048,32.0,Male,Product,APAC,33,5.6,4,3.0,6,Billing is a nightmare. I was overcharged twice and customer support was completely unresponsive.
RESP-12950,2026-09-14 03:28:07.906048,42.0,Female,Marketing,North America,13,7.8,8,4.0,3,The interface is standard. A few bugs here and there.
RESP-12951,2026-07-23 23:41:07.906048,55.0,Male,Customer Support,North America,2,6.8,5,3.0,4,Customer service takes 4 days to reply. We are considering switching providers.
RESP-12952,2026-06-24 12:14:07.906048,37.0,Female,Marketing,APAC,36,4.2,4,3.0,5,Customer service takes 4 days to reply. We are considering switching providers.
RESP-12953,2026-09-10 16:49:07.906048,33.0,Male,Sales,EMEA,2,7.2,7,5.0,1,"Average experience overall. Does what it promises, nothing more, nothing less."
RESP-12954,2026-07-05 09:15:07.906048,33.0,Female,Product,North America,62,7.4,6,3.0,4,Terrible experience. Pricing increased without notice and the software is laggy.
RESP-12955,2026-08-22 16:47:07.906048,37.0,Female,Customer Support,EMEA,2,6.7,7,4.0,3,"Support is fine, but response times could be improved."
RESP-12956,2026-09-07 12:42:07.906048,27.0,Male,Marketing,North America,16,5.5,6,4.0,3,The UI update makes navigation horrible. Features crash constantly on Chrome.
RESP-12957,2026-07-18 20:29:07.906048,37.0,Male,Product,North America,31,8.3,10,5.0,2,The software platform is exceptionally intuitive and saves our team hours.
RESP-12958,2026-09-03 16:16:07.906048,40.0,Male,Sales,APAC,12,7.3,5,1.0,6,Customer service takes 4 days to reply. We are considering switching providers.
RESP-12959,2026-07-20 19:49:07.906048,38.0,Male,Marketing,APAC,6,6.0,6,3.0,5,Billing is a nightmare. I was overcharged twice and customer support was completely unresponsive.
RESP-12960,2026-08-31 10:10:07.906048,40.0,Female,Engineering,EMEA,35,7.7,7,3.0,4,"Features are acceptable, but pricing seems a bit high for small teams."
RESP-12961,2026-06-27 05:24:07.906048,40.0,Male,Sales,LATAM,37,5.0,6,4.0,4,Billing is a nightmare. I was overcharged twice and customer support was completely unresponsive.
RESP-12962,2026-08-18 21:54:07.906048,18.0,Female,Sales,EMEA,62,8.5,10,4.0,2,Customer support was very responsive and resolved my billing issue in 10 minutes.
RESP-12963,2026-08-20 21:12:07.906048,42.0,Female,Product,APAC,12,7.1,8,3.0,4,The interface is standard. A few bugs here and there.
RESP-12964,2026-08-04 04:03:07.906048,29.0,Male,Product,EMEA,17,5.9,5,5.0,3,Constant downtime and sync errors. Frustrating and unhelpful.
RESP-12965,2026-08-21 18:41:07.906048,25.0,Male,Marketing,APAC,11,5.4,7,4.0,3,The interface is standard. A few bugs here and there.
RESP-12966,2026-09-12 00:39:07.906048,24.0,Male,Marketing,LATAM,8,6.7,4,3.0,5,Customer service takes 4 days to reply. We are considering switching providers.
RESP-12967,2026-08-25 23:42:07.906048,40.0,Male,Customer Support,North America,34,6.6,4,3.0,3,The UI update makes navigation horrible. Features crash constantly on Chrome.
RESP-12968,2026-09-15 10:58:07.906048,33.0,Male,Product,LATAM,10,5.3,3,2.0,4,The UI update makes navigation horrible. Features crash constantly on Chrome.
RESP-12969,2026-07-31 07:35:07.906048,19.0,Female,Sales,APAC,14,8.8,9,5.0,1,Customer support was very responsive and resolved my billing issue in 10 minutes.
RESP-12970,2026-08-07 11:41:07.906048,40.0,Female,Sales,APAC,13,6.5,8,4.0,2,"Support is fine, but response times could be improved."
RESP-12971,2026-07-14 16:15:07.906048,21.0,Male,Engineering,North America,30,8.4,4,3.0,4,The UI update makes navigation horrible. Features crash constantly on Chrome.
RESP-12972,2026-09-17 15:28:07.906048,37.0,Female,Marketing,APAC,60,6.4,8,4.0,3,"The application works fine, but performance slows down occasionally during peak hours. More details at https://internal-feedback-672.org/details."
RESP-12973,2026-06-25 21:40:07.906048,38.0,Female,Marketing,APAC,27,6.5,7,3.0,3,"Features are acceptable, but pricing seems a bit high for small teams."
RESP-12974,2026-07-23 05:12:07.906048,44.0,Female,Sales,North America,16,5.8,3,3.0,4,Terrible experience. Pricing increased without notice and the software is laggy.
RESP-12975,2026-07-17 17:36:07.906048,53.0,Male,Engineering,LATAM,37,9.2,9,4.0,3,"Fast performance, excellent reliability, and helpful documentation. Contact me at user675@example.com if you want more details."
RESP-12976,2026-07-25 17:26:07.906048,22.0,Female,Marketing,North America,25,6.5,8,5.0,1,The interface is standard. A few bugs here and there.
RESP-12977,2026-09-11 12:51:07.906048,35.0,Male,Engineering,North America,2,8.9,10,5.0,1,The software platform is exceptionally intuitive and saves our team hours.
RESP-12978,2026-07-24 01:32:07.906048,33.0,Male,Marketing,EMEA,3,5.8,7,5.0,3,"The application works fine, but performance slows down occasionally during peak hours. You can reach my direct desk at +1-555-01678 to discuss."
RESP-12979,2026-09-11 11:15:07.906048,40.0,Female,Product,EMEA,1,7.6,6,3.0,6,Customer service takes 4 days to reply. We are considering switching providers.
RESP-12980,2026-07-29 00:59:07.906048,38.0,Male,Sales,EMEA,15,4.8,4,2.0,6,Terrible experience. Pricing increased without notice and the software is laggy.
RESP-12981,2026-09-05 20:53:07.906048,32.0,Male,Engineering,North America,42,9.5,8,4.0,5,"Features are acceptable, but pricing seems a bit high for small teams."
RESP-12982,2026-08-06 21:33:07.906048,31.0,Male,Marketing,LATAM,10,5.2,8,4.0,4,"The application works fine, but performance slows down occasionally during peak hours."
RESP-12983,2026-07-18 23:06:07.906048,24.0,Male,Marketing,North America,12,6.0,7,5.0,3,"The application works fine, but performance slows down occasionally during peak hours."
RESP-12984,2026-07-31 09:10:07.906048,45.0,Female,Customer Support,North America,58,5.0,9,5.0,2,"Fast performance, excellent reliability, and helpful documentation."
RESP-12985,2026-07-29 03:14:07.906048,40.0,Male,Product,North America,44,6.8,6,2.0,5,Customer service takes 4 days to reply. We are considering switching providers.
RESP-12986,2026-07-14 07:59:07.906048,45.0,Female,Engineering,EMEA,27,8.8,8,4.0,2,"The application works fine, but performance slows down occasionally during peak hours."
RESP-12987,2026-07-17 00:12:07.906048,32.0,Non-Binary,Customer Support,LATAM,8,5.0,5,1.0,6,Customer service takes 4 days to reply. We are considering switching providers.
RESP-12988,2026-07-07 17:19:07.906048,29.0,Male,Marketing,EMEA,3,8.6,10,5.0,1,Customer support was very responsive and resolved my billing issue in 10 minutes.
RESP-12989,2026-07-21 04:20:07.906048,25.0,Male,Product,APAC,1,6.1,6,4.0,3,Constant downtime and sync errors. Frustrating and unhelpful.
RESP-12990,2026-08-16 03:17:07.906048,39.0,Female,Engineering,North America,3,8.0,8,4.0,5,"Support is fine, but response times could be improved."
RESP-12991,2026-07-25 17:32:07.906048,25.0,Female,Marketing,EMEA,9,5.3,5,3.0,4,Customer service takes 4 days to reply. We are considering switching providers.
RESP-12992,2026-08-24 01:12:07.906048,54.0,Female,Customer Support,EMEA,20,6.1,6,3.0,6,Terrible experience. Pricing increased without notice and the software is laggy.
RESP-12993,2026-09-17 18:27:07.906048,22.0,Female,Sales,EMEA,2,6.0,5,2.0,5,The UI update makes navigation horrible. Features crash constantly on Chrome.
RESP-12994,2026-07-24 21:07:07.906048,38.0,Female,Engineering,North America,4,7.5,7,4.0,5,"The application works fine, but performance slows down occasionally during peak hours."
RESP-12995,2026-08-01 13:53:07.906048,51.0,Male,Product,EMEA,5,9.1,9,4.0,3,The software platform is exceptionally intuitive and saves our team hours.
RESP-12996,2026-07-05 17:03:07.906048,,Female,Engineering,EMEA,24,6.7,7,4.0,3,"The application works fine, but performance slows down occasionally during peak hours."
RESP-12997,2026-07-26 05:46:07.906048,37.0,Non-Binary,Sales,APAC,23,6.9,8,4.0,4,"Support is fine, but response times could be improved."
RESP-12998,2026-08-25 08:32:07.906048,26.0,Female,Sales,EMEA,20,4.8,7,3.0,4,"Features are acceptable, but pricing seems a bit high for small teams."
RESP-12999,2026-07-10 12:10:07.906048,22.0,Male,Product,North America,7,7.5,6,2.0,5,Terrible experience. Pricing increased without notice and the software is laggy.
RESP-10000,2026-09-07 16:02:07.906048,36.0,Male,Sales,EMEA,31,4.8,3,2.0,7,Billing is a nightmare. I was overcharged twice and customer support was completely unresponsive. More details at https://internal-feedback-100.org/details.
RESP-10001,2026-08-23 08:13:07.906048,44.0,Female,Product,APAC,23,6.9,6,3.0,3,The UI update makes navigation horrible. Features crash constantly on Chrome.
RESP-10002,2026-08-21 19:34:07.906048,31.0,Male,Marketing,North America,5,7.0,7,4.0,4,"The application works fine, but performance slows down occasionally during peak hours."
RESP-10003,2026-06-26 01:00:07.906048,,Male,Customer Support,EMEA,12,5.2,8,4.0,3,The interface is standard. A few bugs here and there.
RESP-10004,2026-06-30 19:42:07.906048,21.0,Female,Engineering,EMEA,16,8.0,8,4.0,2,"The application works fine, but performance slows down occasionally during peak hours. You can reach my direct desk at +1-555-01104 to discuss."
RESP-10005,2026-09-02 01:43:07.906048,47.0,Non-Binary,Engineering,APAC,14,8.7,10,5.0,2,Customer support was very responsive and resolved my billing issue in 10 minutes.
RESP-10006,2026-07-11 21:45:07.906048,42.0,Male,Engineering,LATAM,5,8.1,8,2.0,6,"The application works fine, but performance slows down occasionally during peak hours."
RESP-10007,2026-07-22 22:36:07.906048,18.0,Female,Product,North America,62,6.3,6,4.0,3,Constant downtime and sync errors. Frustrating and unhelpful.
RESP-10008,2026-07-04 00:25:07.906048,63.0,Male,Customer Support,EMEA,35,4.6,7,3.0,4,"Support is fine, but response times could be improved."
RESP-10009,2026-07-08 12:06:07.906048,35.0,Female,Marketing,North America,16,4.3,5,3.0,3,Billing is a nightmare. I was overcharged twice and customer support was completely unresponsive.
